evaluacion_id,evaluador_id,evaluador_nombre,evaluador_rol,evaluado_id,evaluado_nombre,evaluado_rol,evaluado_departamento,tipo_relacion,competencia_id,nombre_competencia,calificacion,comentario,fecha_evaluacion
711,29,Alejandro Ruiz,Maestro,29,Alejandro Ruiz,Maestro,Idiomas,Autoevaluación,2,Comunicación Efectiva,5,"Excelente manejo de sus responsabilidades, supera constantemente las expectativas.",2026-09-21 20:11:53
716,1,Dra. Beatriz Villaseñor,Directivo,29,Alejandro Ruiz,Maestro,Idiomas,Jefe,2,Comunicación Efectiva,4,Muestra compromiso con sus funciones y mantiene buena comunicación.,2026-09-06 20:11:53
721,17,Javier Morales,Maestro,29,Alejandro Ruiz,Maestro,Idiomas,Par,2,Comunicación Efectiva,3,"Desempeño aceptable en sus funciones habituales, dentro del promedio esperado.",2026-09-01 18:11:53
726,25,Guillermo Peña,Maestro,29,Alejandro Ruiz,Maestro,Idiomas,Par,2,Comunicación Efectiva,4,Maneja adecuadamente los grupos y demuestra sólido conocimiento en su área.,2026-09-14 00:11:53
731,30,Lorena Benítez,Maestro,29,Alejandro Ruiz,Maestro,Idiomas,Subordinado,2,Comunicación Efectiva,4,"Muy buen desempeño general, cumple de forma constante con los objetivos.",2026-09-05 23:11:53
712,29,Alejandro Ruiz,Maestro,29,Alejandro Ruiz,Maestro,Idiomas,Autoevaluación,1,Liderazgo,3,"Desempeño aceptable en sus funciones habituales, dentro del promedio esperado.",2026-08-31 19:11:53
717,1,Dra. Beatriz Villaseñor,Directivo,29,Alejandro Ruiz,Maestro,Idiomas,Jefe,1,Liderazgo,3,"Su comunicación es adecuada, pero a veces falta mayor seguimiento a los compromisos.",2026-09-09 23:11:53
722,17,Javier Morales,Maestro,29,Alejandro Ruiz,Maestro,Idiomas,Par,1,Liderazgo,4,Buen trabajo colaborativo con apertura a sugerencias de mejora.,2026-09-22 01:11:53
727,25,Guillermo Peña,Maestro,29,Alejandro Ruiz,Maestro,Idiomas,Par,1,Liderazgo,4,Maneja adecuadamente los grupos y demuestra sólido conocimiento en su área.,2026-09-02 18:11:53
732,30,Lorena Benítez,Maestro,29,Alejandro Ruiz,Maestro,Idiomas,Subordinado,1,Liderazgo,4,"Muy buen desempeño general, cumple de forma constante con los objetivos.",2026-09-24 21:11:53
713,29,Alejandro Ruiz,Maestro,29,Alejandro Ruiz,Maestro,Idiomas,Autoevaluación,3,Pedagogía y Gestión,4,Buen trabajo colaborativo con apertura a sugerencias de mejora.,2026-09-13 17:11:53
718,1,Dra. Beatriz Villaseñor,Directivo,29,Alejandro Ruiz,Maestro,Idiomas,Jefe,3,Pedagogía y Gestión,5,Demuestra un desempeño sobresaliente y es un referente positivo en la institución.,2026-09-05 18:11:53
723,17,Javier Morales,Maestro,29,Alejandro Ruiz,Maestro,Idiomas,Par,3,Pedagogía y Gestión,5,Su aporte y liderazgo son fundamentales para el éxito del equipo.,2026-09-03 17:11:53
728,25,Guillermo Peña,Maestro,29,Alejandro Ruiz,Maestro,Idiomas,Par,3,Pedagogía y Gestión,3,"Desempeño aceptable en sus funciones habituales, dentro del promedio esperado.",2026-08-30 16:11:53
733,30,Lorena Benítez,Maestro,29,Alejandro Ruiz,Maestro,Idiomas,Subordinado,3,Pedagogía y Gestión,4,Entregas oportunas y buena disposición frente a nuevos retos.,2026-09-12 22:11:53
714,29,Alejandro Ruiz,Maestro,29,Alejandro Ruiz,Maestro,Idiomas,Autoevaluación,5,Puntualidad y Compromiso,3,"Generalmente puntual, con oportunidades de optimizar sus tiempos de respuesta.",2026-09-03 00:11:53
719,1,Dra. Beatriz Villaseñor,Directivo,29,Alejandro Ruiz,Maestro,Idiomas,Jefe,5,Puntualidad y Compromiso,3,"Cumple con lo requerido, aunque podría mostrar mayor iniciativa en ciertos proyectos.",2026-09-13 23:11:53
724,17,Javier Morales,Maestro,29,Alejandro Ruiz,Maestro,Idiomas,Par,5,Puntualidad y Compromiso,4,Muestra compromiso con sus funciones y mantiene buena comunicación.,2026-09-10 22:11:53
729,25,Guillermo Peña,Maestro,29,Alejandro Ruiz,Maestro,Idiomas,Par,5,Puntualidad y Compromiso,4,Muestra compromiso con sus funciones y mantiene buena comunicación.,2026-09-05 22:11:53
734,30,Lorena Benítez,Maestro,29,Alejandro Ruiz,Maestro,Idiomas,Subordinado,5,Puntualidad y Compromiso,4,Maneja adecuadamente los grupos y demuestra sólido conocimiento en su área.,2026-09-20 22:11:53
715,29,Alejandro Ruiz,Maestro,29,Alejandro Ruiz,Maestro,Idiomas,Autoevaluación,4,Trabajo en Equipo,4,"Muy buen desempeño general, cumple de forma constante con los objetivos.",2026-09-18 01:11:53
720,1,Dra. Beatriz Villaseñor,Directivo,29,Alejandro Ruiz,Maestro,Idiomas,Jefe,4,Trabajo en Equipo,3,"Desempeño aceptable en sus funciones habituales, dentro del promedio esperado.",2026-09-16 21:11:53
725,17,Javier Morales,Maestro,29,Alejandro Ruiz,Maestro,Idiomas,Par,4,Trabajo en Equipo,3,"Su comunicación es adecuada, pero a veces falta mayor seguimiento a los compromisos.",2026-09-04 16:11:53
730,25,Guillermo Peña,Maestro,29,Alejandro Ruiz,Maestro,Idiomas,Par,4,Trabajo en Equipo,2,Le cuesta trabajo integrarse en actividades colaborativas de su departamento.,2026-09-20 17:11:53
735,30,Lorena Benítez,Maestro,29,Alejandro Ruiz,Maestro,Idiomas,Subordinado,4,Trabajo en Equipo,4,Buen trabajo colaborativo con apertura a sugerencias de mejora.,2026-09-13 18:11:53
286,12,Ana Lucía Torres,Maestro,12,Ana Lucía Torres,Maestro,Ciencias Exactas,Autoevaluación,2,Comunicación Efectiva,4,Buen trabajo colaborativo con apertura a sugerencias de mejora.,2026-09-08 21:11:53
291,2,Dr. Alejandro de la Vega,Directivo,12,Ana Lucía Torres,Maestro,Ciencias Exactas,Jefe,2,Comunicación Efectiva,4,Entregas oportunas y buena disposición frente a nuevos retos.,2026-09-11 22:11:53
296,17,Javier Morales,Maestro,12,Ana Lucía Torres,Maestro,Ciencias Exactas,Par,2,Comunicación Efectiva,4,Entregas oportunas y buena disposición frente a nuevos retos.,2026-09-19 17:11:53
301,14,Elena Rostova,Maestro,12,Ana Lucía Torres,Maestro,Ciencias Exactas,Par,2,Comunicación Efectiva,2,Requiere apoyo de supervisión para estructurar mejor sus prioridades.,2026-09-14 01:11:53
306,13,Roberto Gómez,Maestro,12,Ana Lucía Torres,Maestro,Ciencias Exactas,Subordinado,2,Comunicación Efectiva,3,"Su comunicación es adecuada, pero a veces falta mayor seguimiento a los compromisos.",2026-09-01 17:11:53
287,12,Ana Lucía Torres,Maestro,12,Ana Lucía Torres,Maestro,Ciencias Exactas,Autoevaluación,1,Liderazgo,4,Maneja adecuadamente los grupos y demuestra sólido conocimiento en su área.,2026-09-04 18:11:53
292,2,Dr. Alejandro de la Vega,Directivo,12,Ana Lucía Torres,Maestro,Ciencias Exactas,Jefe,1,Liderazgo,3,"Mantiene un ritmo constante, recomendable reforzar habilidades en esta área.",2026-08-30 21:11:53
297,17,Javier Morales,Maestro,12,Ana Lucía Torres,Maestro,Ciencias Exactas,Par,1,Liderazgo,3,"Su comunicación es adecuada, pero a veces falta mayor seguimiento a los compromisos.",2026-09-10 18:11:53
302,14,Elena Rostova,Maestro,12,Ana Lucía Torres,Maestro,Ciencias Exactas,Par,1,Liderazgo,3,"Generalmente puntual, con oportunidades de optimizar sus tiempos de respuesta.",2026-09-09 21:11:53
307,13,Roberto Gómez,Maestro,12,Ana Lucía Torres,Maestro,Ciencias Exactas,Subordinado,1,Liderazgo,3,"Generalmente puntual, con oportunidades de optimizar sus tiempos de respuesta.",2026-09-24 16:11:53
288,12,Ana Lucía Torres,Maestro,12,Ana Lucía Torres,Maestro,Ciencias Exactas,Autoevaluación,3,Pedagogía y Gestión,4,Maneja adecuadamente los grupos y demuestra sólido conocimiento en su área.,2026-09-16 19:11:53
293,2,Dr. Alejandro de la Vega,Directivo,12,Ana Lucía Torres,Maestro,Ciencias Exactas,Jefe,3,Pedagogía y Gestión,4,Buen trabajo colaborativo con apertura a sugerencias de mejora.,2026-09-01 22:11:53
298,17,Javier Morales,Maestro,12,Ana Lucía Torres,Maestro,Ciencias Exactas,Par,3,Pedagogía y Gestión,3,"Cumple con lo requerido, aunque podría mostrar mayor iniciativa en ciertos proyectos.",2026-09-02 18:11:53
303,14,Elena Rostova,Maestro,12,Ana Lucía Torres,Maestro,Ciencias Exactas,Par,3,Pedagogía y Gestión,3,"Mantiene un ritmo constante, recomendable reforzar habilidades en esta área.",2026-09-19 20:11:53
308,13,Roberto Gómez,Maestro,12,Ana Lucía Torres,Maestro,Ciencias Exactas,Subordinado,3,Pedagogía y Gestión,3,"Generalmente puntual, con oportunidades de optimizar sus tiempos de respuesta.",2026-09-19 19:11:53
289,12,Ana Lucía Torres,Maestro,12,Ana Lucía Torres,Maestro,Ciencias Exactas,Autoevaluación,5,Puntualidad y Compromiso,2,Le cuesta trabajo integrarse en actividades colaborativas de su departamento.,2026-09-01 22:11:53
294,2,Dr. Alejandro de la Vega,Directivo,12,Ana Lucía Torres,Maestro,Ciencias Exactas,Jefe,5,Puntualidad y Compromiso,3,"Cumple con lo requerido, aunque podría mostrar mayor iniciativa en ciertos proyectos.",2026-09-13 01:11:53
299,17,Javier Morales,Maestro,12,Ana Lucía Torres,Maestro,Ciencias Exactas,Par,5,Puntualidad y Compromiso,3,"Cumple con lo requerido, aunque podría mostrar mayor iniciativa en ciertos proyectos.",2026-09-23 17:11:53
304,14,Elena Rostova,Maestro,12,Ana Lucía Torres,Maestro,Ciencias Exactas,Par,5,Puntualidad y Compromiso,3,"Su comunicación es adecuada, pero a veces falta mayor seguimiento a los compromisos.",2026-09-17 16:11:53
309,13,Roberto Gómez,Maestro,12,Ana Lucía Torres,Maestro,Ciencias Exactas,Subordinado,5,Puntualidad y Compromiso,3,"Desempeño aceptable en sus funciones habituales, dentro del promedio esperado.",2026-09-13 17:11:53
290,12,Ana Lucía Torres,Maestro,12,Ana Lucía Torres,Maestro,Ciencias Exactas,Autoevaluación,4,Trabajo en Equipo,3,"Desempeño aceptable en sus funciones habituales, dentro del promedio esperado.",2026-09-12 16:11:53
295,2,Dr. Alejandro de la Vega,Directivo,12,Ana Lucía Torres,Maestro,Ciencias Exactas,Jefe,4,Trabajo en Equipo,4,Buen trabajo colaborativo con apertura a sugerencias de mejora.,2026-09-06 21:11:53
300,17,Javier Morales,Maestro,12,Ana Lucía Torres,Maestro,Ciencias Exactas,Par,4,Trabajo en Equipo,4,Muestra compromiso con sus funciones y mantiene buena comunicación.,2026-09-23 23:11:53
305,14,Elena Rostova,Maestro,12,Ana Lucía Torres,Maestro,Ciencias Exactas,Par,4,Trabajo en Equipo,3,"Mantiene un ritmo constante, recomendable reforzar habilidades en esta área.",2026-09-13 16:11:53
310,13,Roberto Gómez,Maestro,12,Ana Lucía Torres,Maestro,Ciencias Exactas,Subordinado,4,Trabajo en Equipo,3,"Su comunicación es adecuada, pero a veces falta mayor seguimiento a los compromisos.",2026-09-21 17:11:53
161,7,Andrés Molina,Administrativo,7,Andrés Molina,Administrativo,Recursos Humanos,Autoevaluación,2,Comunicación Efectiva,4,Maneja adecuadamente los grupos y demuestra sólido conocimiento en su área.,2026-09-08 16:11:53
166,1,Dra. Beatriz Villaseñor,Directivo,7,Andrés Molina,Administrativo,Recursos Humanos,Jefe,2,Comunicación Efectiva,4,Buen trabajo colaborativo con apertura a sugerencias de mejora.,2026-09-19 01:11:53
171,8,Pilar Fernández,Administrativo,7,Andrés Molina,Administrativo,Recursos Humanos,Par,2,Comunicación Efectiva,5,Su aporte y liderazgo son fundamentales para el éxito del equipo.,2026-09-17 16:11:53
176,3,Ricardo Palacios,Administrativo,7,Andrés Molina,Administrativo,Recursos Humanos,Par,2,Comunicación Efectiva,5,Gran capacidad resolutiva y trato sumamente profesional con todos.,2026-09-21 23:11:53
181,12,Ana Lucía Torres,Maestro,7,Andrés Molina,Administrativo,Recursos Humanos,Subordinado,2,Comunicación Efectiva,4,Maneja adecuadamente los grupos y demuestra sólido conocimiento en su área.,2026-09-23 16:11:53
162,7,Andrés Molina,Administrativo,7,Andrés Molina,Administrativo,Recursos Humanos,Autoevaluación,1,Liderazgo,5,"Excelente manejo de sus responsabilidades, supera constantemente las expectativas.",2026-09-08 20:11:53
167,1,Dra. Beatriz Villaseñor,Directivo,7,Andrés Molina,Administrativo,Recursos Humanos,Jefe,1,Liderazgo,4,Buen trabajo colaborativo con apertura a sugerencias de mejora.,2026-09-21 22:11:53
172,8,Pilar Fernández,Administrativo,7,Andrés Molina,Administrativo,Recursos Humanos,Par,1,Liderazgo,5,"Excelente manejo de sus responsabilidades, supera constantemente las expectativas.",2026-09-15 00:11:53
177,3,Ricardo Palacios,Administrativo,7,Andrés Molina,Administrativo,Recursos Humanos,Par,1,Liderazgo,4,Entregas oportunas y buena disposición frente a nuevos retos.,2026-08-31 23:11:53
182,12,Ana Lucía Torres,Maestro,7,Andrés Molina,Administrativo,Recursos Humanos,Subordinado,1,Liderazgo,5,Puntualidad impecable y actitud ejemplar en todas sus actividades.,2026-09-03 20:11:53
163,7,Andrés Molina,Administrativo,7,Andrés Molina,Administrativo,Recursos Humanos,Autoevaluación,3,Pedagogía y Gestión,5,"Excelente manejo de sus responsabilidades, supera constantemente las expectativas.",2026-09-08 01:11:53
168,1,Dra. Beatriz Villaseñor,Directivo,7,Andrés Molina,Administrativo,Recursos Humanos,Jefe,3,Pedagogía y Gestión,5,Puntualidad impecable y actitud ejemplar en todas sus actividades.,2026-09-16 23:11:53
173,8,Pilar Fernández,Administrativo,7,Andrés Molina,Administrativo,Recursos Humanos,Par,3,Pedagogía y Gestión,4,Muestra compromiso con sus funciones y mantiene buena comunicación.,2026-09-17 22:11:53
178,3,Ricardo Palacios,Administrativo,7,Andrés Molina,Administrativo,Recursos Humanos,Par,3,Pedagogía y Gestión,5,Demuestra un desempeño sobresaliente y es un referente positivo en la institución.,2026-09-09 20:11:53
183,12,Ana Lucía Torres,Maestro,7,Andrés Molina,Administrativo,Recursos Humanos,Subordinado,3,Pedagogía y Gestión,5,Puntualidad impecable y actitud ejemplar en todas sus actividades.,2026-09-24 19:11:53
164,7,Andrés Molina,Administrativo,7,Andrés Molina,Administrativo,Recursos Humanos,Autoevaluación,5,Puntualidad y Compromiso,4,Muestra compromiso con sus funciones y mantiene buena comunicación.,2026-09-12 17:11:53
169,1,Dra. Beatriz Villaseñor,Directivo,7,Andrés Molina,Administrativo,Recursos Humanos,Jefe,5,Puntualidad y Compromiso,4,Buen trabajo colaborativo con apertura a sugerencias de mejora.,2026-09-18 20:11:53
174,8,Pilar Fernández,Administrativo,7,Andrés Molina,Administrativo,Recursos Humanos,Par,5,Puntualidad y Compromiso,4,Maneja adecuadamente los grupos y demuestra sólido conocimiento en su área.,2026-09-01 23:11:53
179,3,Ricardo Palacios,Administrativo,7,Andrés Molina,Administrativo,Recursos Humanos,Par,5,Puntualidad y Compromiso,4,Maneja adecuadamente los grupos y demuestra sólido conocimiento en su área.,2026-09-15 16:11:53
184,12,Ana Lucía Torres,Maestro,7,Andrés Molina,Administrativo,Recursos Humanos,Subordinado,5,Puntualidad y Compromiso,5,Su aporte y liderazgo son fundamentales para el éxito del equipo.,2026-09-16 16:11:53
165,7,Andrés Molina,Administrativo,7,Andrés Molina,Administrativo,Recursos Humanos,Autoevaluación,4,Trabajo en Equipo,4,Buen trabajo colaborativo con apertura a sugerencias de mejora.,2026-09-03 17:11:53
170,1,Dra. Beatriz Villaseñor,Directivo,7,Andrés Molina,Administrativo,Recursos Humanos,Jefe,4,Trabajo en Equipo,4,Muestra compromiso con sus funciones y mantiene buena comunicación.,2026-09-21 01:11:53
175,8,Pilar Fernández,Administrativo,7,Andrés Molina,Administrativo,Recursos Humanos,Par,4,Trabajo en Equipo,4,"Muy buen desempeño general, cumple de forma constante con los objetivos.",2026-09-04 21:11:53
180,3,Ricardo Palacios,Administrativo,7,Andrés Molina,Administrativo,Recursos Humanos,Par,4,Trabajo en Equipo,5,Puntualidad impecable y actitud ejemplar en todas sus actividades.,2026-09-13 22:11:53
185,12,Ana Lucía Torres,Maestro,7,Andrés Molina,Administrativo,Recursos Humanos,Subordinado,4,Trabajo en Equipo,5,Demuestra un desempeño sobresaliente y es un referente positivo en la institución.,2026-09-13 17:11:53
536,22,Beatriz Vargas,Maestro,22,Beatriz Vargas,Maestro,Ciencias Exactas,Autoevaluación,2,Comunicación Efectiva,3,"Mantiene un ritmo constante, recomendable reforzar habilidades en esta área.",2026-09-03 19:11:53
541,2,Dr. Alejandro de la Vega,Directivo,22,Beatriz Vargas,Maestro,Ciencias Exactas,Jefe,2,Comunicación Efectiva,3,"Su comunicación es adecuada, pero a veces falta mayor seguimiento a los compromisos.",2026-08-31 00:11:53
546,20,Valeria Ríos,Maestro,22,Beatriz Vargas,Maestro,Ciencias Exactas,Par,2,Comunicación Efectiva,3,"Desempeño aceptable en sus funciones habituales, dentro del promedio esperado.",2026-09-01 22:11:53
551,13,Roberto Gómez,Maestro,22,Beatriz Vargas,Maestro,Ciencias Exactas,Par,2,Comunicación Efectiva,4,Entregas oportunas y buena disposición frente a nuevos retos.,2026-09-14 20:11:53
556,16,Sofía Hernández,Maestro,22,Beatriz Vargas,Maestro,Ciencias Exactas,Subordinado,2,Comunicación Efectiva,5,Puntualidad impecable y actitud ejemplar en todas sus actividades.,2026-09-12 00:11:53
537,22,Beatriz Vargas,Maestro,22,Beatriz Vargas,Maestro,Ciencias Exactas,Autoevaluación,1,Liderazgo,4,Muestra compromiso con sus funciones y mantiene buena comunicación.,2026-09-15 23:11:53
542,2,Dr. Alejandro de la Vega,Directivo,22,Beatriz Vargas,Maestro,Ciencias Exactas,Jefe,1,Liderazgo,4,Maneja adecuadamente los grupos y demuestra sólido conocimiento en su área.,2026-09-24 18:11:53
547,20,Valeria Ríos,Maestro,22,Beatriz Vargas,Maestro,Ciencias Exactas,Par,1,Liderazgo,3,"Desempeño aceptable en sus funciones habituales, dentro del promedio esperado.",2026-09-19 16:11:53
552,13,Roberto Gómez,Maestro,22,Beatriz Vargas,Maestro,Ciencias Exactas,Par,1,Liderazgo,5,Demuestra un desempeño sobresaliente y es un referente positivo en la institución.,2026-09-01 20:11:53
557,16,Sofía Hernández,Maestro,22,Beatriz Vargas,Maestro,Ciencias Exactas,Subordinado,1,Liderazgo,4,"Muy buen desempeño general, cumple de forma constante con los objetivos.",2026-09-15 21:11:53
538,22,Beatriz Vargas,Maestro,22,Beatriz Vargas,Maestro,Ciencias Exactas,Autoevaluación,3,Pedagogía y Gestión,4,Buen trabajo colaborativo con apertura a sugerencias de mejora.,2026-09-01 01:11:53
543,2,Dr. Alejandro de la Vega,Directivo,22,Beatriz Vargas,Maestro,Ciencias Exactas,Jefe,3,Pedagogía y Gestión,4,Muestra compromiso con sus funciones y mantiene buena comunicación.,2026-09-19 00:11:53
548,20,Valeria Ríos,Maestro,22,Beatriz Vargas,Maestro,Ciencias Exactas,Par,3,Pedagogía y Gestión,4,Muestra compromiso con sus funciones y mantiene buena comunicación.,2026-09-01 23:11:53
553,13,Roberto Gómez,Maestro,22,Beatriz Vargas,Maestro,Ciencias Exactas,Par,3,Pedagogía y Gestión,4,"Muy buen desempeño general, cumple de forma constante con los objetivos.",2026-09-04 21:11:53
558,16,Sofía Hernández,Maestro,22,Beatriz Vargas,Maestro,Ciencias Exactas,Subordinado,3,Pedagogía y Gestión,3,"Mantiene un ritmo constante, recomendable reforzar habilidades en esta área.",2026-09-06 17:11:53
539,22,Beatriz Vargas,Maestro,22,Beatriz Vargas,Maestro,Ciencias Exactas,Autoevaluación,5,Puntualidad y Compromiso,2,Es necesario mejorar la claridad en la transmisión de instrucciones o reportes.,2026-09-20 23:11:53
544,2,Dr. Alejandro de la Vega,Directivo,22,Beatriz Vargas,Maestro,Ciencias Exactas,Jefe,5,Puntualidad y Compromiso,4,Buen trabajo colaborativo con apertura a sugerencias de mejora.,2026-09-07 22:11:53
549,20,Valeria Ríos,Maestro,22,Beatriz Vargas,Maestro,Ciencias Exactas,Par,5,Puntualidad y Compromiso,4,Buen trabajo colaborativo con apertura a sugerencias de mejora.,2026-09-17 17:11:53
554,13,Roberto Gómez,Maestro,22,Beatriz Vargas,Maestro,Ciencias Exactas,Par,5,Puntualidad y Compromiso,3,"Desempeño aceptable en sus funciones habituales, dentro del promedio esperado.",2026-09-06 01:11:53
559,16,Sofía Hernández,Maestro,22,Beatriz Vargas,Maestro,Ciencias Exactas,Subordinado,5,Puntualidad y Compromiso,4,Maneja adecuadamente los grupos y demuestra sólido conocimiento en su área.,2026-09-23 21:11:53
540,22,Beatriz Vargas,Maestro,22,Beatriz Vargas,Maestro,Ciencias Exactas,Autoevaluación,4,Trabajo en Equipo,2,Requiere fortalecer esta competencia para alcanzar el estándar de la institución.,2026-08-31 00:11:53
545,2,Dr. Alejandro de la Vega,Directivo,22,Beatriz Vargas,Maestro,Ciencias Exactas,Jefe,4,Trabajo en Equipo,4,Muestra compromiso con sus funciones y mantiene buena comunicación.,2026-09-21 19:11:53
550,20,Valeria Ríos,Maestro,22,Beatriz Vargas,Maestro,Ciencias Exactas,Par,4,Trabajo en Equipo,3,"Generalmente puntual, con oportunidades de optimizar sus tiempos de respuesta.",2026-08-31 19:11:53
555,13,Roberto Gómez,Maestro,22,Beatriz Vargas,Maestro,Ciencias Exactas,Par,4,Trabajo en Equipo,4,Maneja adecuadamente los grupos y demuestra sólido conocimiento en su área.,2026-09-01 20:11:53
560,16,Sofía Hernández,Maestro,22,Beatriz Vargas,Maestro,Ciencias Exactas,Subordinado,4,Trabajo en Equipo,2,Le cuesta trabajo integrarse en actividades colaborativas de su departamento.,2026-09-24 23:11:53
261,11,Carlos Mendoza,Maestro,11,Carlos Mendoza,Maestro,Matemáticas,Autoevaluación,2,Comunicación Efectiva,5,Gran capacidad resolutiva y trato sumamente profesional con todos.,2026-09-11 22:11:53
266,1,Dra. Beatriz Villaseñor,Directivo,11,Carlos Mendoza,Maestro,Matemáticas,Jefe,2,Comunicación Efectiva,5,Puntualidad impecable y actitud ejemplar en todas sus actividades.,2026-09-16 21:11:53
271,20,Valeria Ríos,Maestro,11,Carlos Mendoza,Maestro,Matemáticas,Par,2,Comunicación Efectiva,5,Puntualidad impecable y actitud ejemplar en todas sus actividades.,2026-09-19 00:11:53
276,19,Gabriel Castro,Maestro,11,Carlos Mendoza,Maestro,Matemáticas,Par,2,Comunicación Efectiva,4,"Muy buen desempeño general, cumple de forma constante con los objetivos.",2026-09-23 00:11:53
281,13,Roberto Gómez,Maestro,11,Carlos Mendoza,Maestro,Matemáticas,Subordinado,2,Comunicación Efectiva,5,Gran capacidad resolutiva y trato sumamente profesional con todos.,2026-09-18 23:11:53
262,11,Carlos Mendoza,Maestro,11,Carlos Mendoza,Maestro,Matemáticas,Autoevaluación,1,Liderazgo,5,Demuestra un desempeño sobresaliente y es un referente positivo en la institución.,2026-09-09 22:11:53
267,1,Dra. Beatriz Villaseñor,Directivo,11,Carlos Mendoza,Maestro,Matemáticas,Jefe,1,Liderazgo,4,Maneja adecuadamente los grupos y demuestra sólido conocimiento en su área.,2026-09-22 16:11:53
272,20,Valeria Ríos,Maestro,11,Carlos Mendoza,Maestro,Matemáticas,Par,1,Liderazgo,4,"Muy buen desempeño general, cumple de forma constante con los objetivos.",2026-09-18 20:11:53
277,19,Gabriel Castro,Maestro,11,Carlos Mendoza,Maestro,Matemáticas,Par,1,Liderazgo,5,Su aporte y liderazgo son fundamentales para el éxito del equipo.,2026-09-04 21:11:53
282,13,Roberto Gómez,Maestro,11,Carlos Mendoza,Maestro,Matemáticas,Subordinado,1,Liderazgo,5,"Excelente manejo de sus responsabilidades, supera constantemente las expectativas.",2026-09-24 00:11:53
263,11,Carlos Mendoza,Maestro,11,Carlos Mendoza,Maestro,Matemáticas,Autoevaluación,3,Pedagogía y Gestión,5,"Excelente manejo de sus responsabilidades, supera constantemente las expectativas.",2026-09-20 23:11:53
268,1,Dra. Beatriz Villaseñor,Directivo,11,Carlos Mendoza,Maestro,Matemáticas,Jefe,3,Pedagogía y Gestión,5,Puntualidad impecable y actitud ejemplar en todas sus actividades.,2026-09-08 21:11:53
273,20,Valeria Ríos,Maestro,11,Carlos Mendoza,Maestro,Matemáticas,Par,3,Pedagogía y Gestión,5,Su aporte y liderazgo son fundamentales para el éxito del equipo.,2026-09-09 21:11:53
278,19,Gabriel Castro,Maestro,11,Carlos Mendoza,Maestro,Matemáticas,Par,3,Pedagogía y Gestión,5,Su aporte y liderazgo son fundamentales para el éxito del equipo.,2026-09-22 21:11:53
283,13,Roberto Gómez,Maestro,11,Carlos Mendoza,Maestro,Matemáticas,Subordinado,3,Pedagogía y Gestión,4,Entregas oportunas y buena disposición frente a nuevos retos.,2026-09-15 00:11:53
264,11,Carlos Mendoza,Maestro,11,Carlos Mendoza,Maestro,Matemáticas,Autoevaluación,5,Puntualidad y Compromiso,5,Demuestra un desempeño sobresaliente y es un referente positivo en la institución.,2026-09-01 17:11:53
269,1,Dra. Beatriz Villaseñor,Directivo,11,Carlos Mendoza,Maestro,Matemáticas,Jefe,5,Puntualidad y Compromiso,4,Maneja adecuadamente los grupos y demuestra sólido conocimiento en su área.,2026-09-06 17:11:53
274,20,Valeria Ríos,Maestro,11,Carlos Mendoza,Maestro,Matemáticas,Par,5,Puntualidad y Compromiso,5,Demuestra un desempeño sobresaliente y es un referente positivo en la institución.,2026-09-04 18:11:53
279,19,Gabriel Castro,Maestro,11,Carlos Mendoza,Maestro,Matemáticas,Par,5,Puntualidad y Compromiso,5,Demuestra un desempeño sobresaliente y es un referente positivo en la institución.,2026-08-31 18:11:53
284,13,Roberto Gómez,Maestro,11,Carlos Mendoza,Maestro,Matemáticas,Subordinado,5,Puntualidad y Compromiso,5,Demuestra un desempeño sobresaliente y es un referente positivo en la institución.,2026-09-06 22:11:53
265,11,Carlos Mendoza,Maestro,11,Carlos Mendoza,Maestro,Matemáticas,Autoevaluación,4,Trabajo en Equipo,5,Su aporte y liderazgo son fundamentales para el éxito del equipo.,2026-09-24 18:11:53
270,1,Dra. Beatriz Villaseñor,Directivo,11,Carlos Mendoza,Maestro,Matemáticas,Jefe,4,Trabajo en Equipo,5,Puntualidad impecable y actitud ejemplar en todas sus actividades.,2026-09-10 17:11:53
275,20,Valeria Ríos,Maestro,11,Carlos Mendoza,Maestro,Matemáticas,Par,4,Trabajo en Equipo,4,Muestra compromiso con sus funciones y mantiene buena comunicación.,2026-09-22 16:11:53
280,19,Gabriel Castro,Maestro,11,Carlos Mendoza,Maestro,Matemáticas,Par,4,Trabajo en Equipo,4,Muestra compromiso con sus funciones y mantiene buena comunicación.,2026-09-24 01:11:53
285,13,Roberto Gómez,Maestro,11,Carlos Mendoza,Maestro,Matemáticas,Subordinado,4,Trabajo en Equipo,5,"Excelente manejo de sus responsabilidades, supera constantemente las expectativas.",2026-09-23 18:11:53
586,24,Carmen Delgado,Maestro,24,Carmen Delgado,Maestro,Idiomas,Autoevaluación,2,Comunicación Efectiva,5,"Excelente manejo de sus responsabilidades, supera constantemente las expectativas.",2026-09-13 20:11:53
591,2,Dr. Alejandro de la Vega,Directivo,24,Carmen Delgado,Maestro,Idiomas,Jefe,2,Comunicación Efectiva,3,"Mantiene un ritmo constante, recomendable reforzar habilidades en esta área.",2026-09-16 16:11:53
596,14,Elena Rostova,Maestro,24,Carmen Delgado,Maestro,Idiomas,Par,2,Comunicación Efectiva,4,"Muy buen desempeño general, cumple de forma constante con los objetivos.",2026-09-07 19:11:53
601,11,Carlos Mendoza,Maestro,24,Carmen Delgado,Maestro,Idiomas,Par,2,Comunicación Efectiva,4,"Muy buen desempeño general, cumple de forma constante con los objetivos.",2026-09-02 18:11:53
606,4,Claudia Ramírez,Administrativo,24,Carmen Delgado,Maestro,Idiomas,Subordinado,2,Comunicación Efectiva,5,"Excelente manejo de sus responsabilidades, supera constantemente las expectativas.",2026-09-22 19:11:53
587,24,Carmen Delgado,Maestro,24,Carmen Delgado,Maestro,Idiomas,Autoevaluación,1,Liderazgo,5,Gran capacidad resolutiva y trato sumamente profesional con todos.,2026-09-20 23:11:53
592,2,Dr. Alejandro de la Vega,Directivo,24,Carmen Delgado,Maestro,Idiomas,Jefe,1,Liderazgo,5,Su aporte y liderazgo son fundamentales para el éxito del equipo.,2026-09-22 00:11:53
597,14,Elena Rostova,Maestro,24,Carmen Delgado,Maestro,Idiomas,Par,1,Liderazgo,4,Entregas oportunas y buena disposición frente a nuevos retos.,2026-09-22 01:11:53
602,11,Carlos Mendoza,Maestro,24,Carmen Delgado,Maestro,Idiomas,Par,1,Liderazgo,5,Su aporte y liderazgo son fundamentales para el éxito del equipo.,2026-09-08 21:11:53
607,4,Claudia Ramírez,Administrativo,24,Carmen Delgado,Maestro,Idiomas,Subordinado,1,Liderazgo,4,Maneja adecuadamente los grupos y demuestra sólido conocimiento en su área.,2026-09-13 19:11:53
588,24,Carmen Delgado,Maestro,24,Carmen Delgado,Maestro,Idiomas,Autoevaluación,3,Pedagogía y Gestión,5,"Excelente manejo de sus responsabilidades, supera constantemente las expectativas.",2026-09-19 20:11:53
593,2,Dr. Alejandro de la Vega,Directivo,24,Carmen Delgado,Maestro,Idiomas,Jefe,3,Pedagogía y Gestión,5,"Excelente manejo de sus responsabilidades, supera constantemente las expectativas.",2026-09-20 21:11:53
598,14,Elena Rostova,Maestro,24,Carmen Delgado,Maestro,Idiomas,Par,3,Pedagogía y Gestión,5,"Excelente manejo de sus responsabilidades, supera constantemente las expectativas.",2026-09-13 21:11:53
603,11,Carlos Mendoza,Maestro,24,Carmen Delgado,Maestro,Idiomas,Par,3,Pedagogía y Gestión,4,Maneja adecuadamente los grupos y demuestra sólido conocimiento en su área.,2026-09-10 23:11:53
608,4,Claudia Ramírez,Administrativo,24,Carmen Delgado,Maestro,Idiomas,Subordinado,3,Pedagogía y Gestión,5,"Excelente manejo de sus responsabilidades, supera constantemente las expectativas.",2026-09-04 22:11:53
589,24,Carmen Delgado,Maestro,24,Carmen Delgado,Maestro,Idiomas,Autoevaluación,5,Puntualidad y Compromiso,5,Gran capacidad resolutiva y trato sumamente profesional con todos.,2026-09-24 22:11:53
594,2,Dr. Alejandro de la Vega,Directivo,24,Carmen Delgado,Maestro,Idiomas,Jefe,5,Puntualidad y Compromiso,5,Puntualidad impecable y actitud ejemplar en todas sus actividades.,2026-09-01 01:11:53
599,14,Elena Rostova,Maestro,24,Carmen Delgado,Maestro,Idiomas,Par,5,Puntualidad y Compromiso,4,Entregas oportunas y buena disposición frente a nuevos retos.,2026-09-22 00:11:53
604,11,Carlos Mendoza,Maestro,24,Carmen Delgado,Maestro,Idiomas,Par,5,Puntualidad y Compromiso,5,Demuestra un desempeño sobresaliente y es un referente positivo en la institución.,2026-09-13 23:11:53
609,4,Claudia Ramírez,Administrativo,24,Carmen Delgado,Maestro,Idiomas,Subordinado,5,Puntualidad y Compromiso,5,Gran capacidad resolutiva y trato sumamente profesional con todos.,2026-09-17 22:11:53
590,24,Carmen Delgado,Maestro,24,Carmen Delgado,Maestro,Idiomas,Autoevaluación,4,Trabajo en Equipo,5,Demuestra un desempeño sobresaliente y es un referente positivo en la institución.,2026-09-14 01:11:53
595,2,Dr. Alejandro de la Vega,Directivo,24,Carmen Delgado,Maestro,Idiomas,Jefe,4,Trabajo en Equipo,5,Su aporte y liderazgo son fundamentales para el éxito del equipo.,2026-09-24 22:11:53
600,14,Elena Rostova,Maestro,24,Carmen Delgado,Maestro,Idiomas,Par,4,Trabajo en Equipo,5,"Excelente manejo de sus responsabilidades, supera constantemente las expectativas.",2026-09-10 16:11:53
605,11,Carlos Mendoza,Maestro,24,Carmen Delgado,Maestro,Idiomas,Par,4,Trabajo en Equipo,4,"Muy buen desempeño general, cumple de forma constante con los objetivos.",2026-08-30 21:11:53
610,4,Claudia Ramírez,Administrativo,24,Carmen Delgado,Maestro,Idiomas,Subordinado,4,Trabajo en Equipo,3,"Cumple con lo requerido, aunque podría mostrar mayor iniciativa en ciertos proyectos.",2026-09-05 20:11:53
86,4,Claudia Ramírez,Administrativo,4,Claudia Ramírez,Administrativo,Servicios Escolares,Autoevaluación,2,Comunicación Efectiva,3,"Su comunicación es adecuada, pero a veces falta mayor seguimiento a los compromisos.",2026-09-06 19:11:53
91,1,Dra. Beatriz Villaseñor,Directivo,4,Claudia Ramírez,Administrativo,Servicios Escolares,Jefe,2,Comunicación Efectiva,4,Entregas oportunas y buena disposición frente a nuevos retos.,2026-09-13 16:11:53
96,10,Teresa Campos,Administrativo,4,Claudia Ramírez,Administrativo,Servicios Escolares,Par,2,Comunicación Efectiva,5,Su aporte y liderazgo son fundamentales para el éxito del equipo.,2026-09-24 00:11:53
101,9,Gonzalo Ibáñez,Administrativo,4,Claudia Ramírez,Administrativo,Servicios Escolares,Par,2,Comunicación Efectiva,4,Maneja adecuadamente los grupos y demuestra sólido conocimiento en su área.,2026-09-10 00:11:53
106,7,Andrés Molina,Administrativo,4,Claudia Ramírez,Administrativo,Servicios Escolares,Subordinado,2,Comunicación Efectiva,4,Entregas oportunas y buena disposición frente a nuevos retos.,2026-09-06 23:11:53
87,4,Claudia Ramírez,Administrativo,4,Claudia Ramírez,Administrativo,Servicios Escolares,Autoevaluación,1,Liderazgo,4,Maneja adecuadamente los grupos y demuestra sólido conocimiento en su área.,2026-09-18 17:11:53
92,1,Dra. Beatriz Villaseñor,Directivo,4,Claudia Ramírez,Administrativo,Servicios Escolares,Jefe,1,Liderazgo,5,Demuestra un desempeño sobresaliente y es un referente positivo en la institución.,2026-09-13 18:11:53
97,10,Teresa Campos,Administrativo,4,Claudia Ramírez,Administrativo,Servicios Escolares,Par,1,Liderazgo,4,Maneja adecuadamente los grupos y demuestra sólido conocimiento en su área.,2026-09-01 20:11:53
102,9,Gonzalo Ibáñez,Administrativo,4,Claudia Ramírez,Administrativo,Servicios Escolares,Par,1,Liderazgo,4,Maneja adecuadamente los grupos y demuestra sólido conocimiento en su área.,2026-09-12 16:11:53
107,7,Andrés Molina,Administrativo,4,Claudia Ramírez,Administrativo,Servicios Escolares,Subordinado,1,Liderazgo,4,Buen trabajo colaborativo con apertura a sugerencias de mejora.,2026-09-20 22:11:53
88,4,Claudia Ramírez,Administrativo,4,Claudia Ramírez,Administrativo,Servicios Escolares,Autoevaluación,3,Pedagogía y Gestión,4,Maneja adecuadamente los grupos y demuestra sólido conocimiento en su área.,2026-09-13 01:11:53
93,1,Dra. Beatriz Villaseñor,Directivo,4,Claudia Ramírez,Administrativo,Servicios Escolares,Jefe,3,Pedagogía y Gestión,3,"Generalmente puntual, con oportunidades de optimizar sus tiempos de respuesta.",2026-09-09 23:11:53
98,10,Teresa Campos,Administrativo,4,Claudia Ramírez,Administrativo,Servicios Escolares,Par,3,Pedagogía y Gestión,4,Muestra compromiso con sus funciones y mantiene buena comunicación.,2026-09-07 21:11:53
103,9,Gonzalo Ibáñez,Administrativo,4,Claudia Ramírez,Administrativo,Servicios Escolares,Par,3,Pedagogía y Gestión,4,Entregas oportunas y buena disposición frente a nuevos retos.,2026-09-21 16:11:53
108,7,Andrés Molina,Administrativo,4,Claudia Ramírez,Administrativo,Servicios Escolares,Subordinado,3,Pedagogía y Gestión,4,Maneja adecuadamente los grupos y demuestra sólido conocimiento en su área.,2026-09-04 01:11:53
89,4,Claudia Ramírez,Administrativo,4,Claudia Ramírez,Administrativo,Servicios Escolares,Autoevaluación,5,Puntualidad y Compromiso,4,Maneja adecuadamente los grupos y demuestra sólido conocimiento en su área.,2026-09-11 19:11:53
94,1,Dra. Beatriz Villaseñor,Directivo,4,Claudia Ramírez,Administrativo,Servicios Escolares,Jefe,5,Puntualidad y Compromiso,3,"Generalmente puntual, con oportunidades de optimizar sus tiempos de respuesta.",2026-09-13 00:11:53
99,10,Teresa Campos,Administrativo,4,Claudia Ramírez,Administrativo,Servicios Escolares,Par,5,Puntualidad y Compromiso,4,Muestra compromiso con sus funciones y mantiene buena comunicación.,2026-09-03 19:11:53
104,9,Gonzalo Ibáñez,Administrativo,4,Claudia Ramírez,Administrativo,Servicios Escolares,Par,5,Puntualidad y Compromiso,5,Puntualidad impecable y actitud ejemplar en todas sus actividades.,2026-09-11 23:11:53
109,7,Andrés Molina,Administrativo,4,Claudia Ramírez,Administrativo,Servicios Escolares,Subordinado,5,Puntualidad y Compromiso,5,Demuestra un desempeño sobresaliente y es un referente positivo en la institución.,2026-09-01 22:11:53
90,4,Claudia Ramírez,Administrativo,4,Claudia Ramírez,Administrativo,Servicios Escolares,Autoevaluación,4,Trabajo en Equipo,5,"Excelente manejo de sus responsabilidades, supera constantemente las expectativas.",2026-09-19 16:11:53
95,1,Dra. Beatriz Villaseñor,Directivo,4,Claudia Ramírez,Administrativo,Servicios Escolares,Jefe,4,Trabajo en Equipo,5,Gran capacidad resolutiva y trato sumamente profesional con todos.,2026-09-07 19:11:53
100,10,Teresa Campos,Administrativo,4,Claudia Ramírez,Administrativo,Servicios Escolares,Par,4,Trabajo en Equipo,5,Gran capacidad resolutiva y trato sumamente profesional con todos.,2026-09-21 18:11:53
105,9,Gonzalo Ibáñez,Administrativo,4,Claudia Ramírez,Administrativo,Servicios Escolares,Par,4,Trabajo en Equipo,5,Gran capacidad resolutiva y trato sumamente profesional con todos.,2026-09-13 00:11:53
110,7,Andrés Molina,Administrativo,4,Claudia Ramírez,Administrativo,Servicios Escolares,Subordinado,4,Trabajo en Equipo,3,"Mantiene un ritmo constante, recomendable reforzar habilidades en esta área.",2026-09-04 16:11:53
561,23,Diego Navarro,Maestro,23,Diego Navarro,Maestro,Humanidades,Autoevaluación,2,Comunicación Efectiva,4,Maneja adecuadamente los grupos y demuestra sólido conocimiento en su área.,2026-09-12 18:11:53
566,2,Dr. Alejandro de la Vega,Directivo,23,Diego Navarro,Maestro,Humanidades,Jefe,2,Comunicación Efectiva,5,Demuestra un desempeño sobresaliente y es un referente positivo en la institución.,2026-08-30 20:11:53
571,24,Carmen Delgado,Maestro,23,Diego Navarro,Maestro,Humanidades,Par,2,Comunicación Efectiva,4,Muestra compromiso con sus funciones y mantiene buena comunicación.,2026-09-18 00:11:53
576,13,Roberto Gómez,Maestro,23,Diego Navarro,Maestro,Humanidades,Par,2,Comunicación Efectiva,5,"Excelente manejo de sus responsabilidades, supera constantemente las expectativas.",2026-09-22 23:11:53
581,15,Fernando Silva,Maestro,23,Diego Navarro,Maestro,Humanidades,Subordinado,2,Comunicación Efectiva,4,Maneja adecuadamente los grupos y demuestra sólido conocimiento en su área.,2026-09-09 18:11:53
562,23,Diego Navarro,Maestro,23,Diego Navarro,Maestro,Humanidades,Autoevaluación,1,Liderazgo,4,Entregas oportunas y buena disposición frente a nuevos retos.,2026-09-20 22:11:53
567,2,Dr. Alejandro de la Vega,Directivo,23,Diego Navarro,Maestro,Humanidades,Jefe,1,Liderazgo,4,"Muy buen desempeño general, cumple de forma constante con los objetivos.",2026-09-04 22:11:53
572,24,Carmen Delgado,Maestro,23,Diego Navarro,Maestro,Humanidades,Par,1,Liderazgo,4,Muestra compromiso con sus funciones y mantiene buena comunicación.,2026-09-20 22:11:53
577,13,Roberto Gómez,Maestro,23,Diego Navarro,Maestro,Humanidades,Par,1,Liderazgo,4,"Muy buen desempeño general, cumple de forma constante con los objetivos.",2026-09-03 20:11:53
582,15,Fernando Silva,Maestro,23,Diego Navarro,Maestro,Humanidades,Subordinado,1,Liderazgo,4,Buen trabajo colaborativo con apertura a sugerencias de mejora.,2026-09-08 23:11:53
563,23,Diego Navarro,Maestro,23,Diego Navarro,Maestro,Humanidades,Autoevaluación,3,Pedagogía y Gestión,5,"Excelente manejo de sus responsabilidades, supera constantemente las expectativas.",2026-09-21 17:11:53
568,2,Dr. Alejandro de la Vega,Directivo,23,Diego Navarro,Maestro,Humanidades,Jefe,3,Pedagogía y Gestión,4,Entregas oportunas y buena disposición frente a nuevos retos.,2026-09-15 22:11:53
573,24,Carmen Delgado,Maestro,23,Diego Navarro,Maestro,Humanidades,Par,3,Pedagogía y Gestión,5,Su aporte y liderazgo son fundamentales para el éxito del equipo.,2026-09-14 18:11:53
578,13,Roberto Gómez,Maestro,23,Diego Navarro,Maestro,Humanidades,Par,3,Pedagogía y Gestión,4,"Muy buen desempeño general, cumple de forma constante con los objetivos.",2026-09-11 21:11:53
583,15,Fernando Silva,Maestro,23,Diego Navarro,Maestro,Humanidades,Subordinado,3,Pedagogía y Gestión,5,Su aporte y liderazgo son fundamentales para el éxito del equipo.,2026-09-24 22:11:53
564,23,Diego Navarro,Maestro,23,Diego Navarro,Maestro,Humanidades,Autoevaluación,5,Puntualidad y Compromiso,5,Demuestra un desempeño sobresaliente y es un referente positivo en la institución.,2026-09-07 18:11:53
569,2,Dr. Alejandro de la Vega,Directivo,23,Diego Navarro,Maestro,Humanidades,Jefe,5,Puntualidad y Compromiso,5,Puntualidad impecable y actitud ejemplar en todas sus actividades.,2026-09-18 21:11:53
574,24,Carmen Delgado,Maestro,23,Diego Navarro,Maestro,Humanidades,Par,5,Puntualidad y Compromiso,5,Demuestra un desempeño sobresaliente y es un referente positivo en la institución.,2026-09-04 22:11:53
579,13,Roberto Gómez,Maestro,23,Diego Navarro,Maestro,Humanidades,Par,5,Puntualidad y Compromiso,5,Su aporte y liderazgo son fundamentales para el éxito del equipo.,2026-09-13 21:11:53
584,15,Fernando Silva,Maestro,23,Diego Navarro,Maestro,Humanidades,Subordinado,5,Puntualidad y Compromiso,4,Entregas oportunas y buena disposición frente a nuevos retos.,2026-09-06 01:11:53
565,23,Diego Navarro,Maestro,23,Diego Navarro,Maestro,Humanidades,Autoevaluación,4,Trabajo en Equipo,4,Muestra compromiso con sus funciones y mantiene buena comunicación.,2026-09-22 22:11:53
570,2,Dr. Alejandro de la Vega,Directivo,23,Diego Navarro,Maestro,Humanidades,Jefe,4,Trabajo en Equipo,5,Demuestra un desempeño sobresaliente y es un referente positivo en la institución.,2026-09-08 22:11:53
575,24,Carmen Delgado,Maestro,23,Diego Navarro,Maestro,Humanidades,Par,4,Trabajo en Equipo,4,"Muy buen desempeño general, cumple de forma constante con los objetivos.",2026-09-10 20:11:53
580,13,Roberto Gómez,Maestro,23,Diego Navarro,Maestro,Humanidades,Par,4,Trabajo en Equipo,4,Maneja adecuadamente los grupos y demuestra sólido conocimiento en su área.,2026-09-20 01:11:53
585,15,Fernando Silva,Maestro,23,Diego Navarro,Maestro,Humanidades,Subordinado,4,Trabajo en Equipo,5,Demuestra un desempeño sobresaliente y es un referente positivo en la institución.,2026-09-22 23:11:53
31,2,Dr. Alejandro de la Vega,Directivo,2,Dr. Alejandro de la Vega,Directivo,Dirección General,Autoevaluación,2,Comunicación Efectiva,4,Entregas oportunas y buena disposición frente a nuevos retos.,2026-08-30 17:11:53
36,1,Dra. Beatriz Villaseñor,Directivo,2,Dr. Alejandro de la Vega,Directivo,Dirección General,Jefe,2,Comunicación Efectiva,4,Entregas oportunas y buena disposición frente a nuevos retos.,2026-09-20 23:11:53
41,1,Dra. Beatriz Villaseñor,Directivo,2,Dr. Alejandro de la Vega,Directivo,Dirección General,Par,2,Comunicación Efectiva,3,"Desempeño aceptable en sus funciones habituales, dentro del promedio esperado.",2026-09-17 19:11:53
46,4,Claudia Ramírez,Administrativo,2,Dr. Alejandro de la Vega,Directivo,Dirección General,Subordinado,2,Comunicación Efectiva,3,"Desempeño aceptable en sus funciones habituales, dentro del promedio esperado.",2026-08-30 23:11:53
51,3,Ricardo Palacios,Administrativo,2,Dr. Alejandro de la Vega,Directivo,Dirección General,Subordinado,2,Comunicación Efectiva,4,"Muy buen desempeño general, cumple de forma constante con los objetivos.",2026-09-23 00:11:53
56,20,Valeria Ríos,Maestro,2,Dr. Alejandro de la Vega,Directivo,Dirección General,Subordinado,2,Comunicación Efectiva,3,"Mantiene un ritmo constante, recomendable reforzar habilidades en esta área.",2026-09-16 22:11:53
32,2,Dr. Alejandro de la Vega,Directivo,2,Dr. Alejandro de la Vega,Directivo,Dirección General,Autoevaluación,1,Liderazgo,4,Muestra compromiso con sus funciones y mantiene buena comunicación.,2026-09-04 22:11:53
37,1,Dra. Beatriz Villaseñor,Directivo,2,Dr. Alejandro de la Vega,Directivo,Dirección General,Jefe,1,Liderazgo,3,"Generalmente puntual, con oportunidades de optimizar sus tiempos de respuesta.",2026-09-23 00:11:53
42,1,Dra. Beatriz Villaseñor,Directivo,2,Dr. Alejandro de la Vega,Directivo,Dirección General,Par,1,Liderazgo,3,"Generalmente puntual, con oportunidades de optimizar sus tiempos de respuesta.",2026-09-18 16:11:53
47,4,Claudia Ramírez,Administrativo,2,Dr. Alejandro de la Vega,Directivo,Dirección General,Subordinado,1,Liderazgo,3,"Generalmente puntual, con oportunidades de optimizar sus tiempos de respuesta.",2026-09-06 00:11:53
52,3,Ricardo Palacios,Administrativo,2,Dr. Alejandro de la Vega,Directivo,Dirección General,Subordinado,1,Liderazgo,3,"Su comunicación es adecuada, pero a veces falta mayor seguimiento a los compromisos.",2026-09-18 19:11:53
57,20,Valeria Ríos,Maestro,2,Dr. Alejandro de la Vega,Directivo,Dirección General,Subordinado,1,Liderazgo,4,Muestra compromiso con sus funciones y mantiene buena comunicación.,2026-09-16 16:11:53
33,2,Dr. Alejandro de la Vega,Directivo,2,Dr. Alejandro de la Vega,Directivo,Dirección General,Autoevaluación,3,Pedagogía y Gestión,3,"Mantiene un ritmo constante, recomendable reforzar habilidades en esta área.",2026-08-31 18:11:53
38,1,Dra. Beatriz Villaseñor,Directivo,2,Dr. Alejandro de la Vega,Directivo,Dirección General,Jefe,3,Pedagogía y Gestión,5,Su aporte y liderazgo son fundamentales para el éxito del equipo.,2026-08-31 16:11:53
43,1,Dra. Beatriz Villaseñor,Directivo,2,Dr. Alejandro de la Vega,Directivo,Dirección General,Par,3,Pedagogía y Gestión,3,"Generalmente puntual, con oportunidades de optimizar sus tiempos de respuesta.",2026-09-18 00:11:53
48,4,Claudia Ramírez,Administrativo,2,Dr. Alejandro de la Vega,Directivo,Dirección General,Subordinado,3,Pedagogía y Gestión,3,"Su comunicación es adecuada, pero a veces falta mayor seguimiento a los compromisos.",2026-09-01 19:11:53
53,3,Ricardo Palacios,Administrativo,2,Dr. Alejandro de la Vega,Directivo,Dirección General,Subordinado,3,Pedagogía y Gestión,4,Buen trabajo colaborativo con apertura a sugerencias de mejora.,2026-09-15 23:11:53
58,20,Valeria Ríos,Maestro,2,Dr. Alejandro de la Vega,Directivo,Dirección General,Subordinado,3,Pedagogía y Gestión,4,Entregas oportunas y buena disposición frente a nuevos retos.,2026-09-16 18:11:53
34,2,Dr. Alejandro de la Vega,Directivo,2,Dr. Alejandro de la Vega,Directivo,Dirección General,Autoevaluación,5,Puntualidad y Compromiso,3,"Mantiene un ritmo constante, recomendable reforzar habilidades en esta área.",2026-08-30 22:11:53
39,1,Dra. Beatriz Villaseñor,Directivo,2,Dr. Alejandro de la Vega,Directivo,Dirección General,Jefe,5,Puntualidad y Compromiso,2,Se observan inconsistencias en el cumplimiento oportuno de tareas.,2026-09-01 00:11:53
44,1,Dra. Beatriz Villaseñor,Directivo,2,Dr. Alejandro de la Vega,Directivo,Dirección General,Par,5,Puntualidad y Compromiso,3,"Su comunicación es adecuada, pero a veces falta mayor seguimiento a los compromisos.",2026-09-07 19:11:53
49,4,Claudia Ramírez,Administrativo,2,Dr. Alejandro de la Vega,Directivo,Dirección General,Subordinado,5,Puntualidad y Compromiso,4,Buen trabajo colaborativo con apertura a sugerencias de mejora.,2026-09-19 00:11:53
54,3,Ricardo Palacios,Administrativo,2,Dr. Alejandro de la Vega,Directivo,Dirección General,Subordinado,5,Puntualidad y Compromiso,4,"Muy buen desempeño general, cumple de forma constante con los objetivos.",2026-09-01 22:11:53
59,20,Valeria Ríos,Maestro,2,Dr. Alejandro de la Vega,Directivo,Dirección General,Subordinado,5,Puntualidad y Compromiso,4,"Muy buen desempeño general, cumple de forma constante con los objetivos.",2026-09-10 19:11:53
35,2,Dr. Alejandro de la Vega,Directivo,2,Dr. Alejandro de la Vega,Directivo,Dirección General,Autoevaluación,4,Trabajo en Equipo,3,"Mantiene un ritmo constante, recomendable reforzar habilidades en esta área.",2026-09-08 22:11:53
40,1,Dra. Beatriz Villaseñor,Directivo,2,Dr. Alejandro de la Vega,Directivo,Dirección General,Jefe,4,Trabajo en Equipo,3,"Cumple con lo requerido, aunque podría mostrar mayor iniciativa en ciertos proyectos.",2026-09-02 01:11:53
45,1,Dra. Beatriz Villaseñor,Directivo,2,Dr. Alejandro de la Vega,Directivo,Dirección General,Par,4,Trabajo en Equipo,3,"Su comunicación es adecuada, pero a veces falta mayor seguimiento a los compromisos.",2026-09-11 18:11:53
50,4,Claudia Ramírez,Administrativo,2,Dr. Alejandro de la Vega,Directivo,Dirección General,Subordinado,4,Trabajo en Equipo,4,Entregas oportunas y buena disposición frente a nuevos retos.,2026-09-08 17:11:53
55,3,Ricardo Palacios,Administrativo,2,Dr. Alejandro de la Vega,Directivo,Dirección General,Subordinado,4,Trabajo en Equipo,4,Muestra compromiso con sus funciones y mantiene buena comunicación.,2026-09-19 20:11:53
60,20,Valeria Ríos,Maestro,2,Dr. Alejandro de la Vega,Directivo,Dirección General,Subordinado,4,Trabajo en Equipo,3,"Desempeño aceptable en sus funciones habituales, dentro del promedio esperado.",2026-09-11 00:11:53
1,1,Dra. Beatriz Villaseñor,Directivo,1,Dra. Beatriz Villaseñor,Directivo,Dirección Académica,Autoevaluación,2,Comunicación Efectiva,3,"Mantiene un ritmo constante, recomendable reforzar habilidades en esta área.",2026-09-03 20:11:53
6,2,Dr. Alejandro de la Vega,Directivo,1,Dra. Beatriz Villaseñor,Directivo,Dirección Académica,Jefe,2,Comunicación Efectiva,4,Maneja adecuadamente los grupos y demuestra sólido conocimiento en su área.,2026-09-18 17:11:53
11,2,Dr. Alejandro de la Vega,Directivo,1,Dra. Beatriz Villaseñor,Directivo,Dirección Académica,Par,2,Comunicación Efectiva,4,Entregas oportunas y buena disposición frente a nuevos retos.,2026-09-18 19:11:53
16,18,Patricia Aguilar,Maestro,1,Dra. Beatriz Villaseñor,Directivo,Dirección Académica,Subordinado,2,Comunicación Efectiva,4,Maneja adecuadamente los grupos y demuestra sólido conocimiento en su área.,2026-09-02 00:11:53
21,29,Alejandro Ruiz,Maestro,1,Dra. Beatriz Villaseñor,Directivo,Dirección Académica,Subordinado,2,Comunicación Efectiva,4,Entregas oportunas y buena disposición frente a nuevos retos.,2026-09-07 01:11:53
26,13,Roberto Gómez,Maestro,1,Dra. Beatriz Villaseñor,Directivo,Dirección Académica,Subordinado,2,Comunicación Efectiva,3,"Cumple con lo requerido, aunque podría mostrar mayor iniciativa en ciertos proyectos.",2026-09-02 17:11:53
2,1,Dra. Beatriz Villaseñor,Directivo,1,Dra. Beatriz Villaseñor,Directivo,Dirección Académica,Autoevaluación,1,Liderazgo,4,Muestra compromiso con sus funciones y mantiene buena comunicación.,2026-09-07 00:11:53
7,2,Dr. Alejandro de la Vega,Directivo,1,Dra. Beatriz Villaseñor,Directivo,Dirección Académica,Jefe,1,Liderazgo,3,"Su comunicación es adecuada, pero a veces falta mayor seguimiento a los compromisos.",2026-09-16 16:11:53
12,2,Dr. Alejandro de la Vega,Directivo,1,Dra. Beatriz Villaseñor,Directivo,Dirección Académica,Par,1,Liderazgo,3,"Cumple con lo requerido, aunque podría mostrar mayor iniciativa en ciertos proyectos.",2026-09-10 18:11:53
17,18,Patricia Aguilar,Maestro,1,Dra. Beatriz Villaseñor,Directivo,Dirección Académica,Subordinado,1,Liderazgo,4,Entregas oportunas y buena disposición frente a nuevos retos.,2026-09-04 20:11:53
22,29,Alejandro Ruiz,Maestro,1,Dra. Beatriz Villaseñor,Directivo,Dirección Académica,Subordinado,1,Liderazgo,4,"Muy buen desempeño general, cumple de forma constante con los objetivos.",2026-09-21 16:11:53
27,13,Roberto Gómez,Maestro,1,Dra. Beatriz Villaseñor,Directivo,Dirección Académica,Subordinado,1,Liderazgo,3,"Desempeño aceptable en sus funciones habituales, dentro del promedio esperado.",2026-09-20 17:11:53
3,1,Dra. Beatriz Villaseñor,Directivo,1,Dra. Beatriz Villaseñor,Directivo,Dirección Académica,Autoevaluación,3,Pedagogía y Gestión,3,"Mantiene un ritmo constante, recomendable reforzar habilidades en esta área.",2026-09-17 22:11:53
8,2,Dr. Alejandro de la Vega,Directivo,1,Dra. Beatriz Villaseñor,Directivo,Dirección Académica,Jefe,3,Pedagogía y Gestión,3,"Desempeño aceptable en sus funciones habituales, dentro del promedio esperado.",2026-09-21 00:11:53
13,2,Dr. Alejandro de la Vega,Directivo,1,Dra. Beatriz Villaseñor,Directivo,Dirección Académica,Par,3,Pedagogía y Gestión,3,"Generalmente puntual, con oportunidades de optimizar sus tiempos de respuesta.",2026-08-31 01:11:53
18,18,Patricia Aguilar,Maestro,1,Dra. Beatriz Villaseñor,Directivo,Dirección Académica,Subordinado,3,Pedagogía y Gestión,4,Entregas oportunas y buena disposición frente a nuevos retos.,2026-09-12 19:11:53
23,29,Alejandro Ruiz,Maestro,1,Dra. Beatriz Villaseñor,Directivo,Dirección Académica,Subordinado,3,Pedagogía y Gestión,4,"Muy buen desempeño general, cumple de forma constante con los objetivos.",2026-09-15 19:11:53
28,13,Roberto Gómez,Maestro,1,Dra. Beatriz Villaseñor,Directivo,Dirección Académica,Subordinado,3,Pedagogía y Gestión,4,Buen trabajo colaborativo con apertura a sugerencias de mejora.,2026-09-24 17:11:53
4,1,Dra. Beatriz Villaseñor,Directivo,1,Dra. Beatriz Villaseñor,Directivo,Dirección Académica,Autoevaluación,5,Puntualidad y Compromiso,3,"Su comunicación es adecuada, pero a veces falta mayor seguimiento a los compromisos.",2026-09-06 18:11:53
9,2,Dr. Alejandro de la Vega,Directivo,1,Dra. Beatriz Villaseñor,Directivo,Dirección Académica,Jefe,5,Puntualidad y Compromiso,4,Buen trabajo colaborativo con apertura a sugerencias de mejora.,2026-09-12 18:11:53
14,2,Dr. Alejandro de la Vega,Directivo,1,Dra. Beatriz Villaseñor,Directivo,Dirección Académica,Par,5,Puntualidad y Compromiso,3,"Su comunicación es adecuada, pero a veces falta mayor seguimiento a los compromisos.",2026-09-14 16:11:53
19,18,Patricia Aguilar,Maestro,1,Dra. Beatriz Villaseñor,Directivo,Dirección Académica,Subordinado,5,Puntualidad y Compromiso,4,Buen trabajo colaborativo con apertura a sugerencias de mejora.,2026-09-11 21:11:53
24,29,Alejandro Ruiz,Maestro,1,Dra. Beatriz Villaseñor,Directivo,Dirección Académica,Subordinado,5,Puntualidad y Compromiso,3,"Mantiene un ritmo constante, recomendable reforzar habilidades en esta área.",2026-09-06 00:11:53
29,13,Roberto Gómez,Maestro,1,Dra. Beatriz Villaseñor,Directivo,Dirección Académica,Subordinado,5,Puntualidad y Compromiso,4,Maneja adecuadamente los grupos y demuestra sólido conocimiento en su área.,2026-09-04 20:11:53
5,1,Dra. Beatriz Villaseñor,Directivo,1,Dra. Beatriz Villaseñor,Directivo,Dirección Académica,Autoevaluación,4,Trabajo en Equipo,3,"Desempeño aceptable en sus funciones habituales, dentro del promedio esperado.",2026-09-02 18:11:53
10,2,Dr. Alejandro de la Vega,Directivo,1,Dra. Beatriz Villaseñor,Directivo,Dirección Académica,Jefe,4,Trabajo en Equipo,3,"Su comunicación es adecuada, pero a veces falta mayor seguimiento a los compromisos.",2026-09-15 18:11:53
15,2,Dr. Alejandro de la Vega,Directivo,1,Dra. Beatriz Villaseñor,Directivo,Dirección Académica,Par,4,Trabajo en Equipo,4,Buen trabajo colaborativo con apertura a sugerencias de mejora.,2026-09-06 16:11:53
20,18,Patricia Aguilar,Maestro,1,Dra. Beatriz Villaseñor,Directivo,Dirección Académica,Subordinado,4,Trabajo en Equipo,3,"Generalmente puntual, con oportunidades de optimizar sus tiempos de respuesta.",2026-09-13 17:11:53
25,29,Alejandro Ruiz,Maestro,1,Dra. Beatriz Villaseñor,Directivo,Dirección Académica,Subordinado,4,Trabajo en Equipo,4,Maneja adecuadamente los grupos y demuestra sólido conocimiento en su área.,2026-09-06 23:11:53
30,13,Roberto Gómez,Maestro,1,Dra. Beatriz Villaseñor,Directivo,Dirección Académica,Subordinado,4,Trabajo en Equipo,4,"Muy buen desempeño general, cumple de forma constante con los objetivos.",2026-09-14 00:11:53
336,14,Elena Rostova,Maestro,14,Elena Rostova,Maestro,Idiomas,Autoevaluación,2,Comunicación Efectiva,4,"Muy buen desempeño general, cumple de forma constante con los objetivos.",2026-09-22 00:11:53
341,2,Dr. Alejandro de la Vega,Directivo,14,Elena Rostova,Maestro,Idiomas,Jefe,2,Comunicación Efectiva,4,"Muy buen desempeño general, cumple de forma constante con los objetivos.",2026-09-09 17:11:53
346,15,Fernando Silva,Maestro,14,Elena Rostova,Maestro,Idiomas,Par,2,Comunicación Efectiva,3,"Cumple con lo requerido, aunque podría mostrar mayor iniciativa en ciertos proyectos.",2026-09-08 17:11:53
351,21,Hugo Ortega,Maestro,14,Elena Rostova,Maestro,Idiomas,Par,2,Comunicación Efectiva,3,"Mantiene un ritmo constante, recomendable reforzar habilidades en esta área.",2026-09-04 17:11:53
356,23,Diego Navarro,Maestro,14,Elena Rostova,Maestro,Idiomas,Subordinado,2,Comunicación Efectiva,2,Le cuesta trabajo integrarse en actividades colaborativas de su departamento.,2026-09-06 17:11:53
337,14,Elena Rostova,Maestro,14,Elena Rostova,Maestro,Idiomas,Autoevaluación,1,Liderazgo,4,Muestra compromiso con sus funciones y mantiene buena comunicación.,2026-09-07 23:11:53
342,2,Dr. Alejandro de la Vega,Directivo,14,Elena Rostova,Maestro,Idiomas,Jefe,1,Liderazgo,3,"Su comunicación es adecuada, pero a veces falta mayor seguimiento a los compromisos.",2026-09-24 18:11:53
347,15,Fernando Silva,Maestro,14,Elena Rostova,Maestro,Idiomas,Par,1,Liderazgo,4,Entregas oportunas y buena disposición frente a nuevos retos.,2026-09-13 17:11:53
352,21,Hugo Ortega,Maestro,14,Elena Rostova,Maestro,Idiomas,Par,1,Liderazgo,3,"Generalmente puntual, con oportunidades de optimizar sus tiempos de respuesta.",2026-09-10 17:11:53
357,23,Diego Navarro,Maestro,14,Elena Rostova,Maestro,Idiomas,Subordinado,1,Liderazgo,3,"Desempeño aceptable en sus funciones habituales, dentro del promedio esperado.",2026-09-11 00:11:53
338,14,Elena Rostova,Maestro,14,Elena Rostova,Maestro,Idiomas,Autoevaluación,3,Pedagogía y Gestión,3,"Generalmente puntual, con oportunidades de optimizar sus tiempos de respuesta.",2026-09-03 22:11:53
343,2,Dr. Alejandro de la Vega,Directivo,14,Elena Rostova,Maestro,Idiomas,Jefe,3,Pedagogía y Gestión,3,"Cumple con lo requerido, aunque podría mostrar mayor iniciativa en ciertos proyectos.",2026-09-23 23:11:53
348,15,Fernando Silva,Maestro,14,Elena Rostova,Maestro,Idiomas,Par,3,Pedagogía y Gestión,3,"Desempeño aceptable en sus funciones habituales, dentro del promedio esperado.",2026-09-15 01:11:53
353,21,Hugo Ortega,Maestro,14,Elena Rostova,Maestro,Idiomas,Par,3,Pedagogía y Gestión,4,Entregas oportunas y buena disposición frente a nuevos retos.,2026-09-16 16:11:53
358,23,Diego Navarro,Maestro,14,Elena Rostova,Maestro,Idiomas,Subordinado,3,Pedagogía y Gestión,3,"Cumple con lo requerido, aunque podría mostrar mayor iniciativa en ciertos proyectos.",2026-09-23 23:11:53
339,14,Elena Rostova,Maestro,14,Elena Rostova,Maestro,Idiomas,Autoevaluación,5,Puntualidad y Compromiso,5,Gran capacidad resolutiva y trato sumamente profesional con todos.,2026-09-10 16:11:53
344,2,Dr. Alejandro de la Vega,Directivo,14,Elena Rostova,Maestro,Idiomas,Jefe,5,Puntualidad y Compromiso,4,"Muy buen desempeño general, cumple de forma constante con los objetivos.",2026-09-01 16:11:53
349,15,Fernando Silva,Maestro,14,Elena Rostova,Maestro,Idiomas,Par,5,Puntualidad y Compromiso,2,Requiere apoyo de supervisión para estructurar mejor sus prioridades.,2026-09-06 18:11:53
354,21,Hugo Ortega,Maestro,14,Elena Rostova,Maestro,Idiomas,Par,5,Puntualidad y Compromiso,3,"Mantiene un ritmo constante, recomendable reforzar habilidades en esta área.",2026-09-14 16:11:53
359,23,Diego Navarro,Maestro,14,Elena Rostova,Maestro,Idiomas,Subordinado,5,Puntualidad y Compromiso,3,"Cumple con lo requerido, aunque podría mostrar mayor iniciativa en ciertos proyectos.",2026-09-01 23:11:53
340,14,Elena Rostova,Maestro,14,Elena Rostova,Maestro,Idiomas,Autoevaluación,4,Trabajo en Equipo,4,Maneja adecuadamente los grupos y demuestra sólido conocimiento en su área.,2026-08-31 22:11:53
345,2,Dr. Alejandro de la Vega,Directivo,14,Elena Rostova,Maestro,Idiomas,Jefe,4,Trabajo en Equipo,4,Entregas oportunas y buena disposición frente a nuevos retos.,2026-09-15 22:11:53
350,15,Fernando Silva,Maestro,14,Elena Rostova,Maestro,Idiomas,Par,4,Trabajo en Equipo,3,"Su comunicación es adecuada, pero a veces falta mayor seguimiento a los compromisos.",2026-09-12 16:11:53
355,21,Hugo Ortega,Maestro,14,Elena Rostova,Maestro,Idiomas,Par,4,Trabajo en Equipo,2,Le cuesta trabajo integrarse en actividades colaborativas de su departamento.,2026-09-22 16:11:53
360,23,Diego Navarro,Maestro,14,Elena Rostova,Maestro,Idiomas,Subordinado,4,Trabajo en Equipo,3,"Cumple con lo requerido, aunque podría mostrar mayor iniciativa en ciertos proyectos.",2026-08-31 19:11:53
111,5,Esteban Fuentes,Administrativo,5,Esteban Fuentes,Administrativo,Finanzas,Autoevaluación,2,Comunicación Efectiva,5,Gran capacidad resolutiva y trato sumamente profesional con todos.,2026-09-09 21:11:53
116,1,Dra. Beatriz Villaseñor,Directivo,5,Esteban Fuentes,Administrativo,Finanzas,Jefe,2,Comunicación Efectiva,4,"Muy buen desempeño general, cumple de forma constante con los objetivos.",2026-09-18 18:11:53
121,7,Andrés Molina,Administrativo,5,Esteban Fuentes,Administrativo,Finanzas,Par,2,Comunicación Efectiva,5,"Excelente manejo de sus responsabilidades, supera constantemente las expectativas.",2026-09-02 20:11:53
126,9,Gonzalo Ibáñez,Administrativo,5,Esteban Fuentes,Administrativo,Finanzas,Par,2,Comunicación Efectiva,5,Demuestra un desempeño sobresaliente y es un referente positivo en la institución.,2026-09-12 21:11:53
131,18,Patricia Aguilar,Maestro,5,Esteban Fuentes,Administrativo,Finanzas,Subordinado,2,Comunicación Efectiva,5,"Excelente manejo de sus responsabilidades, supera constantemente las expectativas.",2026-09-23 23:11:53
112,5,Esteban Fuentes,Administrativo,5,Esteban Fuentes,Administrativo,Finanzas,Autoevaluación,1,Liderazgo,5,Gran capacidad resolutiva y trato sumamente profesional con todos.,2026-09-07 22:11:53
117,1,Dra. Beatriz Villaseñor,Directivo,5,Esteban Fuentes,Administrativo,Finanzas,Jefe,1,Liderazgo,4,Muestra compromiso con sus funciones y mantiene buena comunicación.,2026-09-13 20:11:53
122,7,Andrés Molina,Administrativo,5,Esteban Fuentes,Administrativo,Finanzas,Par,1,Liderazgo,5,Puntualidad impecable y actitud ejemplar en todas sus actividades.,2026-09-24 17:11:53
127,9,Gonzalo Ibáñez,Administrativo,5,Esteban Fuentes,Administrativo,Finanzas,Par,1,Liderazgo,4,Muestra compromiso con sus funciones y mantiene buena comunicación.,2026-09-12 18:11:53
132,18,Patricia Aguilar,Maestro,5,Esteban Fuentes,Administrativo,Finanzas,Subordinado,1,Liderazgo,5,Gran capacidad resolutiva y trato sumamente profesional con todos.,2026-09-09 16:11:53
113,5,Esteban Fuentes,Administrativo,5,Esteban Fuentes,Administrativo,Finanzas,Autoevaluación,3,Pedagogía y Gestión,5,Demuestra un desempeño sobresaliente y es un referente positivo en la institución.,2026-09-23 00:11:53
118,1,Dra. Beatriz Villaseñor,Directivo,5,Esteban Fuentes,Administrativo,Finanzas,Jefe,3,Pedagogía y Gestión,5,"Excelente manejo de sus responsabilidades, supera constantemente las expectativas.",2026-09-19 01:11:53
123,7,Andrés Molina,Administrativo,5,Esteban Fuentes,Administrativo,Finanzas,Par,3,Pedagogía y Gestión,5,Demuestra un desempeño sobresaliente y es un referente positivo en la institución.,2026-09-11 00:11:53
128,9,Gonzalo Ibáñez,Administrativo,5,Esteban Fuentes,Administrativo,Finanzas,Par,3,Pedagogía y Gestión,4,Entregas oportunas y buena disposición frente a nuevos retos.,2026-09-19 20:11:53
133,18,Patricia Aguilar,Maestro,5,Esteban Fuentes,Administrativo,Finanzas,Subordinado,3,Pedagogía y Gestión,4,Buen trabajo colaborativo con apertura a sugerencias de mejora.,2026-09-24 20:11:53
114,5,Esteban Fuentes,Administrativo,5,Esteban Fuentes,Administrativo,Finanzas,Autoevaluación,5,Puntualidad y Compromiso,5,Demuestra un desempeño sobresaliente y es un referente positivo en la institución.,2026-09-10 19:11:53
119,1,Dra. Beatriz Villaseñor,Directivo,5,Esteban Fuentes,Administrativo,Finanzas,Jefe,5,Puntualidad y Compromiso,5,"Excelente manejo de sus responsabilidades, supera constantemente las expectativas.",2026-09-08 17:11:53
124,7,Andrés Molina,Administrativo,5,Esteban Fuentes,Administrativo,Finanzas,Par,5,Puntualidad y Compromiso,4,Maneja adecuadamente los grupos y demuestra sólido conocimiento en su área.,2026-09-20 21:11:53
129,9,Gonzalo Ibáñez,Administrativo,5,Esteban Fuentes,Administrativo,Finanzas,Par,5,Puntualidad y Compromiso,4,Maneja adecuadamente los grupos y demuestra sólido conocimiento en su área.,2026-09-13 22:11:53
134,18,Patricia Aguilar,Maestro,5,Esteban Fuentes,Administrativo,Finanzas,Subordinado,5,Puntualidad y Compromiso,5,Puntualidad impecable y actitud ejemplar en todas sus actividades.,2026-09-21 20:11:53
115,5,Esteban Fuentes,Administrativo,5,Esteban Fuentes,Administrativo,Finanzas,Autoevaluación,4,Trabajo en Equipo,4,"Muy buen desempeño general, cumple de forma constante con los objetivos.",2026-09-23 16:11:53
120,1,Dra. Beatriz Villaseñor,Directivo,5,Esteban Fuentes,Administrativo,Finanzas,Jefe,4,Trabajo en Equipo,4,Buen trabajo colaborativo con apertura a sugerencias de mejora.,2026-09-17 22:11:53
125,7,Andrés Molina,Administrativo,5,Esteban Fuentes,Administrativo,Finanzas,Par,4,Trabajo en Equipo,5,Demuestra un desempeño sobresaliente y es un referente positivo en la institución.,2026-09-12 23:11:53
130,9,Gonzalo Ibáñez,Administrativo,5,Esteban Fuentes,Administrativo,Finanzas,Par,4,Trabajo en Equipo,4,Entregas oportunas y buena disposición frente a nuevos retos.,2026-09-07 21:11:53
135,18,Patricia Aguilar,Maestro,5,Esteban Fuentes,Administrativo,Finanzas,Subordinado,4,Trabajo en Equipo,4,Muestra compromiso con sus funciones y mantiene buena comunicación.,2026-09-22 22:11:53
361,15,Fernando Silva,Maestro,15,Fernando Silva,Maestro,Tecnología e Informática,Autoevaluación,2,Comunicación Efectiva,3,"Su comunicación es adecuada, pero a veces falta mayor seguimiento a los compromisos.",2026-09-15 22:11:53
366,2,Dr. Alejandro de la Vega,Directivo,15,Fernando Silva,Maestro,Tecnología e Informática,Jefe,2,Comunicación Efectiva,3,"Cumple con lo requerido, aunque podría mostrar mayor iniciativa en ciertos proyectos.",2026-09-14 23:11:53
371,23,Diego Navarro,Maestro,15,Fernando Silva,Maestro,Tecnología e Informática,Par,2,Comunicación Efectiva,4,Buen trabajo colaborativo con apertura a sugerencias de mejora.,2026-09-18 22:11:53
376,26,Isabel Romero,Maestro,15,Fernando Silva,Maestro,Tecnología e Informática,Par,2,Comunicación Efectiva,3,"Su comunicación es adecuada, pero a veces falta mayor seguimiento a los compromisos.",2026-09-10 22:11:53
381,19,Gabriel Castro,Maestro,15,Fernando Silva,Maestro,Tecnología e Informática,Subordinado,2,Comunicación Efectiva,4,Entregas oportunas y buena disposición frente a nuevos retos.,2026-09-12 00:11:53
362,15,Fernando Silva,Maestro,15,Fernando Silva,Maestro,Tecnología e Informática,Autoevaluación,1,Liderazgo,3,"Generalmente puntual, con oportunidades de optimizar sus tiempos de respuesta.",2026-09-14 20:11:53
367,2,Dr. Alejandro de la Vega,Directivo,15,Fernando Silva,Maestro,Tecnología e Informática,Jefe,1,Liderazgo,3,"Desempeño aceptable en sus funciones habituales, dentro del promedio esperado.",2026-09-22 22:11:53
372,23,Diego Navarro,Maestro,15,Fernando Silva,Maestro,Tecnología e Informática,Par,1,Liderazgo,4,Buen trabajo colaborativo con apertura a sugerencias de mejora.,2026-09-19 16:11:53
377,26,Isabel Romero,Maestro,15,Fernando Silva,Maestro,Tecnología e Informática,Par,1,Liderazgo,3,"Cumple con lo requerido, aunque podría mostrar mayor iniciativa en ciertos proyectos.",2026-09-20 23:11:53
382,19,Gabriel Castro,Maestro,15,Fernando Silva,Maestro,Tecnología e Informática,Subordinado,1,Liderazgo,3,"Su comunicación es adecuada, pero a veces falta mayor seguimiento a los compromisos.",2026-09-21 23:11:53
363,15,Fernando Silva,Maestro,15,Fernando Silva,Maestro,Tecnología e Informática,Autoevaluación,3,Pedagogía y Gestión,4,Buen trabajo colaborativo con apertura a sugerencias de mejora.,2026-09-10 16:11:53
368,2,Dr. Alejandro de la Vega,Directivo,15,Fernando Silva,Maestro,Tecnología e Informática,Jefe,3,Pedagogía y Gestión,3,"Generalmente puntual, con oportunidades de optimizar sus tiempos de respuesta.",2026-09-05 00:11:53
373,23,Diego Navarro,Maestro,15,Fernando Silva,Maestro,Tecnología e Informática,Par,3,Pedagogía y Gestión,4,Buen trabajo colaborativo con apertura a sugerencias de mejora.,2026-09-15 18:11:53
378,26,Isabel Romero,Maestro,15,Fernando Silva,Maestro,Tecnología e Informática,Par,3,Pedagogía y Gestión,3,"Su comunicación es adecuada, pero a veces falta mayor seguimiento a los compromisos.",2026-09-10 23:11:53
383,19,Gabriel Castro,Maestro,15,Fernando Silva,Maestro,Tecnología e Informática,Subordinado,3,Pedagogía y Gestión,2,Es necesario mejorar la claridad en la transmisión de instrucciones o reportes.,2026-09-05 17:11:53
364,15,Fernando Silva,Maestro,15,Fernando Silva,Maestro,Tecnología e Informática,Autoevaluación,5,Puntualidad y Compromiso,3,"Su comunicación es adecuada, pero a veces falta mayor seguimiento a los compromisos.",2026-09-07 17:11:53
369,2,Dr. Alejandro de la Vega,Directivo,15,Fernando Silva,Maestro,Tecnología e Informática,Jefe,5,Puntualidad y Compromiso,4,Buen trabajo colaborativo con apertura a sugerencias de mejora.,2026-09-08 23:11:53
374,23,Diego Navarro,Maestro,15,Fernando Silva,Maestro,Tecnología e Informática,Par,5,Puntualidad y Compromiso,4,"Muy buen desempeño general, cumple de forma constante con los objetivos.",2026-09-04 01:11:53
379,26,Isabel Romero,Maestro,15,Fernando Silva,Maestro,Tecnología e Informática,Par,5,Puntualidad y Compromiso,3,"Generalmente puntual, con oportunidades de optimizar sus tiempos de respuesta.",2026-09-10 22:11:53
384,19,Gabriel Castro,Maestro,15,Fernando Silva,Maestro,Tecnología e Informática,Subordinado,5,Puntualidad y Compromiso,2,Requiere fortalecer esta competencia para alcanzar el estándar de la institución.,2026-09-13 18:11:53
365,15,Fernando Silva,Maestro,15,Fernando Silva,Maestro,Tecnología e Informática,Autoevaluación,4,Trabajo en Equipo,3,"Mantiene un ritmo constante, recomendable reforzar habilidades en esta área.",2026-09-22 23:11:53
370,2,Dr. Alejandro de la Vega,Directivo,15,Fernando Silva,Maestro,Tecnología e Informática,Jefe,4,Trabajo en Equipo,4,Maneja adecuadamente los grupos y demuestra sólido conocimiento en su área.,2026-09-04 23:11:53
375,23,Diego Navarro,Maestro,15,Fernando Silva,Maestro,Tecnología e Informática,Par,4,Trabajo en Equipo,3,"Cumple con lo requerido, aunque podría mostrar mayor iniciativa en ciertos proyectos.",2026-09-01 19:11:53
380,26,Isabel Romero,Maestro,15,Fernando Silva,Maestro,Tecnología e Informática,Par,4,Trabajo en Equipo,2,Le cuesta trabajo integrarse en actividades colaborativas de su departamento.,2026-09-19 20:11:53
385,19,Gabriel Castro,Maestro,15,Fernando Silva,Maestro,Tecnología e Informática,Subordinado,4,Trabajo en Equipo,3,"Su comunicación es adecuada, pero a veces falta mayor seguimiento a los compromisos.",2026-09-20 21:11:53
461,19,Gabriel Castro,Maestro,19,Gabriel Castro,Maestro,Idiomas,Autoevaluación,2,Comunicación Efectiva,3,"Desempeño aceptable en sus funciones habituales, dentro del promedio esperado.",2026-09-20 01:11:53
466,2,Dr. Alejandro de la Vega,Directivo,19,Gabriel Castro,Maestro,Idiomas,Jefe,2,Comunicación Efectiva,4,Entregas oportunas y buena disposición frente a nuevos retos.,2026-09-15 23:11:53
471,22,Beatriz Vargas,Maestro,19,Gabriel Castro,Maestro,Idiomas,Par,2,Comunicación Efectiva,3,"Cumple con lo requerido, aunque podría mostrar mayor iniciativa en ciertos proyectos.",2026-09-14 21:11:53
476,13,Roberto Gómez,Maestro,19,Gabriel Castro,Maestro,Idiomas,Par,2,Comunicación Efectiva,4,Maneja adecuadamente los grupos y demuestra sólido conocimiento en su área.,2026-09-08 18:11:53
481,6,Mariana Solís,Administrativo,19,Gabriel Castro,Maestro,Idiomas,Subordinado,2,Comunicación Efectiva,3,"Cumple con lo requerido, aunque podría mostrar mayor iniciativa en ciertos proyectos.",2026-09-23 19:11:53
462,19,Gabriel Castro,Maestro,19,Gabriel Castro,Maestro,Idiomas,Autoevaluación,1,Liderazgo,4,Muestra compromiso con sus funciones y mantiene buena comunicación.,2026-09-16 16:11:53
467,2,Dr. Alejandro de la Vega,Directivo,19,Gabriel Castro,Maestro,Idiomas,Jefe,1,Liderazgo,4,Buen trabajo colaborativo con apertura a sugerencias de mejora.,2026-09-05 17:11:53
472,22,Beatriz Vargas,Maestro,19,Gabriel Castro,Maestro,Idiomas,Par,1,Liderazgo,4,Muestra compromiso con sus funciones y mantiene buena comunicación.,2026-08-30 20:11:53
477,13,Roberto Gómez,Maestro,19,Gabriel Castro,Maestro,Idiomas,Par,1,Liderazgo,3,"Su comunicación es adecuada, pero a veces falta mayor seguimiento a los compromisos.",2026-09-21 17:11:53
482,6,Mariana Solís,Administrativo,19,Gabriel Castro,Maestro,Idiomas,Subordinado,1,Liderazgo,4,Entregas oportunas y buena disposición frente a nuevos retos.,2026-09-24 17:11:53
463,19,Gabriel Castro,Maestro,19,Gabriel Castro,Maestro,Idiomas,Autoevaluación,3,Pedagogía y Gestión,4,Muestra compromiso con sus funciones y mantiene buena comunicación.,2026-08-31 22:11:53
468,2,Dr. Alejandro de la Vega,Directivo,19,Gabriel Castro,Maestro,Idiomas,Jefe,3,Pedagogía y Gestión,4,Maneja adecuadamente los grupos y demuestra sólido conocimiento en su área.,2026-09-19 20:11:53
473,22,Beatriz Vargas,Maestro,19,Gabriel Castro,Maestro,Idiomas,Par,3,Pedagogía y Gestión,3,"Su comunicación es adecuada, pero a veces falta mayor seguimiento a los compromisos.",2026-09-09 20:11:53
478,13,Roberto Gómez,Maestro,19,Gabriel Castro,Maestro,Idiomas,Par,3,Pedagogía y Gestión,4,Buen trabajo colaborativo con apertura a sugerencias de mejora.,2026-09-11 01:11:53
483,6,Mariana Solís,Administrativo,19,Gabriel Castro,Maestro,Idiomas,Subordinado,3,Pedagogía y Gestión,3,"Generalmente puntual, con oportunidades de optimizar sus tiempos de respuesta.",2026-09-02 16:11:53
464,19,Gabriel Castro,Maestro,19,Gabriel Castro,Maestro,Idiomas,Autoevaluación,5,Puntualidad y Compromiso,3,"Mantiene un ritmo constante, recomendable reforzar habilidades en esta área.",2026-09-04 20:11:53
469,2,Dr. Alejandro de la Vega,Directivo,19,Gabriel Castro,Maestro,Idiomas,Jefe,5,Puntualidad y Compromiso,4,Buen trabajo colaborativo con apertura a sugerencias de mejora.,2026-09-17 19:11:53
474,22,Beatriz Vargas,Maestro,19,Gabriel Castro,Maestro,Idiomas,Par,5,Puntualidad y Compromiso,4,Entregas oportunas y buena disposición frente a nuevos retos.,2026-09-23 01:11:53
479,13,Roberto Gómez,Maestro,19,Gabriel Castro,Maestro,Idiomas,Par,5,Puntualidad y Compromiso,4,Maneja adecuadamente los grupos y demuestra sólido conocimiento en su área.,2026-09-03 23:11:53
484,6,Mariana Solís,Administrativo,19,Gabriel Castro,Maestro,Idiomas,Subordinado,5,Puntualidad y Compromiso,4,Entregas oportunas y buena disposición frente a nuevos retos.,2026-09-06 01:11:53
465,19,Gabriel Castro,Maestro,19,Gabriel Castro,Maestro,Idiomas,Autoevaluación,4,Trabajo en Equipo,4,Entregas oportunas y buena disposición frente a nuevos retos.,2026-09-18 17:11:53
470,2,Dr. Alejandro de la Vega,Directivo,19,Gabriel Castro,Maestro,Idiomas,Jefe,4,Trabajo en Equipo,4,Maneja adecuadamente los grupos y demuestra sólido conocimiento en su área.,2026-09-13 00:11:53
475,22,Beatriz Vargas,Maestro,19,Gabriel Castro,Maestro,Idiomas,Par,4,Trabajo en Equipo,4,Muestra compromiso con sus funciones y mantiene buena comunicación.,2026-08-31 17:11:53
480,13,Roberto Gómez,Maestro,19,Gabriel Castro,Maestro,Idiomas,Par,4,Trabajo en Equipo,5,Puntualidad impecable y actitud ejemplar en todas sus actividades.,2026-09-10 22:11:53
485,6,Mariana Solís,Administrativo,19,Gabriel Castro,Maestro,Idiomas,Subordinado,4,Trabajo en Equipo,4,Maneja adecuadamente los grupos y demuestra sólido conocimiento en su área.,2026-09-02 19:11:53
211,9,Gonzalo Ibáñez,Administrativo,9,Gonzalo Ibáñez,Administrativo,Finanzas,Autoevaluación,2,Comunicación Efectiva,4,Maneja adecuadamente los grupos y demuestra sólido conocimiento en su área.,2026-09-09 00:11:53
216,2,Dr. Alejandro de la Vega,Directivo,9,Gonzalo Ibáñez,Administrativo,Finanzas,Jefe,2,Comunicación Efectiva,5,Puntualidad impecable y actitud ejemplar en todas sus actividades.,2026-09-08 20:11:53
221,3,Ricardo Palacios,Administrativo,9,Gonzalo Ibáñez,Administrativo,Finanzas,Par,2,Comunicación Efectiva,4,Buen trabajo colaborativo con apertura a sugerencias de mejora.,2026-09-09 22:11:53
226,7,Andrés Molina,Administrativo,9,Gonzalo Ibáñez,Administrativo,Finanzas,Par,2,Comunicación Efectiva,4,"Muy buen desempeño general, cumple de forma constante con los objetivos.",2026-09-13 17:11:53
231,14,Elena Rostova,Maestro,9,Gonzalo Ibáñez,Administrativo,Finanzas,Subordinado,2,Comunicación Efectiva,4,Entregas oportunas y buena disposición frente a nuevos retos.,2026-09-10 01:11:53
212,9,Gonzalo Ibáñez,Administrativo,9,Gonzalo Ibáñez,Administrativo,Finanzas,Autoevaluación,1,Liderazgo,5,"Excelente manejo de sus responsabilidades, supera constantemente las expectativas.",2026-09-01 23:11:53
217,2,Dr. Alejandro de la Vega,Directivo,9,Gonzalo Ibáñez,Administrativo,Finanzas,Jefe,1,Liderazgo,5,Demuestra un desempeño sobresaliente y es un referente positivo en la institución.,2026-09-17 16:11:53
222,3,Ricardo Palacios,Administrativo,9,Gonzalo Ibáñez,Administrativo,Finanzas,Par,1,Liderazgo,5,"Excelente manejo de sus responsabilidades, supera constantemente las expectativas.",2026-09-05 18:11:53
227,7,Andrés Molina,Administrativo,9,Gonzalo Ibáñez,Administrativo,Finanzas,Par,1,Liderazgo,5,Gran capacidad resolutiva y trato sumamente profesional con todos.,2026-09-25 00:11:53
232,14,Elena Rostova,Maestro,9,Gonzalo Ibáñez,Administrativo,Finanzas,Subordinado,1,Liderazgo,5,Demuestra un desempeño sobresaliente y es un referente positivo en la institución.,2026-09-19 23:11:53
213,9,Gonzalo Ibáñez,Administrativo,9,Gonzalo Ibáñez,Administrativo,Finanzas,Autoevaluación,3,Pedagogía y Gestión,5,Su aporte y liderazgo son fundamentales para el éxito del equipo.,2026-09-19 22:11:53
218,2,Dr. Alejandro de la Vega,Directivo,9,Gonzalo Ibáñez,Administrativo,Finanzas,Jefe,3,Pedagogía y Gestión,4,Maneja adecuadamente los grupos y demuestra sólido conocimiento en su área.,2026-09-08 19:11:53
223,3,Ricardo Palacios,Administrativo,9,Gonzalo Ibáñez,Administrativo,Finanzas,Par,3,Pedagogía y Gestión,5,Su aporte y liderazgo son fundamentales para el éxito del equipo.,2026-09-16 00:11:53
228,7,Andrés Molina,Administrativo,9,Gonzalo Ibáñez,Administrativo,Finanzas,Par,3,Pedagogía y Gestión,5,Su aporte y liderazgo son fundamentales para el éxito del equipo.,2026-09-01 22:11:53
233,14,Elena Rostova,Maestro,9,Gonzalo Ibáñez,Administrativo,Finanzas,Subordinado,3,Pedagogía y Gestión,5,"Excelente manejo de sus responsabilidades, supera constantemente las expectativas.",2026-08-31 16:11:53
214,9,Gonzalo Ibáñez,Administrativo,9,Gonzalo Ibáñez,Administrativo,Finanzas,Autoevaluación,5,Puntualidad y Compromiso,4,Buen trabajo colaborativo con apertura a sugerencias de mejora.,2026-09-13 20:11:53
219,2,Dr. Alejandro de la Vega,Directivo,9,Gonzalo Ibáñez,Administrativo,Finanzas,Jefe,5,Puntualidad y Compromiso,4,Entregas oportunas y buena disposición frente a nuevos retos.,2026-09-07 18:11:53
224,3,Ricardo Palacios,Administrativo,9,Gonzalo Ibáñez,Administrativo,Finanzas,Par,5,Puntualidad y Compromiso,4,Buen trabajo colaborativo con apertura a sugerencias de mejora.,2026-09-04 20:11:53
229,7,Andrés Molina,Administrativo,9,Gonzalo Ibáñez,Administrativo,Finanzas,Par,5,Puntualidad y Compromiso,5,Gran capacidad resolutiva y trato sumamente profesional con todos.,2026-09-10 20:11:53
234,14,Elena Rostova,Maestro,9,Gonzalo Ibáñez,Administrativo,Finanzas,Subordinado,5,Puntualidad y Compromiso,5,Gran capacidad resolutiva y trato sumamente profesional con todos.,2026-09-02 17:11:53
215,9,Gonzalo Ibáñez,Administrativo,9,Gonzalo Ibáñez,Administrativo,Finanzas,Autoevaluación,4,Trabajo en Equipo,5,Gran capacidad resolutiva y trato sumamente profesional con todos.,2026-09-02 19:11:53
220,2,Dr. Alejandro de la Vega,Directivo,9,Gonzalo Ibáñez,Administrativo,Finanzas,Jefe,4,Trabajo en Equipo,5,Demuestra un desempeño sobresaliente y es un referente positivo en la institución.,2026-09-08 23:11:53
225,3,Ricardo Palacios,Administrativo,9,Gonzalo Ibáñez,Administrativo,Finanzas,Par,4,Trabajo en Equipo,5,Su aporte y liderazgo son fundamentales para el éxito del equipo.,2026-09-22 21:11:53
230,7,Andrés Molina,Administrativo,9,Gonzalo Ibáñez,Administrativo,Finanzas,Par,4,Trabajo en Equipo,5,Puntualidad impecable y actitud ejemplar en todas sus actividades.,2026-09-11 21:11:53
235,14,Elena Rostova,Maestro,9,Gonzalo Ibáñez,Administrativo,Finanzas,Subordinado,4,Trabajo en Equipo,4,Buen trabajo colaborativo con apertura a sugerencias de mejora.,2026-09-21 00:11:53
611,25,Guillermo Peña,Maestro,25,Guillermo Peña,Maestro,Tecnología e Informática,Autoevaluación,2,Comunicación Efectiva,4,"Muy buen desempeño general, cumple de forma constante con los objetivos.",2026-09-17 17:11:53
616,2,Dr. Alejandro de la Vega,Directivo,25,Guillermo Peña,Maestro,Tecnología e Informática,Jefe,2,Comunicación Efectiva,4,Entregas oportunas y buena disposición frente a nuevos retos.,2026-09-04 20:11:53
621,29,Alejandro Ruiz,Maestro,25,Guillermo Peña,Maestro,Tecnología e Informática,Par,2,Comunicación Efectiva,4,Buen trabajo colaborativo con apertura a sugerencias de mejora.,2026-09-14 01:11:53
626,16,Sofía Hernández,Maestro,25,Guillermo Peña,Maestro,Tecnología e Informática,Par,2,Comunicación Efectiva,5,Puntualidad impecable y actitud ejemplar en todas sus actividades.,2026-08-30 19:11:53
631,8,Pilar Fernández,Administrativo,25,Guillermo Peña,Maestro,Tecnología e Informática,Subordinado,2,Comunicación Efectiva,2,Requiere fortalecer esta competencia para alcanzar el estándar de la institución.,2026-09-22 19:11:53
612,25,Guillermo Peña,Maestro,25,Guillermo Peña,Maestro,Tecnología e Informática,Autoevaluación,1,Liderazgo,3,"Generalmente puntual, con oportunidades de optimizar sus tiempos de respuesta.",2026-09-04 21:11:53
617,2,Dr. Alejandro de la Vega,Directivo,25,Guillermo Peña,Maestro,Tecnología e Informática,Jefe,1,Liderazgo,3,"Su comunicación es adecuada, pero a veces falta mayor seguimiento a los compromisos.",2026-09-02 19:11:53
622,29,Alejandro Ruiz,Maestro,25,Guillermo Peña,Maestro,Tecnología e Informática,Par,1,Liderazgo,4,"Muy buen desempeño general, cumple de forma constante con los objetivos.",2026-09-10 16:11:53
627,16,Sofía Hernández,Maestro,25,Guillermo Peña,Maestro,Tecnología e Informática,Par,1,Liderazgo,4,Entregas oportunas y buena disposición frente a nuevos retos.,2026-09-08 18:11:53
632,8,Pilar Fernández,Administrativo,25,Guillermo Peña,Maestro,Tecnología e Informática,Subordinado,1,Liderazgo,3,"Desempeño aceptable en sus funciones habituales, dentro del promedio esperado.",2026-09-13 20:11:53
613,25,Guillermo Peña,Maestro,25,Guillermo Peña,Maestro,Tecnología e Informática,Autoevaluación,3,Pedagogía y Gestión,4,Buen trabajo colaborativo con apertura a sugerencias de mejora.,2026-09-20 23:11:53
618,2,Dr. Alejandro de la Vega,Directivo,25,Guillermo Peña,Maestro,Tecnología e Informática,Jefe,3,Pedagogía y Gestión,4,Muestra compromiso con sus funciones y mantiene buena comunicación.,2026-09-10 18:11:53
623,29,Alejandro Ruiz,Maestro,25,Guillermo Peña,Maestro,Tecnología e Informática,Par,3,Pedagogía y Gestión,4,Maneja adecuadamente los grupos y demuestra sólido conocimiento en su área.,2026-09-17 00:11:53
628,16,Sofía Hernández,Maestro,25,Guillermo Peña,Maestro,Tecnología e Informática,Par,3,Pedagogía y Gestión,4,Maneja adecuadamente los grupos y demuestra sólido conocimiento en su área.,2026-09-17 23:11:53
633,8,Pilar Fernández,Administrativo,25,Guillermo Peña,Maestro,Tecnología e Informática,Subordinado,3,Pedagogía y Gestión,4,"Muy buen desempeño general, cumple de forma constante con los objetivos.",2026-09-23 19:11:53
614,25,Guillermo Peña,Maestro,25,Guillermo Peña,Maestro,Tecnología e Informática,Autoevaluación,5,Puntualidad y Compromiso,5,Puntualidad impecable y actitud ejemplar en todas sus actividades.,2026-09-19 21:11:53
619,2,Dr. Alejandro de la Vega,Directivo,25,Guillermo Peña,Maestro,Tecnología e Informática,Jefe,5,Puntualidad y Compromiso,4,Maneja adecuadamente los grupos y demuestra sólido conocimiento en su área.,2026-09-12 18:11:53
624,29,Alejandro Ruiz,Maestro,25,Guillermo Peña,Maestro,Tecnología e Informática,Par,5,Puntualidad y Compromiso,4,Maneja adecuadamente los grupos y demuestra sólido conocimiento en su área.,2026-09-12 23:11:53
629,16,Sofía Hernández,Maestro,25,Guillermo Peña,Maestro,Tecnología e Informática,Par,5,Puntualidad y Compromiso,4,"Muy buen desempeño general, cumple de forma constante con los objetivos.",2026-09-08 00:11:53
634,8,Pilar Fernández,Administrativo,25,Guillermo Peña,Maestro,Tecnología e Informática,Subordinado,5,Puntualidad y Compromiso,3,"Generalmente puntual, con oportunidades de optimizar sus tiempos de respuesta.",2026-09-21 21:11:53
615,25,Guillermo Peña,Maestro,25,Guillermo Peña,Maestro,Tecnología e Informática,Autoevaluación,4,Trabajo en Equipo,4,Entregas oportunas y buena disposición frente a nuevos retos.,2026-09-02 21:11:53
620,2,Dr. Alejandro de la Vega,Directivo,25,Guillermo Peña,Maestro,Tecnología e Informática,Jefe,4,Trabajo en Equipo,4,Entregas oportunas y buena disposición frente a nuevos retos.,2026-09-21 18:11:53
625,29,Alejandro Ruiz,Maestro,25,Guillermo Peña,Maestro,Tecnología e Informática,Par,4,Trabajo en Equipo,3,"Mantiene un ritmo constante, recomendable reforzar habilidades en esta área.",2026-09-04 17:11:53
630,16,Sofía Hernández,Maestro,25,Guillermo Peña,Maestro,Tecnología e Informática,Par,4,Trabajo en Equipo,4,Buen trabajo colaborativo con apertura a sugerencias de mejora.,2026-09-16 16:11:53
635,8,Pilar Fernández,Administrativo,25,Guillermo Peña,Maestro,Tecnología e Informática,Subordinado,4,Trabajo en Equipo,4,Entregas oportunas y buena disposición frente a nuevos retos.,2026-09-03 19:11:53
511,21,Hugo Ortega,Maestro,21,Hugo Ortega,Maestro,Matemáticas,Autoevaluación,2,Comunicación Efectiva,5,Gran capacidad resolutiva y trato sumamente profesional con todos.,2026-09-12 18:11:53
516,1,Dra. Beatriz Villaseñor,Directivo,21,Hugo Ortega,Maestro,Matemáticas,Jefe,2,Comunicación Efectiva,5,Su aporte y liderazgo son fundamentales para el éxito del equipo.,2026-09-19 17:11:53
521,17,Javier Morales,Maestro,21,Hugo Ortega,Maestro,Matemáticas,Par,2,Comunicación Efectiva,5,Gran capacidad resolutiva y trato sumamente profesional con todos.,2026-09-07 01:11:53
526,30,Lorena Benítez,Maestro,21,Hugo Ortega,Maestro,Matemáticas,Par,2,Comunicación Efectiva,5,Su aporte y liderazgo son fundamentales para el éxito del equipo.,2026-09-05 21:11:53
531,24,Carmen Delgado,Maestro,21,Hugo Ortega,Maestro,Matemáticas,Subordinado,2,Comunicación Efectiva,5,Su aporte y liderazgo son fundamentales para el éxito del equipo.,2026-09-07 23:11:53
512,21,Hugo Ortega,Maestro,21,Hugo Ortega,Maestro,Matemáticas,Autoevaluación,1,Liderazgo,5,Su aporte y liderazgo son fundamentales para el éxito del equipo.,2026-09-11 18:11:53
517,1,Dra. Beatriz Villaseñor,Directivo,21,Hugo Ortega,Maestro,Matemáticas,Jefe,1,Liderazgo,5,"Excelente manejo de sus responsabilidades, supera constantemente las expectativas.",2026-08-31 20:11:53
522,17,Javier Morales,Maestro,21,Hugo Ortega,Maestro,Matemáticas,Par,1,Liderazgo,5,"Excelente manejo de sus responsabilidades, supera constantemente las expectativas.",2026-09-11 19:11:53
527,30,Lorena Benítez,Maestro,21,Hugo Ortega,Maestro,Matemáticas,Par,1,Liderazgo,5,"Excelente manejo de sus responsabilidades, supera constantemente las expectativas.",2026-09-22 18:11:53
532,24,Carmen Delgado,Maestro,21,Hugo Ortega,Maestro,Matemáticas,Subordinado,1,Liderazgo,5,Gran capacidad resolutiva y trato sumamente profesional con todos.,2026-09-13 18:11:53
513,21,Hugo Ortega,Maestro,21,Hugo Ortega,Maestro,Matemáticas,Autoevaluación,3,Pedagogía y Gestión,5,"Excelente manejo de sus responsabilidades, supera constantemente las expectativas.",2026-09-08 18:11:53
518,1,Dra. Beatriz Villaseñor,Directivo,21,Hugo Ortega,Maestro,Matemáticas,Jefe,3,Pedagogía y Gestión,4,Entregas oportunas y buena disposición frente a nuevos retos.,2026-09-18 16:11:53
523,17,Javier Morales,Maestro,21,Hugo Ortega,Maestro,Matemáticas,Par,3,Pedagogía y Gestión,4,Maneja adecuadamente los grupos y demuestra sólido conocimiento en su área.,2026-09-14 00:11:53
528,30,Lorena Benítez,Maestro,21,Hugo Ortega,Maestro,Matemáticas,Par,3,Pedagogía y Gestión,5,Demuestra un desempeño sobresaliente y es un referente positivo en la institución.,2026-09-08 00:11:53
533,24,Carmen Delgado,Maestro,21,Hugo Ortega,Maestro,Matemáticas,Subordinado,3,Pedagogía y Gestión,5,Puntualidad impecable y actitud ejemplar en todas sus actividades.,2026-09-14 18:11:53
514,21,Hugo Ortega,Maestro,21,Hugo Ortega,Maestro,Matemáticas,Autoevaluación,5,Puntualidad y Compromiso,4,Maneja adecuadamente los grupos y demuestra sólido conocimiento en su área.,2026-09-01 00:11:53
519,1,Dra. Beatriz Villaseñor,Directivo,21,Hugo Ortega,Maestro,Matemáticas,Jefe,5,Puntualidad y Compromiso,5,Puntualidad impecable y actitud ejemplar en todas sus actividades.,2026-09-05 23:11:53
524,17,Javier Morales,Maestro,21,Hugo Ortega,Maestro,Matemáticas,Par,5,Puntualidad y Compromiso,4,Buen trabajo colaborativo con apertura a sugerencias de mejora.,2026-09-08 20:11:53
529,30,Lorena Benítez,Maestro,21,Hugo Ortega,Maestro,Matemáticas,Par,5,Puntualidad y Compromiso,5,Gran capacidad resolutiva y trato sumamente profesional con todos.,2026-09-08 18:11:53
534,24,Carmen Delgado,Maestro,21,Hugo Ortega,Maestro,Matemáticas,Subordinado,5,Puntualidad y Compromiso,5,Puntualidad impecable y actitud ejemplar en todas sus actividades.,2026-09-19 16:11:53
515,21,Hugo Ortega,Maestro,21,Hugo Ortega,Maestro,Matemáticas,Autoevaluación,4,Trabajo en Equipo,5,Puntualidad impecable y actitud ejemplar en todas sus actividades.,2026-09-03 22:11:53
520,1,Dra. Beatriz Villaseñor,Directivo,21,Hugo Ortega,Maestro,Matemáticas,Jefe,4,Trabajo en Equipo,5,Su aporte y liderazgo son fundamentales para el éxito del equipo.,2026-09-08 16:11:53
525,17,Javier Morales,Maestro,21,Hugo Ortega,Maestro,Matemáticas,Par,4,Trabajo en Equipo,4,Maneja adecuadamente los grupos y demuestra sólido conocimiento en su área.,2026-09-02 23:11:53
530,30,Lorena Benítez,Maestro,21,Hugo Ortega,Maestro,Matemáticas,Par,4,Trabajo en Equipo,4,Muestra compromiso con sus funciones y mantiene buena comunicación.,2026-09-09 19:11:53
535,24,Carmen Delgado,Maestro,21,Hugo Ortega,Maestro,Matemáticas,Subordinado,4,Trabajo en Equipo,5,Demuestra un desempeño sobresaliente y es un referente positivo en la institución.,2026-09-23 16:11:53
636,26,Isabel Romero,Maestro,26,Isabel Romero,Maestro,Matemáticas,Autoevaluación,2,Comunicación Efectiva,3,"Cumple con lo requerido, aunque podría mostrar mayor iniciativa en ciertos proyectos.",2026-09-24 16:11:53
641,1,Dra. Beatriz Villaseñor,Directivo,26,Isabel Romero,Maestro,Matemáticas,Jefe,2,Comunicación Efectiva,4,Muestra compromiso con sus funciones y mantiene buena comunicación.,2026-09-06 18:11:53
646,30,Lorena Benítez,Maestro,26,Isabel Romero,Maestro,Matemáticas,Par,2,Comunicación Efectiva,2,Requiere fortalecer esta competencia para alcanzar el estándar de la institución.,2026-09-22 23:11:53
651,11,Carlos Mendoza,Maestro,26,Isabel Romero,Maestro,Matemáticas,Par,2,Comunicación Efectiva,3,"Su comunicación es adecuada, pero a veces falta mayor seguimiento a los compromisos.",2026-09-20 16:11:53
656,13,Roberto Gómez,Maestro,26,Isabel Romero,Maestro,Matemáticas,Subordinado,2,Comunicación Efectiva,4,Buen trabajo colaborativo con apertura a sugerencias de mejora.,2026-09-01 21:11:53
637,26,Isabel Romero,Maestro,26,Isabel Romero,Maestro,Matemáticas,Autoevaluación,1,Liderazgo,3,"Generalmente puntual, con oportunidades de optimizar sus tiempos de respuesta.",2026-09-16 18:11:53
642,1,Dra. Beatriz Villaseñor,Directivo,26,Isabel Romero,Maestro,Matemáticas,Jefe,1,Liderazgo,3,"Cumple con lo requerido, aunque podría mostrar mayor iniciativa en ciertos proyectos.",2026-09-23 22:11:53
647,30,Lorena Benítez,Maestro,26,Isabel Romero,Maestro,Matemáticas,Par,1,Liderazgo,3,"Desempeño aceptable en sus funciones habituales, dentro del promedio esperado.",2026-09-25 00:11:53
652,11,Carlos Mendoza,Maestro,26,Isabel Romero,Maestro,Matemáticas,Par,1,Liderazgo,3,"Desempeño aceptable en sus funciones habituales, dentro del promedio esperado.",2026-09-02 23:11:53
657,13,Roberto Gómez,Maestro,26,Isabel Romero,Maestro,Matemáticas,Subordinado,1,Liderazgo,4,Buen trabajo colaborativo con apertura a sugerencias de mejora.,2026-09-22 19:11:53
638,26,Isabel Romero,Maestro,26,Isabel Romero,Maestro,Matemáticas,Autoevaluación,3,Pedagogía y Gestión,3,"Su comunicación es adecuada, pero a veces falta mayor seguimiento a los compromisos.",2026-09-21 20:11:53
643,1,Dra. Beatriz Villaseñor,Directivo,26,Isabel Romero,Maestro,Matemáticas,Jefe,3,Pedagogía y Gestión,3,"Mantiene un ritmo constante, recomendable reforzar habilidades en esta área.",2026-09-11 23:11:53
648,30,Lorena Benítez,Maestro,26,Isabel Romero,Maestro,Matemáticas,Par,3,Pedagogía y Gestión,3,"Mantiene un ritmo constante, recomendable reforzar habilidades en esta área.",2026-09-05 22:11:53
653,11,Carlos Mendoza,Maestro,26,Isabel Romero,Maestro,Matemáticas,Par,3,Pedagogía y Gestión,5,"Excelente manejo de sus responsabilidades, supera constantemente las expectativas.",2026-09-13 23:11:53
658,13,Roberto Gómez,Maestro,26,Isabel Romero,Maestro,Matemáticas,Subordinado,3,Pedagogía y Gestión,3,"Desempeño aceptable en sus funciones habituales, dentro del promedio esperado.",2026-09-21 17:11:53
639,26,Isabel Romero,Maestro,26,Isabel Romero,Maestro,Matemáticas,Autoevaluación,5,Puntualidad y Compromiso,4,Entregas oportunas y buena disposición frente a nuevos retos.,2026-09-20 17:11:53
644,1,Dra. Beatriz Villaseñor,Directivo,26,Isabel Romero,Maestro,Matemáticas,Jefe,5,Puntualidad y Compromiso,3,"Desempeño aceptable en sus funciones habituales, dentro del promedio esperado.",2026-09-12 00:11:53
649,30,Lorena Benítez,Maestro,26,Isabel Romero,Maestro,Matemáticas,Par,5,Puntualidad y Compromiso,4,Buen trabajo colaborativo con apertura a sugerencias de mejora.,2026-09-08 21:11:53
654,11,Carlos Mendoza,Maestro,26,Isabel Romero,Maestro,Matemáticas,Par,5,Puntualidad y Compromiso,4,"Muy buen desempeño general, cumple de forma constante con los objetivos.",2026-09-12 19:11:53
659,13,Roberto Gómez,Maestro,26,Isabel Romero,Maestro,Matemáticas,Subordinado,5,Puntualidad y Compromiso,3,"Cumple con lo requerido, aunque podría mostrar mayor iniciativa en ciertos proyectos.",2026-09-15 23:11:53
640,26,Isabel Romero,Maestro,26,Isabel Romero,Maestro,Matemáticas,Autoevaluación,4,Trabajo en Equipo,4,Muestra compromiso con sus funciones y mantiene buena comunicación.,2026-09-23 22:11:53
645,1,Dra. Beatriz Villaseñor,Directivo,26,Isabel Romero,Maestro,Matemáticas,Jefe,4,Trabajo en Equipo,3,"Mantiene un ritmo constante, recomendable reforzar habilidades en esta área.",2026-09-14 21:11:53
650,30,Lorena Benítez,Maestro,26,Isabel Romero,Maestro,Matemáticas,Par,4,Trabajo en Equipo,3,"Generalmente puntual, con oportunidades de optimizar sus tiempos de respuesta.",2026-09-17 18:11:53
655,11,Carlos Mendoza,Maestro,26,Isabel Romero,Maestro,Matemáticas,Par,4,Trabajo en Equipo,5,Su aporte y liderazgo son fundamentales para el éxito del equipo.,2026-09-04 20:11:53
660,13,Roberto Gómez,Maestro,26,Isabel Romero,Maestro,Matemáticas,Subordinado,4,Trabajo en Equipo,3,"Su comunicación es adecuada, pero a veces falta mayor seguimiento a los compromisos.",2026-09-02 22:11:53
411,17,Javier Morales,Maestro,17,Javier Morales,Maestro,Ciencias Exactas,Autoevaluación,2,Comunicación Efectiva,4,"Muy buen desempeño general, cumple de forma constante con los objetivos.",2026-09-09 19:11:53
416,1,Dra. Beatriz Villaseñor,Directivo,17,Javier Morales,Maestro,Ciencias Exactas,Jefe,2,Comunicación Efectiva,4,Maneja adecuadamente los grupos y demuestra sólido conocimiento en su área.,2026-09-15 23:11:53
421,20,Valeria Ríos,Maestro,17,Javier Morales,Maestro,Ciencias Exactas,Par,2,Comunicación Efectiva,4,Maneja adecuadamente los grupos y demuestra sólido conocimiento en su área.,2026-09-01 01:11:53
426,23,Diego Navarro,Maestro,17,Javier Morales,Maestro,Ciencias Exactas,Par,2,Comunicación Efectiva,5,Puntualidad impecable y actitud ejemplar en todas sus actividades.,2026-09-10 18:11:53
431,22,Beatriz Vargas,Maestro,17,Javier Morales,Maestro,Ciencias Exactas,Subordinado,2,Comunicación Efectiva,5,Su aporte y liderazgo son fundamentales para el éxito del equipo.,2026-09-17 21:11:53
412,17,Javier Morales,Maestro,17,Javier Morales,Maestro,Ciencias Exactas,Autoevaluación,1,Liderazgo,4,Maneja adecuadamente los grupos y demuestra sólido conocimiento en su área.,2026-09-02 20:11:53
417,1,Dra. Beatriz Villaseñor,Directivo,17,Javier Morales,Maestro,Ciencias Exactas,Jefe,1,Liderazgo,4,Maneja adecuadamente los grupos y demuestra sólido conocimiento en su área.,2026-09-15 23:11:53
422,20,Valeria Ríos,Maestro,17,Javier Morales,Maestro,Ciencias Exactas,Par,1,Liderazgo,3,"Generalmente puntual, con oportunidades de optimizar sus tiempos de respuesta.",2026-09-05 21:11:53
427,23,Diego Navarro,Maestro,17,Javier Morales,Maestro,Ciencias Exactas,Par,1,Liderazgo,4,Entregas oportunas y buena disposición frente a nuevos retos.,2026-08-31 16:11:53
432,22,Beatriz Vargas,Maestro,17,Javier Morales,Maestro,Ciencias Exactas,Subordinado,1,Liderazgo,4,Entregas oportunas y buena disposición frente a nuevos retos.,2026-09-16 23:11:53
413,17,Javier Morales,Maestro,17,Javier Morales,Maestro,Ciencias Exactas,Autoevaluación,3,Pedagogía y Gestión,4,"Muy buen desempeño general, cumple de forma constante con los objetivos.",2026-09-08 22:11:53
418,1,Dra. Beatriz Villaseñor,Directivo,17,Javier Morales,Maestro,Ciencias Exactas,Jefe,3,Pedagogía y Gestión,4,Muestra compromiso con sus funciones y mantiene buena comunicación.,2026-09-17 21:11:53
423,20,Valeria Ríos,Maestro,17,Javier Morales,Maestro,Ciencias Exactas,Par,3,Pedagogía y Gestión,4,Entregas oportunas y buena disposición frente a nuevos retos.,2026-09-14 00:11:53
428,23,Diego Navarro,Maestro,17,Javier Morales,Maestro,Ciencias Exactas,Par,3,Pedagogía y Gestión,5,Demuestra un desempeño sobresaliente y es un referente positivo en la institución.,2026-09-03 21:11:53
433,22,Beatriz Vargas,Maestro,17,Javier Morales,Maestro,Ciencias Exactas,Subordinado,3,Pedagogía y Gestión,4,Buen trabajo colaborativo con apertura a sugerencias de mejora.,2026-09-09 17:11:53
414,17,Javier Morales,Maestro,17,Javier Morales,Maestro,Ciencias Exactas,Autoevaluación,5,Puntualidad y Compromiso,5,Puntualidad impecable y actitud ejemplar en todas sus actividades.,2026-09-12 19:11:53
419,1,Dra. Beatriz Villaseñor,Directivo,17,Javier Morales,Maestro,Ciencias Exactas,Jefe,5,Puntualidad y Compromiso,4,Maneja adecuadamente los grupos y demuestra sólido conocimiento en su área.,2026-09-09 00:11:53
424,20,Valeria Ríos,Maestro,17,Javier Morales,Maestro,Ciencias Exactas,Par,5,Puntualidad y Compromiso,4,Buen trabajo colaborativo con apertura a sugerencias de mejora.,2026-09-19 01:11:53
429,23,Diego Navarro,Maestro,17,Javier Morales,Maestro,Ciencias Exactas,Par,5,Puntualidad y Compromiso,4,Muestra compromiso con sus funciones y mantiene buena comunicación.,2026-09-19 00:11:53
434,22,Beatriz Vargas,Maestro,17,Javier Morales,Maestro,Ciencias Exactas,Subordinado,5,Puntualidad y Compromiso,5,Puntualidad impecable y actitud ejemplar en todas sus actividades.,2026-09-08 16:11:53
415,17,Javier Morales,Maestro,17,Javier Morales,Maestro,Ciencias Exactas,Autoevaluación,4,Trabajo en Equipo,5,Su aporte y liderazgo son fundamentales para el éxito del equipo.,2026-09-17 21:11:53
420,1,Dra. Beatriz Villaseñor,Directivo,17,Javier Morales,Maestro,Ciencias Exactas,Jefe,4,Trabajo en Equipo,5,Demuestra un desempeño sobresaliente y es un referente positivo en la institución.,2026-09-12 18:11:53
425,20,Valeria Ríos,Maestro,17,Javier Morales,Maestro,Ciencias Exactas,Par,4,Trabajo en Equipo,5,Gran capacidad resolutiva y trato sumamente profesional con todos.,2026-09-10 21:11:53
430,23,Diego Navarro,Maestro,17,Javier Morales,Maestro,Ciencias Exactas,Par,4,Trabajo en Equipo,3,"Cumple con lo requerido, aunque podría mostrar mayor iniciativa en ciertos proyectos.",2026-09-10 01:11:53
435,22,Beatriz Vargas,Maestro,17,Javier Morales,Maestro,Ciencias Exactas,Subordinado,4,Trabajo en Equipo,4,Entregas oportunas y buena disposición frente a nuevos retos.,2026-09-17 19:11:53
736,30,Lorena Benítez,Maestro,30,Lorena Benítez,Maestro,Tecnología e Informática,Autoevaluación,2,Comunicación Efectiva,4,"Muy buen desempeño general, cumple de forma constante con los objetivos.",2026-09-19 01:11:53
741,1,Dra. Beatriz Villaseñor,Directivo,30,Lorena Benítez,Maestro,Tecnología e Informática,Jefe,2,Comunicación Efectiva,4,Entregas oportunas y buena disposición frente a nuevos retos.,2026-09-24 23:11:53
746,19,Gabriel Castro,Maestro,30,Lorena Benítez,Maestro,Tecnología e Informática,Par,2,Comunicación Efectiva,4,"Muy buen desempeño general, cumple de forma constante con los objetivos.",2026-09-23 19:11:53
751,28,Natalia Reyes,Maestro,30,Lorena Benítez,Maestro,Tecnología e Informática,Par,2,Comunicación Efectiva,5,Gran capacidad resolutiva y trato sumamente profesional con todos.,2026-09-16 20:11:53
756,9,Gonzalo Ibáñez,Administrativo,30,Lorena Benítez,Maestro,Tecnología e Informática,Subordinado,2,Comunicación Efectiva,4,Buen trabajo colaborativo con apertura a sugerencias de mejora.,2026-08-31 16:11:53
737,30,Lorena Benítez,Maestro,30,Lorena Benítez,Maestro,Tecnología e Informática,Autoevaluación,1,Liderazgo,3,"Mantiene un ritmo constante, recomendable reforzar habilidades en esta área.",2026-09-13 00:11:53
742,1,Dra. Beatriz Villaseñor,Directivo,30,Lorena Benítez,Maestro,Tecnología e Informática,Jefe,1,Liderazgo,3,"Generalmente puntual, con oportunidades de optimizar sus tiempos de respuesta.",2026-09-15 21:11:53
747,19,Gabriel Castro,Maestro,30,Lorena Benítez,Maestro,Tecnología e Informática,Par,1,Liderazgo,2,Es necesario mejorar la claridad en la transmisión de instrucciones o reportes.,2026-09-10 18:11:53
752,28,Natalia Reyes,Maestro,30,Lorena Benítez,Maestro,Tecnología e Informática,Par,1,Liderazgo,5,"Excelente manejo de sus responsabilidades, supera constantemente las expectativas.",2026-09-14 16:11:53
757,9,Gonzalo Ibáñez,Administrativo,30,Lorena Benítez,Maestro,Tecnología e Informática,Subordinado,1,Liderazgo,3,"Desempeño aceptable en sus funciones habituales, dentro del promedio esperado.",2026-09-15 21:11:53
738,30,Lorena Benítez,Maestro,30,Lorena Benítez,Maestro,Tecnología e Informática,Autoevaluación,3,Pedagogía y Gestión,3,"Mantiene un ritmo constante, recomendable reforzar habilidades en esta área.",2026-08-31 17:11:53
743,1,Dra. Beatriz Villaseñor,Directivo,30,Lorena Benítez,Maestro,Tecnología e Informática,Jefe,3,Pedagogía y Gestión,4,Muestra compromiso con sus funciones y mantiene buena comunicación.,2026-08-30 20:11:53
748,19,Gabriel Castro,Maestro,30,Lorena Benítez,Maestro,Tecnología e Informática,Par,3,Pedagogía y Gestión,3,"Cumple con lo requerido, aunque podría mostrar mayor iniciativa en ciertos proyectos.",2026-09-07 01:11:53
753,28,Natalia Reyes,Maestro,30,Lorena Benítez,Maestro,Tecnología e Informática,Par,3,Pedagogía y Gestión,4,Muestra compromiso con sus funciones y mantiene buena comunicación.,2026-08-31 00:11:53
758,9,Gonzalo Ibáñez,Administrativo,30,Lorena Benítez,Maestro,Tecnología e Informática,Subordinado,3,Pedagogía y Gestión,4,Buen trabajo colaborativo con apertura a sugerencias de mejora.,2026-09-21 22:11:53
739,30,Lorena Benítez,Maestro,30,Lorena Benítez,Maestro,Tecnología e Informática,Autoevaluación,5,Puntualidad y Compromiso,3,"Cumple con lo requerido, aunque podría mostrar mayor iniciativa en ciertos proyectos.",2026-09-20 00:11:53
744,1,Dra. Beatriz Villaseñor,Directivo,30,Lorena Benítez,Maestro,Tecnología e Informática,Jefe,5,Puntualidad y Compromiso,4,Maneja adecuadamente los grupos y demuestra sólido conocimiento en su área.,2026-09-15 21:11:53
749,19,Gabriel Castro,Maestro,30,Lorena Benítez,Maestro,Tecnología e Informática,Par,5,Puntualidad y Compromiso,3,"Su comunicación es adecuada, pero a veces falta mayor seguimiento a los compromisos.",2026-09-17 16:11:53
754,28,Natalia Reyes,Maestro,30,Lorena Benítez,Maestro,Tecnología e Informática,Par,5,Puntualidad y Compromiso,4,Maneja adecuadamente los grupos y demuestra sólido conocimiento en su área.,2026-08-30 21:11:53
759,9,Gonzalo Ibáñez,Administrativo,30,Lorena Benítez,Maestro,Tecnología e Informática,Subordinado,5,Puntualidad y Compromiso,3,"Cumple con lo requerido, aunque podría mostrar mayor iniciativa en ciertos proyectos.",2026-09-22 22:11:53
740,30,Lorena Benítez,Maestro,30,Lorena Benítez,Maestro,Tecnología e Informática,Autoevaluación,4,Trabajo en Equipo,4,Muestra compromiso con sus funciones y mantiene buena comunicación.,2026-09-20 00:11:53
745,1,Dra. Beatriz Villaseñor,Directivo,30,Lorena Benítez,Maestro,Tecnología e Informática,Jefe,4,Trabajo en Equipo,5,Demuestra un desempeño sobresaliente y es un referente positivo en la institución.,2026-09-06 19:11:53
750,19,Gabriel Castro,Maestro,30,Lorena Benítez,Maestro,Tecnología e Informática,Par,4,Trabajo en Equipo,4,Buen trabajo colaborativo con apertura a sugerencias de mejora.,2026-09-18 01:11:53
755,28,Natalia Reyes,Maestro,30,Lorena Benítez,Maestro,Tecnología e Informática,Par,4,Trabajo en Equipo,4,Muestra compromiso con sus funciones y mantiene buena comunicación.,2026-09-09 18:11:53
760,9,Gonzalo Ibáñez,Administrativo,30,Lorena Benítez,Maestro,Tecnología e Informática,Subordinado,4,Trabajo en Equipo,4,Maneja adecuadamente los grupos y demuestra sólido conocimiento en su área.,2026-09-19 21:11:53
661,27,Manuel Guerrero,Maestro,27,Manuel Guerrero,Maestro,Ciencias Exactas,Autoevaluación,2,Comunicación Efectiva,4,Muestra compromiso con sus funciones y mantiene buena comunicación.,2026-09-11 17:11:53
666,1,Dra. Beatriz Villaseñor,Directivo,27,Manuel Guerrero,Maestro,Ciencias Exactas,Jefe,2,Comunicación Efectiva,4,Muestra compromiso con sus funciones y mantiene buena comunicación.,2026-09-13 01:11:53
671,20,Valeria Ríos,Maestro,27,Manuel Guerrero,Maestro,Ciencias Exactas,Par,2,Comunicación Efectiva,3,"Mantiene un ritmo constante, recomendable reforzar habilidades en esta área.",2026-09-08 16:11:53
676,17,Javier Morales,Maestro,27,Manuel Guerrero,Maestro,Ciencias Exactas,Par,2,Comunicación Efectiva,5,Puntualidad impecable y actitud ejemplar en todas sus actividades.,2026-09-20 18:11:53
681,24,Carmen Delgado,Maestro,27,Manuel Guerrero,Maestro,Ciencias Exactas,Subordinado,2,Comunicación Efectiva,5,Puntualidad impecable y actitud ejemplar en todas sus actividades.,2026-09-03 20:11:53
662,27,Manuel Guerrero,Maestro,27,Manuel Guerrero,Maestro,Ciencias Exactas,Autoevaluación,1,Liderazgo,3,"Desempeño aceptable en sus funciones habituales, dentro del promedio esperado.",2026-09-02 21:11:53
667,1,Dra. Beatriz Villaseñor,Directivo,27,Manuel Guerrero,Maestro,Ciencias Exactas,Jefe,1,Liderazgo,4,"Muy buen desempeño general, cumple de forma constante con los objetivos.",2026-09-03 17:11:53
672,20,Valeria Ríos,Maestro,27,Manuel Guerrero,Maestro,Ciencias Exactas,Par,1,Liderazgo,4,Muestra compromiso con sus funciones y mantiene buena comunicación.,2026-09-14 22:11:53
677,17,Javier Morales,Maestro,27,Manuel Guerrero,Maestro,Ciencias Exactas,Par,1,Liderazgo,4,"Muy buen desempeño general, cumple de forma constante con los objetivos.",2026-08-31 01:11:53
682,24,Carmen Delgado,Maestro,27,Manuel Guerrero,Maestro,Ciencias Exactas,Subordinado,1,Liderazgo,4,"Muy buen desempeño general, cumple de forma constante con los objetivos.",2026-09-15 19:11:53
663,27,Manuel Guerrero,Maestro,27,Manuel Guerrero,Maestro,Ciencias Exactas,Autoevaluación,3,Pedagogía y Gestión,3,"Mantiene un ritmo constante, recomendable reforzar habilidades en esta área.",2026-09-23 18:11:53
668,1,Dra. Beatriz Villaseñor,Directivo,27,Manuel Guerrero,Maestro,Ciencias Exactas,Jefe,3,Pedagogía y Gestión,4,Maneja adecuadamente los grupos y demuestra sólido conocimiento en su área.,2026-09-10 22:11:53
673,20,Valeria Ríos,Maestro,27,Manuel Guerrero,Maestro,Ciencias Exactas,Par,3,Pedagogía y Gestión,5,Puntualidad impecable y actitud ejemplar en todas sus actividades.,2026-09-02 00:11:53
678,17,Javier Morales,Maestro,27,Manuel Guerrero,Maestro,Ciencias Exactas,Par,3,Pedagogía y Gestión,3,"Desempeño aceptable en sus funciones habituales, dentro del promedio esperado.",2026-08-30 20:11:53
683,24,Carmen Delgado,Maestro,27,Manuel Guerrero,Maestro,Ciencias Exactas,Subordinado,3,Pedagogía y Gestión,5,Puntualidad impecable y actitud ejemplar en todas sus actividades.,2026-09-19 17:11:53
664,27,Manuel Guerrero,Maestro,27,Manuel Guerrero,Maestro,Ciencias Exactas,Autoevaluación,5,Puntualidad y Compromiso,4,Muestra compromiso con sus funciones y mantiene buena comunicación.,2026-09-02 00:11:53
669,1,Dra. Beatriz Villaseñor,Directivo,27,Manuel Guerrero,Maestro,Ciencias Exactas,Jefe,5,Puntualidad y Compromiso,4,"Muy buen desempeño general, cumple de forma constante con los objetivos.",2026-09-07 00:11:53
674,20,Valeria Ríos,Maestro,27,Manuel Guerrero,Maestro,Ciencias Exactas,Par,5,Puntualidad y Compromiso,4,"Muy buen desempeño general, cumple de forma constante con los objetivos.",2026-09-10 21:11:53
679,17,Javier Morales,Maestro,27,Manuel Guerrero,Maestro,Ciencias Exactas,Par,5,Puntualidad y Compromiso,4,Maneja adecuadamente los grupos y demuestra sólido conocimiento en su área.,2026-09-15 20:11:53
684,24,Carmen Delgado,Maestro,27,Manuel Guerrero,Maestro,Ciencias Exactas,Subordinado,5,Puntualidad y Compromiso,4,Maneja adecuadamente los grupos y demuestra sólido conocimiento en su área.,2026-09-22 19:11:53
665,27,Manuel Guerrero,Maestro,27,Manuel Guerrero,Maestro,Ciencias Exactas,Autoevaluación,4,Trabajo en Equipo,3,"Cumple con lo requerido, aunque podría mostrar mayor iniciativa en ciertos proyectos.",2026-09-13 21:11:53
670,1,Dra. Beatriz Villaseñor,Directivo,27,Manuel Guerrero,Maestro,Ciencias Exactas,Jefe,4,Trabajo en Equipo,4,Entregas oportunas y buena disposición frente a nuevos retos.,2026-09-08 16:11:53
675,20,Valeria Ríos,Maestro,27,Manuel Guerrero,Maestro,Ciencias Exactas,Par,4,Trabajo en Equipo,5,Puntualidad impecable y actitud ejemplar en todas sus actividades.,2026-09-12 21:11:53
680,17,Javier Morales,Maestro,27,Manuel Guerrero,Maestro,Ciencias Exactas,Par,4,Trabajo en Equipo,5,Puntualidad impecable y actitud ejemplar en todas sus actividades.,2026-09-23 22:11:53
685,24,Carmen Delgado,Maestro,27,Manuel Guerrero,Maestro,Ciencias Exactas,Subordinado,4,Trabajo en Equipo,4,Maneja adecuadamente los grupos y demuestra sólido conocimiento en su área.,2026-09-19 01:11:53
136,6,Mariana Solís,Administrativo,6,Mariana Solís,Administrativo,Admisiones,Autoevaluación,2,Comunicación Efectiva,3,"Mantiene un ritmo constante, recomendable reforzar habilidades en esta área.",2026-09-16 19:11:53
141,2,Dr. Alejandro de la Vega,Directivo,6,Mariana Solís,Administrativo,Admisiones,Jefe,2,Comunicación Efectiva,3,"Mantiene un ritmo constante, recomendable reforzar habilidades en esta área.",2026-09-07 20:11:53
146,4,Claudia Ramírez,Administrativo,6,Mariana Solís,Administrativo,Admisiones,Par,2,Comunicación Efectiva,3,"Cumple con lo requerido, aunque podría mostrar mayor iniciativa en ciertos proyectos.",2026-09-08 16:11:53
151,5,Esteban Fuentes,Administrativo,6,Mariana Solís,Administrativo,Admisiones,Par,2,Comunicación Efectiva,3,"Desempeño aceptable en sus funciones habituales, dentro del promedio esperado.",2026-09-07 23:11:53
156,9,Gonzalo Ibáñez,Administrativo,6,Mariana Solís,Administrativo,Admisiones,Subordinado,2,Comunicación Efectiva,3,"Generalmente puntual, con oportunidades de optimizar sus tiempos de respuesta.",2026-09-11 23:11:53
137,6,Mariana Solís,Administrativo,6,Mariana Solís,Administrativo,Admisiones,Autoevaluación,1,Liderazgo,3,"Mantiene un ritmo constante, recomendable reforzar habilidades en esta área.",2026-09-13 16:11:53
142,2,Dr. Alejandro de la Vega,Directivo,6,Mariana Solís,Administrativo,Admisiones,Jefe,1,Liderazgo,3,"Desempeño aceptable en sus funciones habituales, dentro del promedio esperado.",2026-09-22 19:11:53
147,4,Claudia Ramírez,Administrativo,6,Mariana Solís,Administrativo,Admisiones,Par,1,Liderazgo,3,"Desempeño aceptable en sus funciones habituales, dentro del promedio esperado.",2026-09-01 00:11:53
152,5,Esteban Fuentes,Administrativo,6,Mariana Solís,Administrativo,Admisiones,Par,1,Liderazgo,3,"Desempeño aceptable en sus funciones habituales, dentro del promedio esperado.",2026-09-01 22:11:53
157,9,Gonzalo Ibáñez,Administrativo,6,Mariana Solís,Administrativo,Admisiones,Subordinado,1,Liderazgo,3,"Mantiene un ritmo constante, recomendable reforzar habilidades en esta área.",2026-09-09 01:11:53
138,6,Mariana Solís,Administrativo,6,Mariana Solís,Administrativo,Admisiones,Autoevaluación,3,Pedagogía y Gestión,2,Requiere fortalecer esta competencia para alcanzar el estándar de la institución.,2026-09-08 19:11:53
143,2,Dr. Alejandro de la Vega,Directivo,6,Mariana Solís,Administrativo,Admisiones,Jefe,3,Pedagogía y Gestión,3,"Cumple con lo requerido, aunque podría mostrar mayor iniciativa en ciertos proyectos.",2026-09-05 19:11:53
148,4,Claudia Ramírez,Administrativo,6,Mariana Solís,Administrativo,Admisiones,Par,3,Pedagogía y Gestión,3,"Su comunicación es adecuada, pero a veces falta mayor seguimiento a los compromisos.",2026-09-21 18:11:53
153,5,Esteban Fuentes,Administrativo,6,Mariana Solís,Administrativo,Admisiones,Par,3,Pedagogía y Gestión,2,Requiere fortalecer esta competencia para alcanzar el estándar de la institución.,2026-09-03 18:11:53
158,9,Gonzalo Ibáñez,Administrativo,6,Mariana Solís,Administrativo,Admisiones,Subordinado,3,Pedagogía y Gestión,4,Entregas oportunas y buena disposición frente a nuevos retos.,2026-09-22 17:11:53
139,6,Mariana Solís,Administrativo,6,Mariana Solís,Administrativo,Admisiones,Autoevaluación,5,Puntualidad y Compromiso,3,"Generalmente puntual, con oportunidades de optimizar sus tiempos de respuesta.",2026-09-10 23:11:53
144,2,Dr. Alejandro de la Vega,Directivo,6,Mariana Solís,Administrativo,Admisiones,Jefe,5,Puntualidad y Compromiso,2,Le cuesta trabajo integrarse en actividades colaborativas de su departamento.,2026-09-23 01:11:53
149,4,Claudia Ramírez,Administrativo,6,Mariana Solís,Administrativo,Admisiones,Par,5,Puntualidad y Compromiso,3,"Desempeño aceptable en sus funciones habituales, dentro del promedio esperado.",2026-08-31 01:11:53
154,5,Esteban Fuentes,Administrativo,6,Mariana Solís,Administrativo,Admisiones,Par,5,Puntualidad y Compromiso,3,"Generalmente puntual, con oportunidades de optimizar sus tiempos de respuesta.",2026-09-08 17:11:53
159,9,Gonzalo Ibáñez,Administrativo,6,Mariana Solís,Administrativo,Admisiones,Subordinado,5,Puntualidad y Compromiso,4,"Muy buen desempeño general, cumple de forma constante con los objetivos.",2026-09-04 19:11:53
140,6,Mariana Solís,Administrativo,6,Mariana Solís,Administrativo,Admisiones,Autoevaluación,4,Trabajo en Equipo,3,"Generalmente puntual, con oportunidades de optimizar sus tiempos de respuesta.",2026-09-15 21:11:53
145,2,Dr. Alejandro de la Vega,Directivo,6,Mariana Solís,Administrativo,Admisiones,Jefe,4,Trabajo en Equipo,3,"Desempeño aceptable en sus funciones habituales, dentro del promedio esperado.",2026-09-05 20:11:53
150,4,Claudia Ramírez,Administrativo,6,Mariana Solís,Administrativo,Admisiones,Par,4,Trabajo en Equipo,2,Le cuesta trabajo integrarse en actividades colaborativas de su departamento.,2026-09-14 23:11:53
155,5,Esteban Fuentes,Administrativo,6,Mariana Solís,Administrativo,Admisiones,Par,4,Trabajo en Equipo,4,Maneja adecuadamente los grupos y demuestra sólido conocimiento en su área.,2026-09-19 01:11:53
160,9,Gonzalo Ibáñez,Administrativo,6,Mariana Solís,Administrativo,Admisiones,Subordinado,4,Trabajo en Equipo,3,"Desempeño aceptable en sus funciones habituales, dentro del promedio esperado.",2026-09-04 16:11:53
686,28,Natalia Reyes,Maestro,28,Natalia Reyes,Maestro,Humanidades,Autoevaluación,2,Comunicación Efectiva,5,Demuestra un desempeño sobresaliente y es un referente positivo en la institución.,2026-09-08 18:11:53
691,1,Dra. Beatriz Villaseñor,Directivo,28,Natalia Reyes,Maestro,Humanidades,Jefe,2,Comunicación Efectiva,3,"Su comunicación es adecuada, pero a veces falta mayor seguimiento a los compromisos.",2026-09-22 01:11:53
696,26,Isabel Romero,Maestro,28,Natalia Reyes,Maestro,Humanidades,Par,2,Comunicación Efectiva,4,Maneja adecuadamente los grupos y demuestra sólido conocimiento en su área.,2026-09-03 18:11:53
701,22,Beatriz Vargas,Maestro,28,Natalia Reyes,Maestro,Humanidades,Par,2,Comunicación Efectiva,4,Muestra compromiso con sus funciones y mantiene buena comunicación.,2026-09-25 00:11:53
706,18,Patricia Aguilar,Maestro,28,Natalia Reyes,Maestro,Humanidades,Subordinado,2,Comunicación Efectiva,4,Entregas oportunas y buena disposición frente a nuevos retos.,2026-09-14 19:11:53
687,28,Natalia Reyes,Maestro,28,Natalia Reyes,Maestro,Humanidades,Autoevaluación,1,Liderazgo,5,Demuestra un desempeño sobresaliente y es un referente positivo en la institución.,2026-09-04 23:11:53
692,1,Dra. Beatriz Villaseñor,Directivo,28,Natalia Reyes,Maestro,Humanidades,Jefe,1,Liderazgo,4,Maneja adecuadamente los grupos y demuestra sólido conocimiento en su área.,2026-09-14 00:11:53
697,26,Isabel Romero,Maestro,28,Natalia Reyes,Maestro,Humanidades,Par,1,Liderazgo,5,Puntualidad impecable y actitud ejemplar en todas sus actividades.,2026-09-24 22:11:53
702,22,Beatriz Vargas,Maestro,28,Natalia Reyes,Maestro,Humanidades,Par,1,Liderazgo,4,"Muy buen desempeño general, cumple de forma constante con los objetivos.",2026-09-11 17:11:53
707,18,Patricia Aguilar,Maestro,28,Natalia Reyes,Maestro,Humanidades,Subordinado,1,Liderazgo,3,"Cumple con lo requerido, aunque podría mostrar mayor iniciativa en ciertos proyectos.",2026-08-30 22:11:53
688,28,Natalia Reyes,Maestro,28,Natalia Reyes,Maestro,Humanidades,Autoevaluación,3,Pedagogía y Gestión,5,Su aporte y liderazgo son fundamentales para el éxito del equipo.,2026-09-16 00:11:53
693,1,Dra. Beatriz Villaseñor,Directivo,28,Natalia Reyes,Maestro,Humanidades,Jefe,3,Pedagogía y Gestión,3,"Su comunicación es adecuada, pero a veces falta mayor seguimiento a los compromisos.",2026-09-04 20:11:53
698,26,Isabel Romero,Maestro,28,Natalia Reyes,Maestro,Humanidades,Par,3,Pedagogía y Gestión,4,Muestra compromiso con sus funciones y mantiene buena comunicación.,2026-09-09 19:11:53
703,22,Beatriz Vargas,Maestro,28,Natalia Reyes,Maestro,Humanidades,Par,3,Pedagogía y Gestión,5,Su aporte y liderazgo son fundamentales para el éxito del equipo.,2026-09-09 17:11:53
708,18,Patricia Aguilar,Maestro,28,Natalia Reyes,Maestro,Humanidades,Subordinado,3,Pedagogía y Gestión,4,Entregas oportunas y buena disposición frente a nuevos retos.,2026-09-10 16:11:53
689,28,Natalia Reyes,Maestro,28,Natalia Reyes,Maestro,Humanidades,Autoevaluación,5,Puntualidad y Compromiso,4,Muestra compromiso con sus funciones y mantiene buena comunicación.,2026-09-10 18:11:53
694,1,Dra. Beatriz Villaseñor,Directivo,28,Natalia Reyes,Maestro,Humanidades,Jefe,5,Puntualidad y Compromiso,4,Entregas oportunas y buena disposición frente a nuevos retos.,2026-09-20 17:11:53
699,26,Isabel Romero,Maestro,28,Natalia Reyes,Maestro,Humanidades,Par,5,Puntualidad y Compromiso,3,"Su comunicación es adecuada, pero a veces falta mayor seguimiento a los compromisos.",2026-09-02 01:11:53
704,22,Beatriz Vargas,Maestro,28,Natalia Reyes,Maestro,Humanidades,Par,5,Puntualidad y Compromiso,3,"Generalmente puntual, con oportunidades de optimizar sus tiempos de respuesta.",2026-09-13 16:11:53
709,18,Patricia Aguilar,Maestro,28,Natalia Reyes,Maestro,Humanidades,Subordinado,5,Puntualidad y Compromiso,5,Su aporte y liderazgo son fundamentales para el éxito del equipo.,2026-09-02 19:11:53
690,28,Natalia Reyes,Maestro,28,Natalia Reyes,Maestro,Humanidades,Autoevaluación,4,Trabajo en Equipo,3,"Su comunicación es adecuada, pero a veces falta mayor seguimiento a los compromisos.",2026-09-22 17:11:53
695,1,Dra. Beatriz Villaseñor,Directivo,28,Natalia Reyes,Maestro,Humanidades,Jefe,4,Trabajo en Equipo,4,"Muy buen desempeño general, cumple de forma constante con los objetivos.",2026-09-06 16:11:53
700,26,Isabel Romero,Maestro,28,Natalia Reyes,Maestro,Humanidades,Par,4,Trabajo en Equipo,4,Buen trabajo colaborativo con apertura a sugerencias de mejora.,2026-09-03 00:11:53
705,22,Beatriz Vargas,Maestro,28,Natalia Reyes,Maestro,Humanidades,Par,4,Trabajo en Equipo,4,Buen trabajo colaborativo con apertura a sugerencias de mejora.,2026-09-23 01:11:53
710,18,Patricia Aguilar,Maestro,28,Natalia Reyes,Maestro,Humanidades,Subordinado,4,Trabajo en Equipo,4,Muestra compromiso con sus funciones y mantiene buena comunicación.,2026-09-12 23:11:53
436,18,Patricia Aguilar,Maestro,18,Patricia Aguilar,Maestro,Humanidades,Autoevaluación,2,Comunicación Efectiva,5,Demuestra un desempeño sobresaliente y es un referente positivo en la institución.,2026-09-17 23:11:53
441,1,Dra. Beatriz Villaseñor,Directivo,18,Patricia Aguilar,Maestro,Humanidades,Jefe,2,Comunicación Efectiva,4,Entregas oportunas y buena disposición frente a nuevos retos.,2026-09-14 16:11:53
446,17,Javier Morales,Maestro,18,Patricia Aguilar,Maestro,Humanidades,Par,2,Comunicación Efectiva,3,"Su comunicación es adecuada, pero a veces falta mayor seguimiento a los compromisos.",2026-09-16 20:11:53
451,19,Gabriel Castro,Maestro,18,Patricia Aguilar,Maestro,Humanidades,Par,2,Comunicación Efectiva,3,"Su comunicación es adecuada, pero a veces falta mayor seguimiento a los compromisos.",2026-09-23 18:11:53
456,15,Fernando Silva,Maestro,18,Patricia Aguilar,Maestro,Humanidades,Subordinado,2,Comunicación Efectiva,3,"Generalmente puntual, con oportunidades de optimizar sus tiempos de respuesta.",2026-09-06 19:11:53
437,18,Patricia Aguilar,Maestro,18,Patricia Aguilar,Maestro,Humanidades,Autoevaluación,1,Liderazgo,4,Entregas oportunas y buena disposición frente a nuevos retos.,2026-09-23 22:11:53
442,1,Dra. Beatriz Villaseñor,Directivo,18,Patricia Aguilar,Maestro,Humanidades,Jefe,1,Liderazgo,5,Puntualidad impecable y actitud ejemplar en todas sus actividades.,2026-09-06 00:11:53
447,17,Javier Morales,Maestro,18,Patricia Aguilar,Maestro,Humanidades,Par,1,Liderazgo,4,Buen trabajo colaborativo con apertura a sugerencias de mejora.,2026-09-23 20:11:53
452,19,Gabriel Castro,Maestro,18,Patricia Aguilar,Maestro,Humanidades,Par,1,Liderazgo,5,Su aporte y liderazgo son fundamentales para el éxito del equipo.,2026-08-31 20:11:53
457,15,Fernando Silva,Maestro,18,Patricia Aguilar,Maestro,Humanidades,Subordinado,1,Liderazgo,4,Muestra compromiso con sus funciones y mantiene buena comunicación.,2026-08-31 17:11:53
438,18,Patricia Aguilar,Maestro,18,Patricia Aguilar,Maestro,Humanidades,Autoevaluación,3,Pedagogía y Gestión,5,"Excelente manejo de sus responsabilidades, supera constantemente las expectativas.",2026-09-20 19:11:53
443,1,Dra. Beatriz Villaseñor,Directivo,18,Patricia Aguilar,Maestro,Humanidades,Jefe,3,Pedagogía y Gestión,4,Buen trabajo colaborativo con apertura a sugerencias de mejora.,2026-09-04 23:11:53
448,17,Javier Morales,Maestro,18,Patricia Aguilar,Maestro,Humanidades,Par,3,Pedagogía y Gestión,5,"Excelente manejo de sus responsabilidades, supera constantemente las expectativas.",2026-09-21 23:11:53
453,19,Gabriel Castro,Maestro,18,Patricia Aguilar,Maestro,Humanidades,Par,3,Pedagogía y Gestión,4,Maneja adecuadamente los grupos y demuestra sólido conocimiento en su área.,2026-09-19 20:11:53
458,15,Fernando Silva,Maestro,18,Patricia Aguilar,Maestro,Humanidades,Subordinado,3,Pedagogía y Gestión,4,Maneja adecuadamente los grupos y demuestra sólido conocimiento en su área.,2026-09-02 18:11:53
439,18,Patricia Aguilar,Maestro,18,Patricia Aguilar,Maestro,Humanidades,Autoevaluación,5,Puntualidad y Compromiso,5,Demuestra un desempeño sobresaliente y es un referente positivo en la institución.,2026-09-05 16:11:53
444,1,Dra. Beatriz Villaseñor,Directivo,18,Patricia Aguilar,Maestro,Humanidades,Jefe,5,Puntualidad y Compromiso,4,Buen trabajo colaborativo con apertura a sugerencias de mejora.,2026-09-16 21:11:53
449,17,Javier Morales,Maestro,18,Patricia Aguilar,Maestro,Humanidades,Par,5,Puntualidad y Compromiso,4,Buen trabajo colaborativo con apertura a sugerencias de mejora.,2026-09-08 17:11:53
454,19,Gabriel Castro,Maestro,18,Patricia Aguilar,Maestro,Humanidades,Par,5,Puntualidad y Compromiso,4,Maneja adecuadamente los grupos y demuestra sólido conocimiento en su área.,2026-09-05 19:11:53
459,15,Fernando Silva,Maestro,18,Patricia Aguilar,Maestro,Humanidades,Subordinado,5,Puntualidad y Compromiso,2,Es necesario mejorar la claridad en la transmisión de instrucciones o reportes.,2026-09-19 23:11:53
440,18,Patricia Aguilar,Maestro,18,Patricia Aguilar,Maestro,Humanidades,Autoevaluación,4,Trabajo en Equipo,4,Maneja adecuadamente los grupos y demuestra sólido conocimiento en su área.,2026-09-09 22:11:53
445,1,Dra. Beatriz Villaseñor,Directivo,18,Patricia Aguilar,Maestro,Humanidades,Jefe,4,Trabajo en Equipo,5,Su aporte y liderazgo son fundamentales para el éxito del equipo.,2026-09-18 23:11:53
450,17,Javier Morales,Maestro,18,Patricia Aguilar,Maestro,Humanidades,Par,4,Trabajo en Equipo,5,Puntualidad impecable y actitud ejemplar en todas sus actividades.,2026-09-21 00:11:53
455,19,Gabriel Castro,Maestro,18,Patricia Aguilar,Maestro,Humanidades,Par,4,Trabajo en Equipo,4,Entregas oportunas y buena disposición frente a nuevos retos.,2026-09-21 20:11:53
460,15,Fernando Silva,Maestro,18,Patricia Aguilar,Maestro,Humanidades,Subordinado,4,Trabajo en Equipo,4,Muestra compromiso con sus funciones y mantiene buena comunicación.,2026-09-23 20:11:53
186,8,Pilar Fernández,Administrativo,8,Pilar Fernández,Administrativo,Servicios Escolares,Autoevaluación,2,Comunicación Efectiva,5,"Excelente manejo de sus responsabilidades, supera constantemente las expectativas.",2026-09-14 20:11:53
191,2,Dr. Alejandro de la Vega,Directivo,8,Pilar Fernández,Administrativo,Servicios Escolares,Jefe,2,Comunicación Efectiva,3,"Su comunicación es adecuada, pero a veces falta mayor seguimiento a los compromisos.",2026-09-22 20:11:53
196,9,Gonzalo Ibáñez,Administrativo,8,Pilar Fernández,Administrativo,Servicios Escolares,Par,2,Comunicación Efectiva,5,Gran capacidad resolutiva y trato sumamente profesional con todos.,2026-09-20 18:11:53
201,6,Mariana Solís,Administrativo,8,Pilar Fernández,Administrativo,Servicios Escolares,Par,2,Comunicación Efectiva,4,"Muy buen desempeño general, cumple de forma constante con los objetivos.",2026-09-10 00:11:53
206,5,Esteban Fuentes,Administrativo,8,Pilar Fernández,Administrativo,Servicios Escolares,Subordinado,2,Comunicación Efectiva,4,"Muy buen desempeño general, cumple de forma constante con los objetivos.",2026-08-31 21:11:53
187,8,Pilar Fernández,Administrativo,8,Pilar Fernández,Administrativo,Servicios Escolares,Autoevaluación,1,Liderazgo,4,Maneja adecuadamente los grupos y demuestra sólido conocimiento en su área.,2026-09-14 19:11:53
192,2,Dr. Alejandro de la Vega,Directivo,8,Pilar Fernández,Administrativo,Servicios Escolares,Jefe,1,Liderazgo,4,Entregas oportunas y buena disposición frente a nuevos retos.,2026-09-20 23:11:53
197,9,Gonzalo Ibáñez,Administrativo,8,Pilar Fernández,Administrativo,Servicios Escolares,Par,1,Liderazgo,4,Entregas oportunas y buena disposición frente a nuevos retos.,2026-09-17 21:11:53
202,6,Mariana Solís,Administrativo,8,Pilar Fernández,Administrativo,Servicios Escolares,Par,1,Liderazgo,5,Gran capacidad resolutiva y trato sumamente profesional con todos.,2026-09-09 23:11:53
207,5,Esteban Fuentes,Administrativo,8,Pilar Fernández,Administrativo,Servicios Escolares,Subordinado,1,Liderazgo,4,Muestra compromiso con sus funciones y mantiene buena comunicación.,2026-09-07 00:11:53
188,8,Pilar Fernández,Administrativo,8,Pilar Fernández,Administrativo,Servicios Escolares,Autoevaluación,3,Pedagogía y Gestión,4,Maneja adecuadamente los grupos y demuestra sólido conocimiento en su área.,2026-09-16 18:11:53
193,2,Dr. Alejandro de la Vega,Directivo,8,Pilar Fernández,Administrativo,Servicios Escolares,Jefe,3,Pedagogía y Gestión,4,Buen trabajo colaborativo con apertura a sugerencias de mejora.,2026-09-17 00:11:53
198,9,Gonzalo Ibáñez,Administrativo,8,Pilar Fernández,Administrativo,Servicios Escolares,Par,3,Pedagogía y Gestión,4,"Muy buen desempeño general, cumple de forma constante con los objetivos.",2026-09-13 17:11:53
203,6,Mariana Solís,Administrativo,8,Pilar Fernández,Administrativo,Servicios Escolares,Par,3,Pedagogía y Gestión,4,"Muy buen desempeño general, cumple de forma constante con los objetivos.",2026-09-06 20:11:53
208,5,Esteban Fuentes,Administrativo,8,Pilar Fernández,Administrativo,Servicios Escolares,Subordinado,3,Pedagogía y Gestión,5,"Excelente manejo de sus responsabilidades, supera constantemente las expectativas.",2026-09-04 18:11:53
189,8,Pilar Fernández,Administrativo,8,Pilar Fernández,Administrativo,Servicios Escolares,Autoevaluación,5,Puntualidad y Compromiso,3,"Generalmente puntual, con oportunidades de optimizar sus tiempos de respuesta.",2026-09-22 18:11:53
194,2,Dr. Alejandro de la Vega,Directivo,8,Pilar Fernández,Administrativo,Servicios Escolares,Jefe,5,Puntualidad y Compromiso,5,Su aporte y liderazgo son fundamentales para el éxito del equipo.,2026-09-05 19:11:53
199,9,Gonzalo Ibáñez,Administrativo,8,Pilar Fernández,Administrativo,Servicios Escolares,Par,5,Puntualidad y Compromiso,4,Muestra compromiso con sus funciones y mantiene buena comunicación.,2026-09-12 18:11:53
204,6,Mariana Solís,Administrativo,8,Pilar Fernández,Administrativo,Servicios Escolares,Par,5,Puntualidad y Compromiso,4,Muestra compromiso con sus funciones y mantiene buena comunicación.,2026-09-22 17:11:53
209,5,Esteban Fuentes,Administrativo,8,Pilar Fernández,Administrativo,Servicios Escolares,Subordinado,5,Puntualidad y Compromiso,5,"Excelente manejo de sus responsabilidades, supera constantemente las expectativas.",2026-09-15 01:11:53
190,8,Pilar Fernández,Administrativo,8,Pilar Fernández,Administrativo,Servicios Escolares,Autoevaluación,4,Trabajo en Equipo,5,Demuestra un desempeño sobresaliente y es un referente positivo en la institución.,2026-09-07 22:11:53
195,2,Dr. Alejandro de la Vega,Directivo,8,Pilar Fernández,Administrativo,Servicios Escolares,Jefe,4,Trabajo en Equipo,4,"Muy buen desempeño general, cumple de forma constante con los objetivos.",2026-09-09 23:11:53
200,9,Gonzalo Ibáñez,Administrativo,8,Pilar Fernández,Administrativo,Servicios Escolares,Par,4,Trabajo en Equipo,4,"Muy buen desempeño general, cumple de forma constante con los objetivos.",2026-09-14 20:11:53
205,6,Mariana Solís,Administrativo,8,Pilar Fernández,Administrativo,Servicios Escolares,Par,4,Trabajo en Equipo,4,"Muy buen desempeño general, cumple de forma constante con los objetivos.",2026-09-13 18:11:53
210,5,Esteban Fuentes,Administrativo,8,Pilar Fernández,Administrativo,Servicios Escolares,Subordinado,4,Trabajo en Equipo,4,Maneja adecuadamente los grupos y demuestra sólido conocimiento en su área.,2026-09-19 20:11:53
61,3,Ricardo Palacios,Administrativo,3,Ricardo Palacios,Administrativo,Recursos Humanos,Autoevaluación,2,Comunicación Efectiva,5,Puntualidad impecable y actitud ejemplar en todas sus actividades.,2026-09-22 18:11:53
66,1,Dra. Beatriz Villaseñor,Directivo,3,Ricardo Palacios,Administrativo,Recursos Humanos,Jefe,2,Comunicación Efectiva,4,Maneja adecuadamente los grupos y demuestra sólido conocimiento en su área.,2026-09-10 20:11:53
71,6,Mariana Solís,Administrativo,3,Ricardo Palacios,Administrativo,Recursos Humanos,Par,2,Comunicación Efectiva,5,Su aporte y liderazgo son fundamentales para el éxito del equipo.,2026-09-13 01:11:53
76,4,Claudia Ramírez,Administrativo,3,Ricardo Palacios,Administrativo,Recursos Humanos,Par,2,Comunicación Efectiva,3,"Desempeño aceptable en sus funciones habituales, dentro del promedio esperado.",2026-09-20 21:11:53
81,5,Esteban Fuentes,Administrativo,3,Ricardo Palacios,Administrativo,Recursos Humanos,Subordinado,2,Comunicación Efectiva,5,Gran capacidad resolutiva y trato sumamente profesional con todos.,2026-09-16 16:11:53
62,3,Ricardo Palacios,Administrativo,3,Ricardo Palacios,Administrativo,Recursos Humanos,Autoevaluación,1,Liderazgo,4,Muestra compromiso con sus funciones y mantiene buena comunicación.,2026-09-04 18:11:53
67,1,Dra. Beatriz Villaseñor,Directivo,3,Ricardo Palacios,Administrativo,Recursos Humanos,Jefe,1,Liderazgo,5,"Excelente manejo de sus responsabilidades, supera constantemente las expectativas.",2026-09-11 21:11:53
72,6,Mariana Solís,Administrativo,3,Ricardo Palacios,Administrativo,Recursos Humanos,Par,1,Liderazgo,5,Puntualidad impecable y actitud ejemplar en todas sus actividades.,2026-09-02 22:11:53
77,4,Claudia Ramírez,Administrativo,3,Ricardo Palacios,Administrativo,Recursos Humanos,Par,1,Liderazgo,4,"Muy buen desempeño general, cumple de forma constante con los objetivos.",2026-09-22 20:11:53
82,5,Esteban Fuentes,Administrativo,3,Ricardo Palacios,Administrativo,Recursos Humanos,Subordinado,1,Liderazgo,5,"Excelente manejo de sus responsabilidades, supera constantemente las expectativas.",2026-09-13 01:11:53
63,3,Ricardo Palacios,Administrativo,3,Ricardo Palacios,Administrativo,Recursos Humanos,Autoevaluación,3,Pedagogía y Gestión,5,Su aporte y liderazgo son fundamentales para el éxito del equipo.,2026-09-24 22:11:53
68,1,Dra. Beatriz Villaseñor,Directivo,3,Ricardo Palacios,Administrativo,Recursos Humanos,Jefe,3,Pedagogía y Gestión,4,"Muy buen desempeño general, cumple de forma constante con los objetivos.",2026-09-23 20:11:53
73,6,Mariana Solís,Administrativo,3,Ricardo Palacios,Administrativo,Recursos Humanos,Par,3,Pedagogía y Gestión,5,Demuestra un desempeño sobresaliente y es un referente positivo en la institución.,2026-09-21 22:11:53
78,4,Claudia Ramírez,Administrativo,3,Ricardo Palacios,Administrativo,Recursos Humanos,Par,3,Pedagogía y Gestión,4,Entregas oportunas y buena disposición frente a nuevos retos.,2026-09-08 22:11:53
83,5,Esteban Fuentes,Administrativo,3,Ricardo Palacios,Administrativo,Recursos Humanos,Subordinado,3,Pedagogía y Gestión,4,Muestra compromiso con sus funciones y mantiene buena comunicación.,2026-09-15 23:11:53
64,3,Ricardo Palacios,Administrativo,3,Ricardo Palacios,Administrativo,Recursos Humanos,Autoevaluación,5,Puntualidad y Compromiso,4,Muestra compromiso con sus funciones y mantiene buena comunicación.,2026-09-07 18:11:53
69,1,Dra. Beatriz Villaseñor,Directivo,3,Ricardo Palacios,Administrativo,Recursos Humanos,Jefe,5,Puntualidad y Compromiso,3,"Generalmente puntual, con oportunidades de optimizar sus tiempos de respuesta.",2026-09-09 16:11:53
74,6,Mariana Solís,Administrativo,3,Ricardo Palacios,Administrativo,Recursos Humanos,Par,5,Puntualidad y Compromiso,4,"Muy buen desempeño general, cumple de forma constante con los objetivos.",2026-09-16 00:11:53
79,4,Claudia Ramírez,Administrativo,3,Ricardo Palacios,Administrativo,Recursos Humanos,Par,5,Puntualidad y Compromiso,4,Entregas oportunas y buena disposición frente a nuevos retos.,2026-09-03 19:11:53
84,5,Esteban Fuentes,Administrativo,3,Ricardo Palacios,Administrativo,Recursos Humanos,Subordinado,5,Puntualidad y Compromiso,5,"Excelente manejo de sus responsabilidades, supera constantemente las expectativas.",2026-09-20 17:11:53
65,3,Ricardo Palacios,Administrativo,3,Ricardo Palacios,Administrativo,Recursos Humanos,Autoevaluación,4,Trabajo en Equipo,5,Demuestra un desempeño sobresaliente y es un referente positivo en la institución.,2026-09-14 19:11:53
70,1,Dra. Beatriz Villaseñor,Directivo,3,Ricardo Palacios,Administrativo,Recursos Humanos,Jefe,4,Trabajo en Equipo,4,Buen trabajo colaborativo con apertura a sugerencias de mejora.,2026-09-05 01:11:53
75,6,Mariana Solís,Administrativo,3,Ricardo Palacios,Administrativo,Recursos Humanos,Par,4,Trabajo en Equipo,4,Muestra compromiso con sus funciones y mantiene buena comunicación.,2026-09-10 22:11:53
80,4,Claudia Ramírez,Administrativo,3,Ricardo Palacios,Administrativo,Recursos Humanos,Par,4,Trabajo en Equipo,5,Gran capacidad resolutiva y trato sumamente profesional con todos.,2026-09-20 22:11:53
85,5,Esteban Fuentes,Administrativo,3,Ricardo Palacios,Administrativo,Recursos Humanos,Subordinado,4,Trabajo en Equipo,4,"Muy buen desempeño general, cumple de forma constante con los objetivos.",2026-09-23 19:11:53
311,13,Roberto Gómez,Maestro,13,Roberto Gómez,Maestro,Humanidades,Autoevaluación,2,Comunicación Efectiva,3,"Cumple con lo requerido, aunque podría mostrar mayor iniciativa en ciertos proyectos.",2026-09-21 23:11:53
316,1,Dra. Beatriz Villaseñor,Directivo,13,Roberto Gómez,Maestro,Humanidades,Jefe,2,Comunicación Efectiva,4,Maneja adecuadamente los grupos y demuestra sólido conocimiento en su área.,2026-09-08 20:11:53
321,16,Sofía Hernández,Maestro,13,Roberto Gómez,Maestro,Humanidades,Par,2,Comunicación Efectiva,4,Entregas oportunas y buena disposición frente a nuevos retos.,2026-09-10 16:11:53
326,28,Natalia Reyes,Maestro,13,Roberto Gómez,Maestro,Humanidades,Par,2,Comunicación Efectiva,5,Puntualidad impecable y actitud ejemplar en todas sus actividades.,2026-08-31 21:11:53
331,26,Isabel Romero,Maestro,13,Roberto Gómez,Maestro,Humanidades,Subordinado,2,Comunicación Efectiva,4,Muestra compromiso con sus funciones y mantiene buena comunicación.,2026-09-16 19:11:53
312,13,Roberto Gómez,Maestro,13,Roberto Gómez,Maestro,Humanidades,Autoevaluación,1,Liderazgo,4,Maneja adecuadamente los grupos y demuestra sólido conocimiento en su área.,2026-09-16 00:11:53
317,1,Dra. Beatriz Villaseñor,Directivo,13,Roberto Gómez,Maestro,Humanidades,Jefe,1,Liderazgo,3,"Cumple con lo requerido, aunque podría mostrar mayor iniciativa en ciertos proyectos.",2026-09-09 17:11:53
322,16,Sofía Hernández,Maestro,13,Roberto Gómez,Maestro,Humanidades,Par,1,Liderazgo,4,Buen trabajo colaborativo con apertura a sugerencias de mejora.,2026-09-08 18:11:53
327,28,Natalia Reyes,Maestro,13,Roberto Gómez,Maestro,Humanidades,Par,1,Liderazgo,4,Entregas oportunas y buena disposición frente a nuevos retos.,2026-09-11 18:11:53
332,26,Isabel Romero,Maestro,13,Roberto Gómez,Maestro,Humanidades,Subordinado,1,Liderazgo,3,"Mantiene un ritmo constante, recomendable reforzar habilidades en esta área.",2026-09-05 21:11:53
313,13,Roberto Gómez,Maestro,13,Roberto Gómez,Maestro,Humanidades,Autoevaluación,3,Pedagogía y Gestión,3,"Su comunicación es adecuada, pero a veces falta mayor seguimiento a los compromisos.",2026-09-11 22:11:53
318,1,Dra. Beatriz Villaseñor,Directivo,13,Roberto Gómez,Maestro,Humanidades,Jefe,3,Pedagogía y Gestión,3,"Cumple con lo requerido, aunque podría mostrar mayor iniciativa en ciertos proyectos.",2026-09-10 20:11:53
323,16,Sofía Hernández,Maestro,13,Roberto Gómez,Maestro,Humanidades,Par,3,Pedagogía y Gestión,4,Maneja adecuadamente los grupos y demuestra sólido conocimiento en su área.,2026-09-05 19:11:53
328,28,Natalia Reyes,Maestro,13,Roberto Gómez,Maestro,Humanidades,Par,3,Pedagogía y Gestión,3,"Cumple con lo requerido, aunque podría mostrar mayor iniciativa en ciertos proyectos.",2026-09-05 01:11:53
333,26,Isabel Romero,Maestro,13,Roberto Gómez,Maestro,Humanidades,Subordinado,3,Pedagogía y Gestión,3,"Su comunicación es adecuada, pero a veces falta mayor seguimiento a los compromisos.",2026-09-23 22:11:53
314,13,Roberto Gómez,Maestro,13,Roberto Gómez,Maestro,Humanidades,Autoevaluación,5,Puntualidad y Compromiso,3,"Su comunicación es adecuada, pero a veces falta mayor seguimiento a los compromisos.",2026-09-21 01:11:53
319,1,Dra. Beatriz Villaseñor,Directivo,13,Roberto Gómez,Maestro,Humanidades,Jefe,5,Puntualidad y Compromiso,4,Entregas oportunas y buena disposición frente a nuevos retos.,2026-09-21 17:11:53
324,16,Sofía Hernández,Maestro,13,Roberto Gómez,Maestro,Humanidades,Par,5,Puntualidad y Compromiso,3,"Cumple con lo requerido, aunque podría mostrar mayor iniciativa en ciertos proyectos.",2026-09-03 17:11:53
329,28,Natalia Reyes,Maestro,13,Roberto Gómez,Maestro,Humanidades,Par,5,Puntualidad y Compromiso,4,Maneja adecuadamente los grupos y demuestra sólido conocimiento en su área.,2026-08-31 22:11:53
334,26,Isabel Romero,Maestro,13,Roberto Gómez,Maestro,Humanidades,Subordinado,5,Puntualidad y Compromiso,3,"Mantiene un ritmo constante, recomendable reforzar habilidades en esta área.",2026-09-04 19:11:53
315,13,Roberto Gómez,Maestro,13,Roberto Gómez,Maestro,Humanidades,Autoevaluación,4,Trabajo en Equipo,4,Buen trabajo colaborativo con apertura a sugerencias de mejora.,2026-09-01 21:11:53
320,1,Dra. Beatriz Villaseñor,Directivo,13,Roberto Gómez,Maestro,Humanidades,Jefe,4,Trabajo en Equipo,3,"Mantiene un ritmo constante, recomendable reforzar habilidades en esta área.",2026-09-19 21:11:53
325,16,Sofía Hernández,Maestro,13,Roberto Gómez,Maestro,Humanidades,Par,4,Trabajo en Equipo,3,"Generalmente puntual, con oportunidades de optimizar sus tiempos de respuesta.",2026-09-24 00:11:53
330,28,Natalia Reyes,Maestro,13,Roberto Gómez,Maestro,Humanidades,Par,4,Trabajo en Equipo,3,"Su comunicación es adecuada, pero a veces falta mayor seguimiento a los compromisos.",2026-09-20 19:11:53
335,26,Isabel Romero,Maestro,13,Roberto Gómez,Maestro,Humanidades,Subordinado,4,Trabajo en Equipo,4,Maneja adecuadamente los grupos y demuestra sólido conocimiento en su área.,2026-09-11 00:11:53
386,16,Sofía Hernández,Maestro,16,Sofía Hernández,Maestro,Matemáticas,Autoevaluación,2,Comunicación Efectiva,4,"Muy buen desempeño general, cumple de forma constante con los objetivos.",2026-09-17 00:11:53
391,2,Dr. Alejandro de la Vega,Directivo,16,Sofía Hernández,Maestro,Matemáticas,Jefe,2,Comunicación Efectiva,4,"Muy buen desempeño general, cumple de forma constante con los objetivos.",2026-09-01 20:11:53
396,25,Guillermo Peña,Maestro,16,Sofía Hernández,Maestro,Matemáticas,Par,2,Comunicación Efectiva,3,"Desempeño aceptable en sus funciones habituales, dentro del promedio esperado.",2026-09-03 00:11:53
401,28,Natalia Reyes,Maestro,16,Sofía Hernández,Maestro,Matemáticas,Par,2,Comunicación Efectiva,5,Puntualidad impecable y actitud ejemplar en todas sus actividades.,2026-09-17 18:11:53
406,4,Claudia Ramírez,Administrativo,16,Sofía Hernández,Maestro,Matemáticas,Subordinado,2,Comunicación Efectiva,4,Entregas oportunas y buena disposición frente a nuevos retos.,2026-09-08 20:11:53
387,16,Sofía Hernández,Maestro,16,Sofía Hernández,Maestro,Matemáticas,Autoevaluación,1,Liderazgo,4,Muestra compromiso con sus funciones y mantiene buena comunicación.,2026-09-21 18:11:53
392,2,Dr. Alejandro de la Vega,Directivo,16,Sofía Hernández,Maestro,Matemáticas,Jefe,1,Liderazgo,4,Maneja adecuadamente los grupos y demuestra sólido conocimiento en su área.,2026-09-15 22:11:53
397,25,Guillermo Peña,Maestro,16,Sofía Hernández,Maestro,Matemáticas,Par,1,Liderazgo,4,Buen trabajo colaborativo con apertura a sugerencias de mejora.,2026-09-21 19:11:53
402,28,Natalia Reyes,Maestro,16,Sofía Hernández,Maestro,Matemáticas,Par,1,Liderazgo,4,Muestra compromiso con sus funciones y mantiene buena comunicación.,2026-09-21 01:11:53
407,4,Claudia Ramírez,Administrativo,16,Sofía Hernández,Maestro,Matemáticas,Subordinado,1,Liderazgo,4,Buen trabajo colaborativo con apertura a sugerencias de mejora.,2026-09-13 17:11:53
388,16,Sofía Hernández,Maestro,16,Sofía Hernández,Maestro,Matemáticas,Autoevaluación,3,Pedagogía y Gestión,4,Buen trabajo colaborativo con apertura a sugerencias de mejora.,2026-09-15 19:11:53
393,2,Dr. Alejandro de la Vega,Directivo,16,Sofía Hernández,Maestro,Matemáticas,Jefe,3,Pedagogía y Gestión,4,Buen trabajo colaborativo con apertura a sugerencias de mejora.,2026-09-19 17:11:53
398,25,Guillermo Peña,Maestro,16,Sofía Hernández,Maestro,Matemáticas,Par,3,Pedagogía y Gestión,4,Buen trabajo colaborativo con apertura a sugerencias de mejora.,2026-09-15 20:11:53
403,28,Natalia Reyes,Maestro,16,Sofía Hernández,Maestro,Matemáticas,Par,3,Pedagogía y Gestión,4,Entregas oportunas y buena disposición frente a nuevos retos.,2026-08-31 16:11:53
408,4,Claudia Ramírez,Administrativo,16,Sofía Hernández,Maestro,Matemáticas,Subordinado,3,Pedagogía y Gestión,3,"Cumple con lo requerido, aunque podría mostrar mayor iniciativa en ciertos proyectos.",2026-09-13 22:11:53
389,16,Sofía Hernández,Maestro,16,Sofía Hernández,Maestro,Matemáticas,Autoevaluación,5,Puntualidad y Compromiso,4,Muestra compromiso con sus funciones y mantiene buena comunicación.,2026-09-06 23:11:53
394,2,Dr. Alejandro de la Vega,Directivo,16,Sofía Hernández,Maestro,Matemáticas,Jefe,5,Puntualidad y Compromiso,4,Entregas oportunas y buena disposición frente a nuevos retos.,2026-09-10 18:11:53
399,25,Guillermo Peña,Maestro,16,Sofía Hernández,Maestro,Matemáticas,Par,5,Puntualidad y Compromiso,4,Entregas oportunas y buena disposición frente a nuevos retos.,2026-09-07 18:11:53
404,28,Natalia Reyes,Maestro,16,Sofía Hernández,Maestro,Matemáticas,Par,5,Puntualidad y Compromiso,3,"Desempeño aceptable en sus funciones habituales, dentro del promedio esperado.",2026-09-01 01:11:53
409,4,Claudia Ramírez,Administrativo,16,Sofía Hernández,Maestro,Matemáticas,Subordinado,5,Puntualidad y Compromiso,4,Buen trabajo colaborativo con apertura a sugerencias de mejora.,2026-09-21 21:11:53
390,16,Sofía Hernández,Maestro,16,Sofía Hernández,Maestro,Matemáticas,Autoevaluación,4,Trabajo en Equipo,4,"Muy buen desempeño general, cumple de forma constante con los objetivos.",2026-09-11 00:11:53
395,2,Dr. Alejandro de la Vega,Directivo,16,Sofía Hernández,Maestro,Matemáticas,Jefe,4,Trabajo en Equipo,4,Muestra compromiso con sus funciones y mantiene buena comunicación.,2026-09-23 18:11:53
400,25,Guillermo Peña,Maestro,16,Sofía Hernández,Maestro,Matemáticas,Par,4,Trabajo en Equipo,4,Buen trabajo colaborativo con apertura a sugerencias de mejora.,2026-09-19 00:11:53
405,28,Natalia Reyes,Maestro,16,Sofía Hernández,Maestro,Matemáticas,Par,4,Trabajo en Equipo,4,Entregas oportunas y buena disposición frente a nuevos retos.,2026-09-13 01:11:53
410,4,Claudia Ramírez,Administrativo,16,Sofía Hernández,Maestro,Matemáticas,Subordinado,4,Trabajo en Equipo,5,Su aporte y liderazgo son fundamentales para el éxito del equipo.,2026-09-11 18:11:53
236,10,Teresa Campos,Administrativo,10,Teresa Campos,Administrativo,Admisiones,Autoevaluación,2,Comunicación Efectiva,5,Gran capacidad resolutiva y trato sumamente profesional con todos.,2026-09-17 18:11:53
241,1,Dra. Beatriz Villaseñor,Directivo,10,Teresa Campos,Administrativo,Admisiones,Jefe,2,Comunicación Efectiva,5,Gran capacidad resolutiva y trato sumamente profesional con todos.,2026-09-01 19:11:53
246,3,Ricardo Palacios,Administrativo,10,Teresa Campos,Administrativo,Admisiones,Par,2,Comunicación Efectiva,4,Muestra compromiso con sus funciones y mantiene buena comunicación.,2026-09-04 00:11:53
251,5,Esteban Fuentes,Administrativo,10,Teresa Campos,Administrativo,Admisiones,Par,2,Comunicación Efectiva,5,Su aporte y liderazgo son fundamentales para el éxito del equipo.,2026-09-16 01:11:53
256,13,Roberto Gómez,Maestro,10,Teresa Campos,Administrativo,Admisiones,Subordinado,2,Comunicación Efectiva,4,Buen trabajo colaborativo con apertura a sugerencias de mejora.,2026-09-18 18:11:53
237,10,Teresa Campos,Administrativo,10,Teresa Campos,Administrativo,Admisiones,Autoevaluación,1,Liderazgo,5,Gran capacidad resolutiva y trato sumamente profesional con todos.,2026-09-18 22:11:53
242,1,Dra. Beatriz Villaseñor,Directivo,10,Teresa Campos,Administrativo,Admisiones,Jefe,1,Liderazgo,5,Puntualidad impecable y actitud ejemplar en todas sus actividades.,2026-08-30 16:11:53
247,3,Ricardo Palacios,Administrativo,10,Teresa Campos,Administrativo,Admisiones,Par,1,Liderazgo,5,Demuestra un desempeño sobresaliente y es un referente positivo en la institución.,2026-09-03 16:11:53
252,5,Esteban Fuentes,Administrativo,10,Teresa Campos,Administrativo,Admisiones,Par,1,Liderazgo,4,"Muy buen desempeño general, cumple de forma constante con los objetivos.",2026-09-14 00:11:53
257,13,Roberto Gómez,Maestro,10,Teresa Campos,Administrativo,Admisiones,Subordinado,1,Liderazgo,4,Entregas oportunas y buena disposición frente a nuevos retos.,2026-09-21 21:11:53
238,10,Teresa Campos,Administrativo,10,Teresa Campos,Administrativo,Admisiones,Autoevaluación,3,Pedagogía y Gestión,4,Buen trabajo colaborativo con apertura a sugerencias de mejora.,2026-08-31 21:11:53
243,1,Dra. Beatriz Villaseñor,Directivo,10,Teresa Campos,Administrativo,Admisiones,Jefe,3,Pedagogía y Gestión,5,Puntualidad impecable y actitud ejemplar en todas sus actividades.,2026-09-05 17:11:53
248,3,Ricardo Palacios,Administrativo,10,Teresa Campos,Administrativo,Admisiones,Par,3,Pedagogía y Gestión,5,Su aporte y liderazgo son fundamentales para el éxito del equipo.,2026-09-24 19:11:53
253,5,Esteban Fuentes,Administrativo,10,Teresa Campos,Administrativo,Admisiones,Par,3,Pedagogía y Gestión,5,Puntualidad impecable y actitud ejemplar en todas sus actividades.,2026-09-08 23:11:53
258,13,Roberto Gómez,Maestro,10,Teresa Campos,Administrativo,Admisiones,Subordinado,3,Pedagogía y Gestión,5,Puntualidad impecable y actitud ejemplar en todas sus actividades.,2026-09-15 20:11:53
239,10,Teresa Campos,Administrativo,10,Teresa Campos,Administrativo,Admisiones,Autoevaluación,5,Puntualidad y Compromiso,5,"Excelente manejo de sus responsabilidades, supera constantemente las expectativas.",2026-09-10 17:11:53
244,1,Dra. Beatriz Villaseñor,Directivo,10,Teresa Campos,Administrativo,Admisiones,Jefe,5,Puntualidad y Compromiso,5,Puntualidad impecable y actitud ejemplar en todas sus actividades.,2026-09-06 01:11:53
249,3,Ricardo Palacios,Administrativo,10,Teresa Campos,Administrativo,Admisiones,Par,5,Puntualidad y Compromiso,5,Su aporte y liderazgo son fundamentales para el éxito del equipo.,2026-08-31 18:11:53
254,5,Esteban Fuentes,Administrativo,10,Teresa Campos,Administrativo,Admisiones,Par,5,Puntualidad y Compromiso,5,Demuestra un desempeño sobresaliente y es un referente positivo en la institución.,2026-08-31 23:11:53
259,13,Roberto Gómez,Maestro,10,Teresa Campos,Administrativo,Admisiones,Subordinado,5,Puntualidad y Compromiso,5,Demuestra un desempeño sobresaliente y es un referente positivo en la institución.,2026-09-20 00:11:53
240,10,Teresa Campos,Administrativo,10,Teresa Campos,Administrativo,Admisiones,Autoevaluación,4,Trabajo en Equipo,5,Su aporte y liderazgo son fundamentales para el éxito del equipo.,2026-09-16 21:11:53
245,1,Dra. Beatriz Villaseñor,Directivo,10,Teresa Campos,Administrativo,Admisiones,Jefe,4,Trabajo en Equipo,5,"Excelente manejo de sus responsabilidades, supera constantemente las expectativas.",2026-09-25 01:11:53
250,3,Ricardo Palacios,Administrativo,10,Teresa Campos,Administrativo,Admisiones,Par,4,Trabajo en Equipo,5,Gran capacidad resolutiva y trato sumamente profesional con todos.,2026-09-15 17:11:53
255,5,Esteban Fuentes,Administrativo,10,Teresa Campos,Administrativo,Admisiones,Par,4,Trabajo en Equipo,5,Demuestra un desempeño sobresaliente y es un referente positivo en la institución.,2026-09-14 23:11:53
260,13,Roberto Gómez,Maestro,10,Teresa Campos,Administrativo,Admisiones,Subordinado,4,Trabajo en Equipo,5,"Excelente manejo de sus responsabilidades, supera constantemente las expectativas.",2026-09-12 23:11:53
486,20,Valeria Ríos,Maestro,20,Valeria Ríos,Maestro,Tecnología e Informática,Autoevaluación,2,Comunicación Efectiva,5,Puntualidad impecable y actitud ejemplar en todas sus actividades.,2026-09-14 17:11:53
491,1,Dra. Beatriz Villaseñor,Directivo,20,Valeria Ríos,Maestro,Tecnología e Informática,Jefe,2,Comunicación Efectiva,4,"Muy buen desempeño general, cumple de forma constante con los objetivos.",2026-09-16 16:11:53
496,29,Alejandro Ruiz,Maestro,20,Valeria Ríos,Maestro,Tecnología e Informática,Par,2,Comunicación Efectiva,3,"Generalmente puntual, con oportunidades de optimizar sus tiempos de respuesta.",2026-09-03 19:11:53
501,24,Carmen Delgado,Maestro,20,Valeria Ríos,Maestro,Tecnología e Informática,Par,2,Comunicación Efectiva,4,Entregas oportunas y buena disposición frente a nuevos retos.,2026-09-23 16:11:53
506,15,Fernando Silva,Maestro,20,Valeria Ríos,Maestro,Tecnología e Informática,Subordinado,2,Comunicación Efectiva,4,Buen trabajo colaborativo con apertura a sugerencias de mejora.,2026-09-07 01:11:53
487,20,Valeria Ríos,Maestro,20,Valeria Ríos,Maestro,Tecnología e Informática,Autoevaluación,1,Liderazgo,4,"Muy buen desempeño general, cumple de forma constante con los objetivos.",2026-09-13 18:11:53
492,1,Dra. Beatriz Villaseñor,Directivo,20,Valeria Ríos,Maestro,Tecnología e Informática,Jefe,1,Liderazgo,4,"Muy buen desempeño general, cumple de forma constante con los objetivos.",2026-09-14 16:11:53
497,29,Alejandro Ruiz,Maestro,20,Valeria Ríos,Maestro,Tecnología e Informática,Par,1,Liderazgo,4,Buen trabajo colaborativo con apertura a sugerencias de mejora.,2026-09-14 00:11:53
502,24,Carmen Delgado,Maestro,20,Valeria Ríos,Maestro,Tecnología e Informática,Par,1,Liderazgo,3,"Cumple con lo requerido, aunque podría mostrar mayor iniciativa en ciertos proyectos.",2026-09-05 17:11:53
507,15,Fernando Silva,Maestro,20,Valeria Ríos,Maestro,Tecnología e Informática,Subordinado,1,Liderazgo,2,Le cuesta trabajo integrarse en actividades colaborativas de su departamento.,2026-09-06 20:11:53
488,20,Valeria Ríos,Maestro,20,Valeria Ríos,Maestro,Tecnología e Informática,Autoevaluación,3,Pedagogía y Gestión,3,"Generalmente puntual, con oportunidades de optimizar sus tiempos de respuesta.",2026-09-12 23:11:53
493,1,Dra. Beatriz Villaseñor,Directivo,20,Valeria Ríos,Maestro,Tecnología e Informática,Jefe,3,Pedagogía y Gestión,3,"Mantiene un ritmo constante, recomendable reforzar habilidades en esta área.",2026-09-10 22:11:53
498,29,Alejandro Ruiz,Maestro,20,Valeria Ríos,Maestro,Tecnología e Informática,Par,3,Pedagogía y Gestión,2,Es necesario mejorar la claridad en la transmisión de instrucciones o reportes.,2026-09-16 22:11:53
503,24,Carmen Delgado,Maestro,20,Valeria Ríos,Maestro,Tecnología e Informática,Par,3,Pedagogía y Gestión,3,"Generalmente puntual, con oportunidades de optimizar sus tiempos de respuesta.",2026-09-20 16:11:53
508,15,Fernando Silva,Maestro,20,Valeria Ríos,Maestro,Tecnología e Informática,Subordinado,3,Pedagogía y Gestión,3,"Generalmente puntual, con oportunidades de optimizar sus tiempos de respuesta.",2026-09-06 22:11:53
489,20,Valeria Ríos,Maestro,20,Valeria Ríos,Maestro,Tecnología e Informática,Autoevaluación,5,Puntualidad y Compromiso,3,"Su comunicación es adecuada, pero a veces falta mayor seguimiento a los compromisos.",2026-09-22 16:11:53
494,1,Dra. Beatriz Villaseñor,Directivo,20,Valeria Ríos,Maestro,Tecnología e Informática,Jefe,5,Puntualidad y Compromiso,4,Maneja adecuadamente los grupos y demuestra sólido conocimiento en su área.,2026-09-11 17:11:53
499,29,Alejandro Ruiz,Maestro,20,Valeria Ríos,Maestro,Tecnología e Informática,Par,5,Puntualidad y Compromiso,3,"Su comunicación es adecuada, pero a veces falta mayor seguimiento a los compromisos.",2026-09-03 20:11:53
504,24,Carmen Delgado,Maestro,20,Valeria Ríos,Maestro,Tecnología e Informática,Par,5,Puntualidad y Compromiso,3,"Cumple con lo requerido, aunque podría mostrar mayor iniciativa en ciertos proyectos.",2026-09-22 16:11:53
509,15,Fernando Silva,Maestro,20,Valeria Ríos,Maestro,Tecnología e Informática,Subordinado,5,Puntualidad y Compromiso,5,"Excelente manejo de sus responsabilidades, supera constantemente las expectativas.",2026-09-19 22:11:53
490,20,Valeria Ríos,Maestro,20,Valeria Ríos,Maestro,Tecnología e Informática,Autoevaluación,4,Trabajo en Equipo,3,"Mantiene un ritmo constante, recomendable reforzar habilidades en esta área.",2026-09-07 16:11:53
495,1,Dra. Beatriz Villaseñor,Directivo,20,Valeria Ríos,Maestro,Tecnología e Informática,Jefe,4,Trabajo en Equipo,3,"Su comunicación es adecuada, pero a veces falta mayor seguimiento a los compromisos.",2026-09-02 18:11:53
500,29,Alejandro Ruiz,Maestro,20,Valeria Ríos,Maestro,Tecnología e Informática,Par,4,Trabajo en Equipo,3,"Cumple con lo requerido, aunque podría mostrar mayor iniciativa en ciertos proyectos.",2026-09-22 17:11:53
505,24,Carmen Delgado,Maestro,20,Valeria Ríos,Maestro,Tecnología e Informática,Par,4,Trabajo en Equipo,3,"Cumple con lo requerido, aunque podría mostrar mayor iniciativa en ciertos proyectos.",2026-09-23 16:11:53
510,15,Fernando Silva,Maestro,20,Valeria Ríos,Maestro,Tecnología e Informática,Subordinado,4,Trabajo en Equipo,4,"Muy buen desempeño general, cumple de forma constante con los objetivos.",2026-09-10 22:11:53
