evaluacion_id,evaluador_id,evaluador_nombre,evaluador_rol,evaluado_id,evaluado_nombre,evaluado_rol,evaluado_departamento,evaluado_fecha_ingreso,tipo_relacion,competencia_id,nombre_competencia,descripcion_competencia,calificacion,comentario,fecha_evaluacion
1,1,Dra. Beatriz Villaseñor,Directivo,1,Dra. Beatriz Villaseñor,Directivo,Dirección Académica,2019-01-20,Autoevaluación,1,Liderazgo,"Capacidad para guiar, motivar e inspirar a equipos hacia el logro de metas institucionales.",3,"Mantiene un ritmo constante, recomendable reforzar habilidades en esta área.",2026-09-03 21:31:31
2,1,Dra. Beatriz Villaseñor,Directivo,1,Dra. Beatriz Villaseñor,Directivo,Dirección Académica,2019-01-20,Autoevaluación,2,Comunicación Efectiva,"Habilidad para transmitir ideas con claridad, asertividad y escuchar de forma activa.",4,Muestra compromiso con sus funciones y mantiene buena comunicación.,2026-09-07 01:31:31
3,1,Dra. Beatriz Villaseñor,Directivo,1,Dra. Beatriz Villaseñor,Directivo,Dirección Académica,2019-01-20,Autoevaluación,3,Pedagogía y Gestión,Dominio metodológico en el aula y eficiencia en la gestión de procesos académicos/administrativos.,3,"Mantiene un ritmo constante, recomendable reforzar habilidades en esta área.",2026-09-17 23:31:31
4,1,Dra. Beatriz Villaseñor,Directivo,1,Dra. Beatriz Villaseñor,Directivo,Dirección Académica,2019-01-20,Autoevaluación,4,Trabajo en Equipo,"Disposición para colaborar de manera empática, respetuosa y proactiva con compañeros de trabajo.",3,"Su comunicación es adecuada, pero a veces falta mayor seguimiento a los compromisos.",2026-09-06 19:31:31
5,1,Dra. Beatriz Villaseñor,Directivo,1,Dra. Beatriz Villaseñor,Directivo,Dirección Académica,2019-01-20,Autoevaluación,5,Puntualidad y Compromiso,"Cumplimiento oportuno de horarios, compromisos laborales y adhesión a los valores institucionales.",3,"Desempeño aceptable en sus funciones habituales, dentro del promedio esperado.",2026-09-02 19:31:31
6,2,Dr. Alejandro de la Vega,Directivo,1,Dra. Beatriz Villaseñor,Directivo,Dirección Académica,2019-01-20,Jefe,1,Liderazgo,"Capacidad para guiar, motivar e inspirar a equipos hacia el logro de metas institucionales.",4,Maneja adecuadamente los grupos y demuestra sólido conocimiento en su área.,2026-09-18 18:31:31
7,2,Dr. Alejandro de la Vega,Directivo,1,Dra. Beatriz Villaseñor,Directivo,Dirección Académica,2019-01-20,Jefe,2,Comunicación Efectiva,"Habilidad para transmitir ideas con claridad, asertividad y escuchar de forma activa.",3,"Su comunicación es adecuada, pero a veces falta mayor seguimiento a los compromisos.",2026-09-16 17:31:31
8,2,Dr. Alejandro de la Vega,Directivo,1,Dra. Beatriz Villaseñor,Directivo,Dirección Académica,2019-01-20,Jefe,3,Pedagogía y Gestión,Dominio metodológico en el aula y eficiencia en la gestión de procesos académicos/administrativos.,3,"Desempeño aceptable en sus funciones habituales, dentro del promedio esperado.",2026-09-21 01:31:31
9,2,Dr. Alejandro de la Vega,Directivo,1,Dra. Beatriz Villaseñor,Directivo,Dirección Académica,2019-01-20,Jefe,4,Trabajo en Equipo,"Disposición para colaborar de manera empática, respetuosa y proactiva con compañeros de trabajo.",4,Buen trabajo colaborativo con apertura a sugerencias de mejora.,2026-09-12 19:31:31
10,2,Dr. Alejandro de la Vega,Directivo,1,Dra. Beatriz Villaseñor,Directivo,Dirección Académica,2019-01-20,Jefe,5,Puntualidad y Compromiso,"Cumplimiento oportuno de horarios, compromisos laborales y adhesión a los valores institucionales.",3,"Su comunicación es adecuada, pero a veces falta mayor seguimiento a los compromisos.",2026-09-15 19:31:31
11,2,Dr. Alejandro de la Vega,Directivo,1,Dra. Beatriz Villaseñor,Directivo,Dirección Académica,2019-01-20,Par,1,Liderazgo,"Capacidad para guiar, motivar e inspirar a equipos hacia el logro de metas institucionales.",4,Entregas oportunas y buena disposición frente a nuevos retos.,2026-09-18 20:31:31
12,2,Dr. Alejandro de la Vega,Directivo,1,Dra. Beatriz Villaseñor,Directivo,Dirección Académica,2019-01-20,Par,2,Comunicación Efectiva,"Habilidad para transmitir ideas con claridad, asertividad y escuchar de forma activa.",3,"Cumple con lo requerido, aunque podría mostrar mayor iniciativa en ciertos proyectos.",2026-09-10 19:31:31
13,2,Dr. Alejandro de la Vega,Directivo,1,Dra. Beatriz Villaseñor,Directivo,Dirección Académica,2019-01-20,Par,3,Pedagogía y Gestión,Dominio metodológico en el aula y eficiencia en la gestión de procesos académicos/administrativos.,3,"Generalmente puntual, con oportunidades de optimizar sus tiempos de respuesta.",2026-08-31 02:31:31
14,2,Dr. Alejandro de la Vega,Directivo,1,Dra. Beatriz Villaseñor,Directivo,Dirección Académica,2019-01-20,Par,4,Trabajo en Equipo,"Disposición para colaborar de manera empática, respetuosa y proactiva con compañeros de trabajo.",3,"Su comunicación es adecuada, pero a veces falta mayor seguimiento a los compromisos.",2026-09-14 17:31:31
15,2,Dr. Alejandro de la Vega,Directivo,1,Dra. Beatriz Villaseñor,Directivo,Dirección Académica,2019-01-20,Par,5,Puntualidad y Compromiso,"Cumplimiento oportuno de horarios, compromisos laborales y adhesión a los valores institucionales.",4,Buen trabajo colaborativo con apertura a sugerencias de mejora.,2026-09-06 17:31:31
16,18,Patricia Aguilar,Maestro,1,Dra. Beatriz Villaseñor,Directivo,Dirección Académica,2019-01-20,Subordinado,1,Liderazgo,"Capacidad para guiar, motivar e inspirar a equipos hacia el logro de metas institucionales.",4,Maneja adecuadamente los grupos y demuestra sólido conocimiento en su área.,2026-09-02 01:31:31
17,18,Patricia Aguilar,Maestro,1,Dra. Beatriz Villaseñor,Directivo,Dirección Académica,2019-01-20,Subordinado,2,Comunicación Efectiva,"Habilidad para transmitir ideas con claridad, asertividad y escuchar de forma activa.",4,Entregas oportunas y buena disposición frente a nuevos retos.,2026-09-04 21:31:31
18,18,Patricia Aguilar,Maestro,1,Dra. Beatriz Villaseñor,Directivo,Dirección Académica,2019-01-20,Subordinado,3,Pedagogía y Gestión,Dominio metodológico en el aula y eficiencia en la gestión de procesos académicos/administrativos.,4,Entregas oportunas y buena disposición frente a nuevos retos.,2026-09-12 20:31:31
19,18,Patricia Aguilar,Maestro,1,Dra. Beatriz Villaseñor,Directivo,Dirección Académica,2019-01-20,Subordinado,4,Trabajo en Equipo,"Disposición para colaborar de manera empática, respetuosa y proactiva con compañeros de trabajo.",4,Buen trabajo colaborativo con apertura a sugerencias de mejora.,2026-09-11 22:31:31
20,18,Patricia Aguilar,Maestro,1,Dra. Beatriz Villaseñor,Directivo,Dirección Académica,2019-01-20,Subordinado,5,Puntualidad y Compromiso,"Cumplimiento oportuno de horarios, compromisos laborales y adhesión a los valores institucionales.",3,"Generalmente puntual, con oportunidades de optimizar sus tiempos de respuesta.",2026-09-13 18:31:31
21,29,Alejandro Ruiz,Maestro,1,Dra. Beatriz Villaseñor,Directivo,Dirección Académica,2019-01-20,Subordinado,1,Liderazgo,"Capacidad para guiar, motivar e inspirar a equipos hacia el logro de metas institucionales.",4,Entregas oportunas y buena disposición frente a nuevos retos.,2026-09-07 02:31:31
22,29,Alejandro Ruiz,Maestro,1,Dra. Beatriz Villaseñor,Directivo,Dirección Académica,2019-01-20,Subordinado,2,Comunicación Efectiva,"Habilidad para transmitir ideas con claridad, asertividad y escuchar de forma activa.",4,"Muy buen desempeño general, cumple de forma constante con los objetivos.",2026-09-21 17:31:31
23,29,Alejandro Ruiz,Maestro,1,Dra. Beatriz Villaseñor,Directivo,Dirección Académica,2019-01-20,Subordinado,3,Pedagogía y Gestión,Dominio metodológico en el aula y eficiencia en la gestión de procesos académicos/administrativos.,4,"Muy buen desempeño general, cumple de forma constante con los objetivos.",2026-09-15 20:31:31
24,29,Alejandro Ruiz,Maestro,1,Dra. Beatriz Villaseñor,Directivo,Dirección Académica,2019-01-20,Subordinado,4,Trabajo en Equipo,"Disposición para colaborar de manera empática, respetuosa y proactiva con compañeros de trabajo.",3,"Mantiene un ritmo constante, recomendable reforzar habilidades en esta área.",2026-09-06 01:31:31
25,29,Alejandro Ruiz,Maestro,1,Dra. Beatriz Villaseñor,Directivo,Dirección Académica,2019-01-20,Subordinado,5,Puntualidad y Compromiso,"Cumplimiento oportuno de horarios, compromisos laborales y adhesión a los valores institucionales.",4,Maneja adecuadamente los grupos y demuestra sólido conocimiento en su área.,2026-09-07 00:31:31
26,13,Roberto Gómez,Maestro,1,Dra. Beatriz Villaseñor,Directivo,Dirección Académica,2019-01-20,Subordinado,1,Liderazgo,"Capacidad para guiar, motivar e inspirar a equipos hacia el logro de metas institucionales.",3,"Cumple con lo requerido, aunque podría mostrar mayor iniciativa en ciertos proyectos.",2026-09-02 18:31:31
27,13,Roberto Gómez,Maestro,1,Dra. Beatriz Villaseñor,Directivo,Dirección Académica,2019-01-20,Subordinado,2,Comunicación Efectiva,"Habilidad para transmitir ideas con claridad, asertividad y escuchar de forma activa.",3,"Desempeño aceptable en sus funciones habituales, dentro del promedio esperado.",2026-09-20 18:31:31
28,13,Roberto Gómez,Maestro,1,Dra. Beatriz Villaseñor,Directivo,Dirección Académica,2019-01-20,Subordinado,3,Pedagogía y Gestión,Dominio metodológico en el aula y eficiencia en la gestión de procesos académicos/administrativos.,4,Buen trabajo colaborativo con apertura a sugerencias de mejora.,2026-09-24 18:31:31
29,13,Roberto Gómez,Maestro,1,Dra. Beatriz Villaseñor,Directivo,Dirección Académica,2019-01-20,Subordinado,4,Trabajo en Equipo,"Disposición para colaborar de manera empática, respetuosa y proactiva con compañeros de trabajo.",4,Maneja adecuadamente los grupos y demuestra sólido conocimiento en su área.,2026-09-04 21:31:31
30,13,Roberto Gómez,Maestro,1,Dra. Beatriz Villaseñor,Directivo,Dirección Académica,2019-01-20,Subordinado,5,Puntualidad y Compromiso,"Cumplimiento oportuno de horarios, compromisos laborales y adhesión a los valores institucionales.",4,"Muy buen desempeño general, cumple de forma constante con los objetivos.",2026-09-14 01:31:31
31,2,Dr. Alejandro de la Vega,Directivo,2,Dr. Alejandro de la Vega,Directivo,Dirección General,2022-01-05,Autoevaluación,1,Liderazgo,"Capacidad para guiar, motivar e inspirar a equipos hacia el logro de metas institucionales.",4,Entregas oportunas y buena disposición frente a nuevos retos.,2026-08-30 18:31:31
32,2,Dr. Alejandro de la Vega,Directivo,2,Dr. Alejandro de la Vega,Directivo,Dirección General,2022-01-05,Autoevaluación,2,Comunicación Efectiva,"Habilidad para transmitir ideas con claridad, asertividad y escuchar de forma activa.",4,Muestra compromiso con sus funciones y mantiene buena comunicación.,2026-09-04 23:31:31
33,2,Dr. Alejandro de la Vega,Directivo,2,Dr. Alejandro de la Vega,Directivo,Dirección General,2022-01-05,Autoevaluación,3,Pedagogía y Gestión,Dominio metodológico en el aula y eficiencia en la gestión de procesos académicos/administrativos.,3,"Mantiene un ritmo constante, recomendable reforzar habilidades en esta área.",2026-08-31 19:31:31
34,2,Dr. Alejandro de la Vega,Directivo,2,Dr. Alejandro de la Vega,Directivo,Dirección General,2022-01-05,Autoevaluación,4,Trabajo en Equipo,"Disposición para colaborar de manera empática, respetuosa y proactiva con compañeros de trabajo.",3,"Mantiene un ritmo constante, recomendable reforzar habilidades en esta área.",2026-08-30 23:31:31
35,2,Dr. Alejandro de la Vega,Directivo,2,Dr. Alejandro de la Vega,Directivo,Dirección General,2022-01-05,Autoevaluación,5,Puntualidad y Compromiso,"Cumplimiento oportuno de horarios, compromisos laborales y adhesión a los valores institucionales.",3,"Mantiene un ritmo constante, recomendable reforzar habilidades en esta área.",2026-09-08 23:31:31
36,1,Dra. Beatriz Villaseñor,Directivo,2,Dr. Alejandro de la Vega,Directivo,Dirección General,2022-01-05,Jefe,1,Liderazgo,"Capacidad para guiar, motivar e inspirar a equipos hacia el logro de metas institucionales.",4,Entregas oportunas y buena disposición frente a nuevos retos.,2026-09-21 00:31:31
37,1,Dra. Beatriz Villaseñor,Directivo,2,Dr. Alejandro de la Vega,Directivo,Dirección General,2022-01-05,Jefe,2,Comunicación Efectiva,"Habilidad para transmitir ideas con claridad, asertividad y escuchar de forma activa.",3,"Generalmente puntual, con oportunidades de optimizar sus tiempos de respuesta.",2026-09-23 01:31:31
38,1,Dra. Beatriz Villaseñor,Directivo,2,Dr. Alejandro de la Vega,Directivo,Dirección General,2022-01-05,Jefe,3,Pedagogía y Gestión,Dominio metodológico en el aula y eficiencia en la gestión de procesos académicos/administrativos.,5,Su aporte y liderazgo son fundamentales para el éxito del equipo.,2026-08-31 17:31:31
39,1,Dra. Beatriz Villaseñor,Directivo,2,Dr. Alejandro de la Vega,Directivo,Dirección General,2022-01-05,Jefe,4,Trabajo en Equipo,"Disposición para colaborar de manera empática, respetuosa y proactiva con compañeros de trabajo.",2,Se observan inconsistencias en el cumplimiento oportuno de tareas.,2026-09-01 01:31:31
40,1,Dra. Beatriz Villaseñor,Directivo,2,Dr. Alejandro de la Vega,Directivo,Dirección General,2022-01-05,Jefe,5,Puntualidad y Compromiso,"Cumplimiento oportuno de horarios, compromisos laborales y adhesión a los valores institucionales.",3,"Cumple con lo requerido, aunque podría mostrar mayor iniciativa en ciertos proyectos.",2026-09-02 02:31:31
41,1,Dra. Beatriz Villaseñor,Directivo,2,Dr. Alejandro de la Vega,Directivo,Dirección General,2022-01-05,Par,1,Liderazgo,"Capacidad para guiar, motivar e inspirar a equipos hacia el logro de metas institucionales.",3,"Desempeño aceptable en sus funciones habituales, dentro del promedio esperado.",2026-09-17 20:31:31
42,1,Dra. Beatriz Villaseñor,Directivo,2,Dr. Alejandro de la Vega,Directivo,Dirección General,2022-01-05,Par,2,Comunicación Efectiva,"Habilidad para transmitir ideas con claridad, asertividad y escuchar de forma activa.",3,"Generalmente puntual, con oportunidades de optimizar sus tiempos de respuesta.",2026-09-18 17:31:31
43,1,Dra. Beatriz Villaseñor,Directivo,2,Dr. Alejandro de la Vega,Directivo,Dirección General,2022-01-05,Par,3,Pedagogía y Gestión,Dominio metodológico en el aula y eficiencia en la gestión de procesos académicos/administrativos.,3,"Generalmente puntual, con oportunidades de optimizar sus tiempos de respuesta.",2026-09-18 01:31:31
44,1,Dra. Beatriz Villaseñor,Directivo,2,Dr. Alejandro de la Vega,Directivo,Dirección General,2022-01-05,Par,4,Trabajo en Equipo,"Disposición para colaborar de manera empática, respetuosa y proactiva con compañeros de trabajo.",3,"Su comunicación es adecuada, pero a veces falta mayor seguimiento a los compromisos.",2026-09-07 20:31:31
45,1,Dra. Beatriz Villaseñor,Directivo,2,Dr. Alejandro de la Vega,Directivo,Dirección General,2022-01-05,Par,5,Puntualidad y Compromiso,"Cumplimiento oportuno de horarios, compromisos laborales y adhesión a los valores institucionales.",3,"Su comunicación es adecuada, pero a veces falta mayor seguimiento a los compromisos.",2026-09-11 19:31:31
46,4,Claudia Ramírez,Administrativo,2,Dr. Alejandro de la Vega,Directivo,Dirección General,2022-01-05,Subordinado,1,Liderazgo,"Capacidad para guiar, motivar e inspirar a equipos hacia el logro de metas institucionales.",3,"Desempeño aceptable en sus funciones habituales, dentro del promedio esperado.",2026-08-31 00:31:31
47,4,Claudia Ramírez,Administrativo,2,Dr. Alejandro de la Vega,Directivo,Dirección General,2022-01-05,Subordinado,2,Comunicación Efectiva,"Habilidad para transmitir ideas con claridad, asertividad y escuchar de forma activa.",3,"Generalmente puntual, con oportunidades de optimizar sus tiempos de respuesta.",2026-09-06 01:31:31
48,4,Claudia Ramírez,Administrativo,2,Dr. Alejandro de la Vega,Directivo,Dirección General,2022-01-05,Subordinado,3,Pedagogía y Gestión,Dominio metodológico en el aula y eficiencia en la gestión de procesos académicos/administrativos.,3,"Su comunicación es adecuada, pero a veces falta mayor seguimiento a los compromisos.",2026-09-01 20:31:31
49,4,Claudia Ramírez,Administrativo,2,Dr. Alejandro de la Vega,Directivo,Dirección General,2022-01-05,Subordinado,4,Trabajo en Equipo,"Disposición para colaborar de manera empática, respetuosa y proactiva con compañeros de trabajo.",4,Buen trabajo colaborativo con apertura a sugerencias de mejora.,2026-09-19 01:31:31
50,4,Claudia Ramírez,Administrativo,2,Dr. Alejandro de la Vega,Directivo,Dirección General,2022-01-05,Subordinado,5,Puntualidad y Compromiso,"Cumplimiento oportuno de horarios, compromisos laborales y adhesión a los valores institucionales.",4,Entregas oportunas y buena disposición frente a nuevos retos.,2026-09-08 18:31:31
51,3,Ricardo Palacios,Administrativo,2,Dr. Alejandro de la Vega,Directivo,Dirección General,2022-01-05,Subordinado,1,Liderazgo,"Capacidad para guiar, motivar e inspirar a equipos hacia el logro de metas institucionales.",4,"Muy buen desempeño general, cumple de forma constante con los objetivos.",2026-09-23 01:31:31
52,3,Ricardo Palacios,Administrativo,2,Dr. Alejandro de la Vega,Directivo,Dirección General,2022-01-05,Subordinado,2,Comunicación Efectiva,"Habilidad para transmitir ideas con claridad, asertividad y escuchar de forma activa.",3,"Su comunicación es adecuada, pero a veces falta mayor seguimiento a los compromisos.",2026-09-18 20:31:31
53,3,Ricardo Palacios,Administrativo,2,Dr. Alejandro de la Vega,Directivo,Dirección General,2022-01-05,Subordinado,3,Pedagogía y Gestión,Dominio metodológico en el aula y eficiencia en la gestión de procesos académicos/administrativos.,4,Buen trabajo colaborativo con apertura a sugerencias de mejora.,2026-09-16 00:31:31
54,3,Ricardo Palacios,Administrativo,2,Dr. Alejandro de la Vega,Directivo,Dirección General,2022-01-05,Subordinado,4,Trabajo en Equipo,"Disposición para colaborar de manera empática, respetuosa y proactiva con compañeros de trabajo.",4,"Muy buen desempeño general, cumple de forma constante con los objetivos.",2026-09-01 23:31:31
55,3,Ricardo Palacios,Administrativo,2,Dr. Alejandro de la Vega,Directivo,Dirección General,2022-01-05,Subordinado,5,Puntualidad y Compromiso,"Cumplimiento oportuno de horarios, compromisos laborales y adhesión a los valores institucionales.",4,Muestra compromiso con sus funciones y mantiene buena comunicación.,2026-09-19 21:31:31
56,20,Valeria Ríos,Maestro,2,Dr. Alejandro de la Vega,Directivo,Dirección General,2022-01-05,Subordinado,1,Liderazgo,"Capacidad para guiar, motivar e inspirar a equipos hacia el logro de metas institucionales.",3,"Mantiene un ritmo constante, recomendable reforzar habilidades en esta área.",2026-09-16 23:31:31
57,20,Valeria Ríos,Maestro,2,Dr. Alejandro de la Vega,Directivo,Dirección General,2022-01-05,Subordinado,2,Comunicación Efectiva,"Habilidad para transmitir ideas con claridad, asertividad y escuchar de forma activa.",4,Muestra compromiso con sus funciones y mantiene buena comunicación.,2026-09-16 17:31:31
58,20,Valeria Ríos,Maestro,2,Dr. Alejandro de la Vega,Directivo,Dirección General,2022-01-05,Subordinado,3,Pedagogía y Gestión,Dominio metodológico en el aula y eficiencia en la gestión de procesos académicos/administrativos.,4,Entregas oportunas y buena disposición frente a nuevos retos.,2026-09-16 19:31:31
59,20,Valeria Ríos,Maestro,2,Dr. Alejandro de la Vega,Directivo,Dirección General,2022-01-05,Subordinado,4,Trabajo en Equipo,"Disposición para colaborar de manera empática, respetuosa y proactiva con compañeros de trabajo.",4,"Muy buen desempeño general, cumple de forma constante con los objetivos.",2026-09-10 20:31:31
60,20,Valeria Ríos,Maestro,2,Dr. Alejandro de la Vega,Directivo,Dirección General,2022-01-05,Subordinado,5,Puntualidad y Compromiso,"Cumplimiento oportuno de horarios, compromisos laborales y adhesión a los valores institucionales.",3,"Desempeño aceptable en sus funciones habituales, dentro del promedio esperado.",2026-09-11 01:31:31
61,3,Ricardo Palacios,Administrativo,3,Ricardo Palacios,Administrativo,Recursos Humanos,2025-03-27,Autoevaluación,1,Liderazgo,"Capacidad para guiar, motivar e inspirar a equipos hacia el logro de metas institucionales.",5,Puntualidad impecable y actitud ejemplar en todas sus actividades.,2026-09-22 19:31:31
62,3,Ricardo Palacios,Administrativo,3,Ricardo Palacios,Administrativo,Recursos Humanos,2025-03-27,Autoevaluación,2,Comunicación Efectiva,"Habilidad para transmitir ideas con claridad, asertividad y escuchar de forma activa.",4,Muestra compromiso con sus funciones y mantiene buena comunicación.,2026-09-04 19:31:31
63,3,Ricardo Palacios,Administrativo,3,Ricardo Palacios,Administrativo,Recursos Humanos,2025-03-27,Autoevaluación,3,Pedagogía y Gestión,Dominio metodológico en el aula y eficiencia en la gestión de procesos académicos/administrativos.,5,Su aporte y liderazgo son fundamentales para el éxito del equipo.,2026-09-24 23:31:31
64,3,Ricardo Palacios,Administrativo,3,Ricardo Palacios,Administrativo,Recursos Humanos,2025-03-27,Autoevaluación,4,Trabajo en Equipo,"Disposición para colaborar de manera empática, respetuosa y proactiva con compañeros de trabajo.",4,Muestra compromiso con sus funciones y mantiene buena comunicación.,2026-09-07 19:31:31
65,3,Ricardo Palacios,Administrativo,3,Ricardo Palacios,Administrativo,Recursos Humanos,2025-03-27,Autoevaluación,5,Puntualidad y Compromiso,"Cumplimiento oportuno de horarios, compromisos laborales y adhesión a los valores institucionales.",5,Demuestra un desempeño sobresaliente y es un referente positivo en la institución.,2026-09-14 20:31:31
66,1,Dra. Beatriz Villaseñor,Directivo,3,Ricardo Palacios,Administrativo,Recursos Humanos,2025-03-27,Jefe,1,Liderazgo,"Capacidad para guiar, motivar e inspirar a equipos hacia el logro de metas institucionales.",4,Maneja adecuadamente los grupos y demuestra sólido conocimiento en su área.,2026-09-10 21:31:31
67,1,Dra. Beatriz Villaseñor,Directivo,3,Ricardo Palacios,Administrativo,Recursos Humanos,2025-03-27,Jefe,2,Comunicación Efectiva,"Habilidad para transmitir ideas con claridad, asertividad y escuchar de forma activa.",5,"Excelente manejo de sus responsabilidades, supera constantemente las expectativas.",2026-09-11 22:31:31
68,1,Dra. Beatriz Villaseñor,Directivo,3,Ricardo Palacios,Administrativo,Recursos Humanos,2025-03-27,Jefe,3,Pedagogía y Gestión,Dominio metodológico en el aula y eficiencia en la gestión de procesos académicos/administrativos.,4,"Muy buen desempeño general, cumple de forma constante con los objetivos.",2026-09-23 21:31:31
69,1,Dra. Beatriz Villaseñor,Directivo,3,Ricardo Palacios,Administrativo,Recursos Humanos,2025-03-27,Jefe,4,Trabajo en Equipo,"Disposición para colaborar de manera empática, respetuosa y proactiva con compañeros de trabajo.",3,"Generalmente puntual, con oportunidades de optimizar sus tiempos de respuesta.",2026-09-09 17:31:31
70,1,Dra. Beatriz Villaseñor,Directivo,3,Ricardo Palacios,Administrativo,Recursos Humanos,2025-03-27,Jefe,5,Puntualidad y Compromiso,"Cumplimiento oportuno de horarios, compromisos laborales y adhesión a los valores institucionales.",4,Buen trabajo colaborativo con apertura a sugerencias de mejora.,2026-09-05 02:31:31
71,6,Mariana Solís,Administrativo,3,Ricardo Palacios,Administrativo,Recursos Humanos,2025-03-27,Par,1,Liderazgo,"Capacidad para guiar, motivar e inspirar a equipos hacia el logro de metas institucionales.",5,Su aporte y liderazgo son fundamentales para el éxito del equipo.,2026-09-13 02:31:31
72,6,Mariana Solís,Administrativo,3,Ricardo Palacios,Administrativo,Recursos Humanos,2025-03-27,Par,2,Comunicación Efectiva,"Habilidad para transmitir ideas con claridad, asertividad y escuchar de forma activa.",5,Puntualidad impecable y actitud ejemplar en todas sus actividades.,2026-09-02 23:31:31
73,6,Mariana Solís,Administrativo,3,Ricardo Palacios,Administrativo,Recursos Humanos,2025-03-27,Par,3,Pedagogía y Gestión,Dominio metodológico en el aula y eficiencia en la gestión de procesos académicos/administrativos.,5,Demuestra un desempeño sobresaliente y es un referente positivo en la institución.,2026-09-21 23:31:31
74,6,Mariana Solís,Administrativo,3,Ricardo Palacios,Administrativo,Recursos Humanos,2025-03-27,Par,4,Trabajo en Equipo,"Disposición para colaborar de manera empática, respetuosa y proactiva con compañeros de trabajo.",4,"Muy buen desempeño general, cumple de forma constante con los objetivos.",2026-09-16 01:31:31
75,6,Mariana Solís,Administrativo,3,Ricardo Palacios,Administrativo,Recursos Humanos,2025-03-27,Par,5,Puntualidad y Compromiso,"Cumplimiento oportuno de horarios, compromisos laborales y adhesión a los valores institucionales.",4,Muestra compromiso con sus funciones y mantiene buena comunicación.,2026-09-10 23:31:31
76,4,Claudia Ramírez,Administrativo,3,Ricardo Palacios,Administrativo,Recursos Humanos,2025-03-27,Par,1,Liderazgo,"Capacidad para guiar, motivar e inspirar a equipos hacia el logro de metas institucionales.",3,"Desempeño aceptable en sus funciones habituales, dentro del promedio esperado.",2026-09-20 22:31:31
77,4,Claudia Ramírez,Administrativo,3,Ricardo Palacios,Administrativo,Recursos Humanos,2025-03-27,Par,2,Comunicación Efectiva,"Habilidad para transmitir ideas con claridad, asertividad y escuchar de forma activa.",4,"Muy buen desempeño general, cumple de forma constante con los objetivos.",2026-09-22 21:31:31
78,4,Claudia Ramírez,Administrativo,3,Ricardo Palacios,Administrativo,Recursos Humanos,2025-03-27,Par,3,Pedagogía y Gestión,Dominio metodológico en el aula y eficiencia en la gestión de procesos académicos/administrativos.,4,Entregas oportunas y buena disposición frente a nuevos retos.,2026-09-08 23:31:31
79,4,Claudia Ramírez,Administrativo,3,Ricardo Palacios,Administrativo,Recursos Humanos,2025-03-27,Par,4,Trabajo en Equipo,"Disposición para colaborar de manera empática, respetuosa y proactiva con compañeros de trabajo.",4,Entregas oportunas y buena disposición frente a nuevos retos.,2026-09-03 20:31:31
80,4,Claudia Ramírez,Administrativo,3,Ricardo Palacios,Administrativo,Recursos Humanos,2025-03-27,Par,5,Puntualidad y Compromiso,"Cumplimiento oportuno de horarios, compromisos laborales y adhesión a los valores institucionales.",5,Gran capacidad resolutiva y trato sumamente profesional con todos.,2026-09-20 23:31:31
81,5,Esteban Fuentes,Administrativo,3,Ricardo Palacios,Administrativo,Recursos Humanos,2025-03-27,Subordinado,1,Liderazgo,"Capacidad para guiar, motivar e inspirar a equipos hacia el logro de metas institucionales.",5,Gran capacidad resolutiva y trato sumamente profesional con todos.,2026-09-16 17:31:31
82,5,Esteban Fuentes,Administrativo,3,Ricardo Palacios,Administrativo,Recursos Humanos,2025-03-27,Subordinado,2,Comunicación Efectiva,"Habilidad para transmitir ideas con claridad, asertividad y escuchar de forma activa.",5,"Excelente manejo de sus responsabilidades, supera constantemente las expectativas.",2026-09-13 02:31:31
83,5,Esteban Fuentes,Administrativo,3,Ricardo Palacios,Administrativo,Recursos Humanos,2025-03-27,Subordinado,3,Pedagogía y Gestión,Dominio metodológico en el aula y eficiencia en la gestión de procesos académicos/administrativos.,4,Muestra compromiso con sus funciones y mantiene buena comunicación.,2026-09-16 00:31:31
84,5,Esteban Fuentes,Administrativo,3,Ricardo Palacios,Administrativo,Recursos Humanos,2025-03-27,Subordinado,4,Trabajo en Equipo,"Disposición para colaborar de manera empática, respetuosa y proactiva con compañeros de trabajo.",5,"Excelente manejo de sus responsabilidades, supera constantemente las expectativas.",2026-09-20 18:31:31
85,5,Esteban Fuentes,Administrativo,3,Ricardo Palacios,Administrativo,Recursos Humanos,2025-03-27,Subordinado,5,Puntualidad y Compromiso,"Cumplimiento oportuno de horarios, compromisos laborales y adhesión a los valores institucionales.",4,"Muy buen desempeño general, cumple de forma constante con los objetivos.",2026-09-23 20:31:31
86,4,Claudia Ramírez,Administrativo,4,Claudia Ramírez,Administrativo,Servicios Escolares,2023-11-01,Autoevaluación,1,Liderazgo,"Capacidad para guiar, motivar e inspirar a equipos hacia el logro de metas institucionales.",3,"Su comunicación es adecuada, pero a veces falta mayor seguimiento a los compromisos.",2026-09-06 20:31:31
87,4,Claudia Ramírez,Administrativo,4,Claudia Ramírez,Administrativo,Servicios Escolares,2023-11-01,Autoevaluación,2,Comunicación Efectiva,"Habilidad para transmitir ideas con claridad, asertividad y escuchar de forma activa.",4,Maneja adecuadamente los grupos y demuestra sólido conocimiento en su área.,2026-09-18 18:31:31
88,4,Claudia Ramírez,Administrativo,4,Claudia Ramírez,Administrativo,Servicios Escolares,2023-11-01,Autoevaluación,3,Pedagogía y Gestión,Dominio metodológico en el aula y eficiencia en la gestión de procesos académicos/administrativos.,4,Maneja adecuadamente los grupos y demuestra sólido conocimiento en su área.,2026-09-13 02:31:31
89,4,Claudia Ramírez,Administrativo,4,Claudia Ramírez,Administrativo,Servicios Escolares,2023-11-01,Autoevaluación,4,Trabajo en Equipo,"Disposición para colaborar de manera empática, respetuosa y proactiva con compañeros de trabajo.",4,Maneja adecuadamente los grupos y demuestra sólido conocimiento en su área.,2026-09-11 20:31:31
90,4,Claudia Ramírez,Administrativo,4,Claudia Ramírez,Administrativo,Servicios Escolares,2023-11-01,Autoevaluación,5,Puntualidad y Compromiso,"Cumplimiento oportuno de horarios, compromisos laborales y adhesión a los valores institucionales.",5,"Excelente manejo de sus responsabilidades, supera constantemente las expectativas.",2026-09-19 17:31:31
91,1,Dra. Beatriz Villaseñor,Directivo,4,Claudia Ramírez,Administrativo,Servicios Escolares,2023-11-01,Jefe,1,Liderazgo,"Capacidad para guiar, motivar e inspirar a equipos hacia el logro de metas institucionales.",4,Entregas oportunas y buena disposición frente a nuevos retos.,2026-09-13 17:31:31
92,1,Dra. Beatriz Villaseñor,Directivo,4,Claudia Ramírez,Administrativo,Servicios Escolares,2023-11-01,Jefe,2,Comunicación Efectiva,"Habilidad para transmitir ideas con claridad, asertividad y escuchar de forma activa.",5,Demuestra un desempeño sobresaliente y es un referente positivo en la institución.,2026-09-13 19:31:31
93,1,Dra. Beatriz Villaseñor,Directivo,4,Claudia Ramírez,Administrativo,Servicios Escolares,2023-11-01,Jefe,3,Pedagogía y Gestión,Dominio metodológico en el aula y eficiencia en la gestión de procesos académicos/administrativos.,3,"Generalmente puntual, con oportunidades de optimizar sus tiempos de respuesta.",2026-09-10 00:31:31
94,1,Dra. Beatriz Villaseñor,Directivo,4,Claudia Ramírez,Administrativo,Servicios Escolares,2023-11-01,Jefe,4,Trabajo en Equipo,"Disposición para colaborar de manera empática, respetuosa y proactiva con compañeros de trabajo.",3,"Generalmente puntual, con oportunidades de optimizar sus tiempos de respuesta.",2026-09-13 01:31:31
95,1,Dra. Beatriz Villaseñor,Directivo,4,Claudia Ramírez,Administrativo,Servicios Escolares,2023-11-01,Jefe,5,Puntualidad y Compromiso,"Cumplimiento oportuno de horarios, compromisos laborales y adhesión a los valores institucionales.",5,Gran capacidad resolutiva y trato sumamente profesional con todos.,2026-09-07 20:31:31
96,10,Teresa Campos,Administrativo,4,Claudia Ramírez,Administrativo,Servicios Escolares,2023-11-01,Par,1,Liderazgo,"Capacidad para guiar, motivar e inspirar a equipos hacia el logro de metas institucionales.",5,Su aporte y liderazgo son fundamentales para el éxito del equipo.,2026-09-24 01:31:31
97,10,Teresa Campos,Administrativo,4,Claudia Ramírez,Administrativo,Servicios Escolares,2023-11-01,Par,2,Comunicación Efectiva,"Habilidad para transmitir ideas con claridad, asertividad y escuchar de forma activa.",4,Maneja adecuadamente los grupos y demuestra sólido conocimiento en su área.,2026-09-01 21:31:31
98,10,Teresa Campos,Administrativo,4,Claudia Ramírez,Administrativo,Servicios Escolares,2023-11-01,Par,3,Pedagogía y Gestión,Dominio metodológico en el aula y eficiencia en la gestión de procesos académicos/administrativos.,4,Muestra compromiso con sus funciones y mantiene buena comunicación.,2026-09-07 22:31:31
99,10,Teresa Campos,Administrativo,4,Claudia Ramírez,Administrativo,Servicios Escolares,2023-11-01,Par,4,Trabajo en Equipo,"Disposición para colaborar de manera empática, respetuosa y proactiva con compañeros de trabajo.",4,Muestra compromiso con sus funciones y mantiene buena comunicación.,2026-09-03 20:31:31
100,10,Teresa Campos,Administrativo,4,Claudia Ramírez,Administrativo,Servicios Escolares,2023-11-01,Par,5,Puntualidad y Compromiso,"Cumplimiento oportuno de horarios, compromisos laborales y adhesión a los valores institucionales.",5,Gran capacidad resolutiva y trato sumamente profesional con todos.,2026-09-21 19:31:31
101,9,Gonzalo Ibáñez,Administrativo,4,Claudia Ramírez,Administrativo,Servicios Escolares,2023-11-01,Par,1,Liderazgo,"Capacidad para guiar, motivar e inspirar a equipos hacia el logro de metas institucionales.",4,Maneja adecuadamente los grupos y demuestra sólido conocimiento en su área.,2026-09-10 01:31:31
102,9,Gonzalo Ibáñez,Administrativo,4,Claudia Ramírez,Administrativo,Servicios Escolares,2023-11-01,Par,2,Comunicación Efectiva,"Habilidad para transmitir ideas con claridad, asertividad y escuchar de forma activa.",4,Maneja adecuadamente los grupos y demuestra sólido conocimiento en su área.,2026-09-12 17:31:31
103,9,Gonzalo Ibáñez,Administrativo,4,Claudia Ramírez,Administrativo,Servicios Escolares,2023-11-01,Par,3,Pedagogía y Gestión,Dominio metodológico en el aula y eficiencia en la gestión de procesos académicos/administrativos.,4,Entregas oportunas y buena disposición frente a nuevos retos.,2026-09-21 17:31:31
104,9,Gonzalo Ibáñez,Administrativo,4,Claudia Ramírez,Administrativo,Servicios Escolares,2023-11-01,Par,4,Trabajo en Equipo,"Disposición para colaborar de manera empática, respetuosa y proactiva con compañeros de trabajo.",5,Puntualidad impecable y actitud ejemplar en todas sus actividades.,2026-09-12 00:31:31
105,9,Gonzalo Ibáñez,Administrativo,4,Claudia Ramírez,Administrativo,Servicios Escolares,2023-11-01,Par,5,Puntualidad y Compromiso,"Cumplimiento oportuno de horarios, compromisos laborales y adhesión a los valores institucionales.",5,Gran capacidad resolutiva y trato sumamente profesional con todos.,2026-09-13 01:31:31
106,7,Andrés Molina,Administrativo,4,Claudia Ramírez,Administrativo,Servicios Escolares,2023-11-01,Subordinado,1,Liderazgo,"Capacidad para guiar, motivar e inspirar a equipos hacia el logro de metas institucionales.",4,Entregas oportunas y buena disposición frente a nuevos retos.,2026-09-07 00:31:31
107,7,Andrés Molina,Administrativo,4,Claudia Ramírez,Administrativo,Servicios Escolares,2023-11-01,Subordinado,2,Comunicación Efectiva,"Habilidad para transmitir ideas con claridad, asertividad y escuchar de forma activa.",4,Buen trabajo colaborativo con apertura a sugerencias de mejora.,2026-09-20 23:31:31
108,7,Andrés Molina,Administrativo,4,Claudia Ramírez,Administrativo,Servicios Escolares,2023-11-01,Subordinado,3,Pedagogía y Gestión,Dominio metodológico en el aula y eficiencia en la gestión de procesos académicos/administrativos.,4,Maneja adecuadamente los grupos y demuestra sólido conocimiento en su área.,2026-09-04 02:31:31
109,7,Andrés Molina,Administrativo,4,Claudia Ramírez,Administrativo,Servicios Escolares,2023-11-01,Subordinado,4,Trabajo en Equipo,"Disposición para colaborar de manera empática, respetuosa y proactiva con compañeros de trabajo.",5,Demuestra un desempeño sobresaliente y es un referente positivo en la institución.,2026-09-01 23:31:31
110,7,Andrés Molina,Administrativo,4,Claudia Ramírez,Administrativo,Servicios Escolares,2023-11-01,Subordinado,5,Puntualidad y Compromiso,"Cumplimiento oportuno de horarios, compromisos laborales y adhesión a los valores institucionales.",3,"Mantiene un ritmo constante, recomendable reforzar habilidades en esta área.",2026-09-04 17:31:31
111,5,Esteban Fuentes,Administrativo,5,Esteban Fuentes,Administrativo,Finanzas,2024-01-02,Autoevaluación,1,Liderazgo,"Capacidad para guiar, motivar e inspirar a equipos hacia el logro de metas institucionales.",5,Gran capacidad resolutiva y trato sumamente profesional con todos.,2026-09-09 22:31:31
112,5,Esteban Fuentes,Administrativo,5,Esteban Fuentes,Administrativo,Finanzas,2024-01-02,Autoevaluación,2,Comunicación Efectiva,"Habilidad para transmitir ideas con claridad, asertividad y escuchar de forma activa.",5,Gran capacidad resolutiva y trato sumamente profesional con todos.,2026-09-07 23:31:31
113,5,Esteban Fuentes,Administrativo,5,Esteban Fuentes,Administrativo,Finanzas,2024-01-02,Autoevaluación,3,Pedagogía y Gestión,Dominio metodológico en el aula y eficiencia en la gestión de procesos académicos/administrativos.,5,Demuestra un desempeño sobresaliente y es un referente positivo en la institución.,2026-09-23 01:31:31
114,5,Esteban Fuentes,Administrativo,5,Esteban Fuentes,Administrativo,Finanzas,2024-01-02,Autoevaluación,4,Trabajo en Equipo,"Disposición para colaborar de manera empática, respetuosa y proactiva con compañeros de trabajo.",5,Demuestra un desempeño sobresaliente y es un referente positivo en la institución.,2026-09-10 20:31:31
115,5,Esteban Fuentes,Administrativo,5,Esteban Fuentes,Administrativo,Finanzas,2024-01-02,Autoevaluación,5,Puntualidad y Compromiso,"Cumplimiento oportuno de horarios, compromisos laborales y adhesión a los valores institucionales.",4,"Muy buen desempeño general, cumple de forma constante con los objetivos.",2026-09-23 17:31:31
116,1,Dra. Beatriz Villaseñor,Directivo,5,Esteban Fuentes,Administrativo,Finanzas,2024-01-02,Jefe,1,Liderazgo,"Capacidad para guiar, motivar e inspirar a equipos hacia el logro de metas institucionales.",4,"Muy buen desempeño general, cumple de forma constante con los objetivos.",2026-09-18 19:31:31
117,1,Dra. Beatriz Villaseñor,Directivo,5,Esteban Fuentes,Administrativo,Finanzas,2024-01-02,Jefe,2,Comunicación Efectiva,"Habilidad para transmitir ideas con claridad, asertividad y escuchar de forma activa.",4,Muestra compromiso con sus funciones y mantiene buena comunicación.,2026-09-13 21:31:31
118,1,Dra. Beatriz Villaseñor,Directivo,5,Esteban Fuentes,Administrativo,Finanzas,2024-01-02,Jefe,3,Pedagogía y Gestión,Dominio metodológico en el aula y eficiencia en la gestión de procesos académicos/administrativos.,5,"Excelente manejo de sus responsabilidades, supera constantemente las expectativas.",2026-09-19 02:31:31
119,1,Dra. Beatriz Villaseñor,Directivo,5,Esteban Fuentes,Administrativo,Finanzas,2024-01-02,Jefe,4,Trabajo en Equipo,"Disposición para colaborar de manera empática, respetuosa y proactiva con compañeros de trabajo.",5,"Excelente manejo de sus responsabilidades, supera constantemente las expectativas.",2026-09-08 18:31:31
120,1,Dra. Beatriz Villaseñor,Directivo,5,Esteban Fuentes,Administrativo,Finanzas,2024-01-02,Jefe,5,Puntualidad y Compromiso,"Cumplimiento oportuno de horarios, compromisos laborales y adhesión a los valores institucionales.",4,Buen trabajo colaborativo con apertura a sugerencias de mejora.,2026-09-17 23:31:31
121,7,Andrés Molina,Administrativo,5,Esteban Fuentes,Administrativo,Finanzas,2024-01-02,Par,1,Liderazgo,"Capacidad para guiar, motivar e inspirar a equipos hacia el logro de metas institucionales.",5,"Excelente manejo de sus responsabilidades, supera constantemente las expectativas.",2026-09-02 21:31:31
122,7,Andrés Molina,Administrativo,5,Esteban Fuentes,Administrativo,Finanzas,2024-01-02,Par,2,Comunicación Efectiva,"Habilidad para transmitir ideas con claridad, asertividad y escuchar de forma activa.",5,Puntualidad impecable y actitud ejemplar en todas sus actividades.,2026-09-24 18:31:31
123,7,Andrés Molina,Administrativo,5,Esteban Fuentes,Administrativo,Finanzas,2024-01-02,Par,3,Pedagogía y Gestión,Dominio metodológico en el aula y eficiencia en la gestión de procesos académicos/administrativos.,5,Demuestra un desempeño sobresaliente y es un referente positivo en la institución.,2026-09-11 01:31:31
124,7,Andrés Molina,Administrativo,5,Esteban Fuentes,Administrativo,Finanzas,2024-01-02,Par,4,Trabajo en Equipo,"Disposición para colaborar de manera empática, respetuosa y proactiva con compañeros de trabajo.",4,Maneja adecuadamente los grupos y demuestra sólido conocimiento en su área.,2026-09-20 22:31:31
125,7,Andrés Molina,Administrativo,5,Esteban Fuentes,Administrativo,Finanzas,2024-01-02,Par,5,Puntualidad y Compromiso,"Cumplimiento oportuno de horarios, compromisos laborales y adhesión a los valores institucionales.",5,Demuestra un desempeño sobresaliente y es un referente positivo en la institución.,2026-09-13 00:31:31
126,9,Gonzalo Ibáñez,Administrativo,5,Esteban Fuentes,Administrativo,Finanzas,2024-01-02,Par,1,Liderazgo,"Capacidad para guiar, motivar e inspirar a equipos hacia el logro de metas institucionales.",5,Demuestra un desempeño sobresaliente y es un referente positivo en la institución.,2026-09-12 22:31:31
127,9,Gonzalo Ibáñez,Administrativo,5,Esteban Fuentes,Administrativo,Finanzas,2024-01-02,Par,2,Comunicación Efectiva,"Habilidad para transmitir ideas con claridad, asertividad y escuchar de forma activa.",4,Muestra compromiso con sus funciones y mantiene buena comunicación.,2026-09-12 19:31:31
128,9,Gonzalo Ibáñez,Administrativo,5,Esteban Fuentes,Administrativo,Finanzas,2024-01-02,Par,3,Pedagogía y Gestión,Dominio metodológico en el aula y eficiencia en la gestión de procesos académicos/administrativos.,4,Entregas oportunas y buena disposición frente a nuevos retos.,2026-09-19 21:31:31
129,9,Gonzalo Ibáñez,Administrativo,5,Esteban Fuentes,Administrativo,Finanzas,2024-01-02,Par,4,Trabajo en Equipo,"Disposición para colaborar de manera empática, respetuosa y proactiva con compañeros de trabajo.",4,Maneja adecuadamente los grupos y demuestra sólido conocimiento en su área.,2026-09-13 23:31:31
130,9,Gonzalo Ibáñez,Administrativo,5,Esteban Fuentes,Administrativo,Finanzas,2024-01-02,Par,5,Puntualidad y Compromiso,"Cumplimiento oportuno de horarios, compromisos laborales y adhesión a los valores institucionales.",4,Entregas oportunas y buena disposición frente a nuevos retos.,2026-09-07 22:31:31
131,18,Patricia Aguilar,Maestro,5,Esteban Fuentes,Administrativo,Finanzas,2024-01-02,Subordinado,1,Liderazgo,"Capacidad para guiar, motivar e inspirar a equipos hacia el logro de metas institucionales.",5,"Excelente manejo de sus responsabilidades, supera constantemente las expectativas.",2026-09-24 00:31:31
132,18,Patricia Aguilar,Maestro,5,Esteban Fuentes,Administrativo,Finanzas,2024-01-02,Subordinado,2,Comunicación Efectiva,"Habilidad para transmitir ideas con claridad, asertividad y escuchar de forma activa.",5,Gran capacidad resolutiva y trato sumamente profesional con todos.,2026-09-09 17:31:31
133,18,Patricia Aguilar,Maestro,5,Esteban Fuentes,Administrativo,Finanzas,2024-01-02,Subordinado,3,Pedagogía y Gestión,Dominio metodológico en el aula y eficiencia en la gestión de procesos académicos/administrativos.,4,Buen trabajo colaborativo con apertura a sugerencias de mejora.,2026-09-24 21:31:31
134,18,Patricia Aguilar,Maestro,5,Esteban Fuentes,Administrativo,Finanzas,2024-01-02,Subordinado,4,Trabajo en Equipo,"Disposición para colaborar de manera empática, respetuosa y proactiva con compañeros de trabajo.",5,Puntualidad impecable y actitud ejemplar en todas sus actividades.,2026-09-21 21:31:31
135,18,Patricia Aguilar,Maestro,5,Esteban Fuentes,Administrativo,Finanzas,2024-01-02,Subordinado,5,Puntualidad y Compromiso,"Cumplimiento oportuno de horarios, compromisos laborales y adhesión a los valores institucionales.",4,Muestra compromiso con sus funciones y mantiene buena comunicación.,2026-09-22 23:31:31
136,6,Mariana Solís,Administrativo,6,Mariana Solís,Administrativo,Admisiones,2024-02-15,Autoevaluación,1,Liderazgo,"Capacidad para guiar, motivar e inspirar a equipos hacia el logro de metas institucionales.",3,"Mantiene un ritmo constante, recomendable reforzar habilidades en esta área.",2026-09-16 20:31:31
137,6,Mariana Solís,Administrativo,6,Mariana Solís,Administrativo,Admisiones,2024-02-15,Autoevaluación,2,Comunicación Efectiva,"Habilidad para transmitir ideas con claridad, asertividad y escuchar de forma activa.",3,"Mantiene un ritmo constante, recomendable reforzar habilidades en esta área.",2026-09-13 17:31:31
138,6,Mariana Solís,Administrativo,6,Mariana Solís,Administrativo,Admisiones,2024-02-15,Autoevaluación,3,Pedagogía y Gestión,Dominio metodológico en el aula y eficiencia en la gestión de procesos académicos/administrativos.,2,Requiere fortalecer esta competencia para alcanzar el estándar de la institución.,2026-09-08 20:31:31
139,6,Mariana Solís,Administrativo,6,Mariana Solís,Administrativo,Admisiones,2024-02-15,Autoevaluación,4,Trabajo en Equipo,"Disposición para colaborar de manera empática, respetuosa y proactiva con compañeros de trabajo.",3,"Generalmente puntual, con oportunidades de optimizar sus tiempos de respuesta.",2026-09-11 00:31:31
140,6,Mariana Solís,Administrativo,6,Mariana Solís,Administrativo,Admisiones,2024-02-15,Autoevaluación,5,Puntualidad y Compromiso,"Cumplimiento oportuno de horarios, compromisos laborales y adhesión a los valores institucionales.",3,"Generalmente puntual, con oportunidades de optimizar sus tiempos de respuesta.",2026-09-15 22:31:31
141,2,Dr. Alejandro de la Vega,Directivo,6,Mariana Solís,Administrativo,Admisiones,2024-02-15,Jefe,1,Liderazgo,"Capacidad para guiar, motivar e inspirar a equipos hacia el logro de metas institucionales.",3,"Mantiene un ritmo constante, recomendable reforzar habilidades en esta área.",2026-09-07 21:31:31
142,2,Dr. Alejandro de la Vega,Directivo,6,Mariana Solís,Administrativo,Admisiones,2024-02-15,Jefe,2,Comunicación Efectiva,"Habilidad para transmitir ideas con claridad, asertividad y escuchar de forma activa.",3,"Desempeño aceptable en sus funciones habituales, dentro del promedio esperado.",2026-09-22 20:31:31
143,2,Dr. Alejandro de la Vega,Directivo,6,Mariana Solís,Administrativo,Admisiones,2024-02-15,Jefe,3,Pedagogía y Gestión,Dominio metodológico en el aula y eficiencia en la gestión de procesos académicos/administrativos.,3,"Cumple con lo requerido, aunque podría mostrar mayor iniciativa en ciertos proyectos.",2026-09-05 20:31:31
144,2,Dr. Alejandro de la Vega,Directivo,6,Mariana Solís,Administrativo,Admisiones,2024-02-15,Jefe,4,Trabajo en Equipo,"Disposición para colaborar de manera empática, respetuosa y proactiva con compañeros de trabajo.",2,Le cuesta trabajo integrarse en actividades colaborativas de su departamento.,2026-09-23 02:31:31
145,2,Dr. Alejandro de la Vega,Directivo,6,Mariana Solís,Administrativo,Admisiones,2024-02-15,Jefe,5,Puntualidad y Compromiso,"Cumplimiento oportuno de horarios, compromisos laborales y adhesión a los valores institucionales.",3,"Desempeño aceptable en sus funciones habituales, dentro del promedio esperado.",2026-09-05 21:31:31
146,4,Claudia Ramírez,Administrativo,6,Mariana Solís,Administrativo,Admisiones,2024-02-15,Par,1,Liderazgo,"Capacidad para guiar, motivar e inspirar a equipos hacia el logro de metas institucionales.",3,"Cumple con lo requerido, aunque podría mostrar mayor iniciativa en ciertos proyectos.",2026-09-08 17:31:31
147,4,Claudia Ramírez,Administrativo,6,Mariana Solís,Administrativo,Admisiones,2024-02-15,Par,2,Comunicación Efectiva,"Habilidad para transmitir ideas con claridad, asertividad y escuchar de forma activa.",3,"Desempeño aceptable en sus funciones habituales, dentro del promedio esperado.",2026-09-01 01:31:31
148,4,Claudia Ramírez,Administrativo,6,Mariana Solís,Administrativo,Admisiones,2024-02-15,Par,3,Pedagogía y Gestión,Dominio metodológico en el aula y eficiencia en la gestión de procesos académicos/administrativos.,3,"Su comunicación es adecuada, pero a veces falta mayor seguimiento a los compromisos.",2026-09-21 19:31:31
149,4,Claudia Ramírez,Administrativo,6,Mariana Solís,Administrativo,Admisiones,2024-02-15,Par,4,Trabajo en Equipo,"Disposición para colaborar de manera empática, respetuosa y proactiva con compañeros de trabajo.",3,"Desempeño aceptable en sus funciones habituales, dentro del promedio esperado.",2026-08-31 02:31:31
150,4,Claudia Ramírez,Administrativo,6,Mariana Solís,Administrativo,Admisiones,2024-02-15,Par,5,Puntualidad y Compromiso,"Cumplimiento oportuno de horarios, compromisos laborales y adhesión a los valores institucionales.",2,Le cuesta trabajo integrarse en actividades colaborativas de su departamento.,2026-09-15 00:31:31
151,5,Esteban Fuentes,Administrativo,6,Mariana Solís,Administrativo,Admisiones,2024-02-15,Par,1,Liderazgo,"Capacidad para guiar, motivar e inspirar a equipos hacia el logro de metas institucionales.",3,"Desempeño aceptable en sus funciones habituales, dentro del promedio esperado.",2026-09-08 00:31:31
152,5,Esteban Fuentes,Administrativo,6,Mariana Solís,Administrativo,Admisiones,2024-02-15,Par,2,Comunicación Efectiva,"Habilidad para transmitir ideas con claridad, asertividad y escuchar de forma activa.",3,"Desempeño aceptable en sus funciones habituales, dentro del promedio esperado.",2026-09-01 23:31:31
153,5,Esteban Fuentes,Administrativo,6,Mariana Solís,Administrativo,Admisiones,2024-02-15,Par,3,Pedagogía y Gestión,Dominio metodológico en el aula y eficiencia en la gestión de procesos académicos/administrativos.,2,Requiere fortalecer esta competencia para alcanzar el estándar de la institución.,2026-09-03 19:31:31
154,5,Esteban Fuentes,Administrativo,6,Mariana Solís,Administrativo,Admisiones,2024-02-15,Par,4,Trabajo en Equipo,"Disposición para colaborar de manera empática, respetuosa y proactiva con compañeros de trabajo.",3,"Generalmente puntual, con oportunidades de optimizar sus tiempos de respuesta.",2026-09-08 18:31:31
155,5,Esteban Fuentes,Administrativo,6,Mariana Solís,Administrativo,Admisiones,2024-02-15,Par,5,Puntualidad y Compromiso,"Cumplimiento oportuno de horarios, compromisos laborales y adhesión a los valores institucionales.",4,Maneja adecuadamente los grupos y demuestra sólido conocimiento en su área.,2026-09-19 02:31:31
156,9,Gonzalo Ibáñez,Administrativo,6,Mariana Solís,Administrativo,Admisiones,2024-02-15,Subordinado,1,Liderazgo,"Capacidad para guiar, motivar e inspirar a equipos hacia el logro de metas institucionales.",3,"Generalmente puntual, con oportunidades de optimizar sus tiempos de respuesta.",2026-09-12 00:31:31
157,9,Gonzalo Ibáñez,Administrativo,6,Mariana Solís,Administrativo,Admisiones,2024-02-15,Subordinado,2,Comunicación Efectiva,"Habilidad para transmitir ideas con claridad, asertividad y escuchar de forma activa.",3,"Mantiene un ritmo constante, recomendable reforzar habilidades en esta área.",2026-09-09 02:31:31
158,9,Gonzalo Ibáñez,Administrativo,6,Mariana Solís,Administrativo,Admisiones,2024-02-15,Subordinado,3,Pedagogía y Gestión,Dominio metodológico en el aula y eficiencia en la gestión de procesos académicos/administrativos.,4,Entregas oportunas y buena disposición frente a nuevos retos.,2026-09-22 18:31:31
159,9,Gonzalo Ibáñez,Administrativo,6,Mariana Solís,Administrativo,Admisiones,2024-02-15,Subordinado,4,Trabajo en Equipo,"Disposición para colaborar de manera empática, respetuosa y proactiva con compañeros de trabajo.",4,"Muy buen desempeño general, cumple de forma constante con los objetivos.",2026-09-04 20:31:31
160,9,Gonzalo Ibáñez,Administrativo,6,Mariana Solís,Administrativo,Admisiones,2024-02-15,Subordinado,5,Puntualidad y Compromiso,"Cumplimiento oportuno de horarios, compromisos laborales y adhesión a los valores institucionales.",3,"Desempeño aceptable en sus funciones habituales, dentro del promedio esperado.",2026-09-04 17:31:31
161,7,Andrés Molina,Administrativo,7,Andrés Molina,Administrativo,Recursos Humanos,2024-08-05,Autoevaluación,1,Liderazgo,"Capacidad para guiar, motivar e inspirar a equipos hacia el logro de metas institucionales.",4,Maneja adecuadamente los grupos y demuestra sólido conocimiento en su área.,2026-09-08 17:31:31
162,7,Andrés Molina,Administrativo,7,Andrés Molina,Administrativo,Recursos Humanos,2024-08-05,Autoevaluación,2,Comunicación Efectiva,"Habilidad para transmitir ideas con claridad, asertividad y escuchar de forma activa.",5,"Excelente manejo de sus responsabilidades, supera constantemente las expectativas.",2026-09-08 21:31:31
163,7,Andrés Molina,Administrativo,7,Andrés Molina,Administrativo,Recursos Humanos,2024-08-05,Autoevaluación,3,Pedagogía y Gestión,Dominio metodológico en el aula y eficiencia en la gestión de procesos académicos/administrativos.,5,"Excelente manejo de sus responsabilidades, supera constantemente las expectativas.",2026-09-08 02:31:31
164,7,Andrés Molina,Administrativo,7,Andrés Molina,Administrativo,Recursos Humanos,2024-08-05,Autoevaluación,4,Trabajo en Equipo,"Disposición para colaborar de manera empática, respetuosa y proactiva con compañeros de trabajo.",4,Muestra compromiso con sus funciones y mantiene buena comunicación.,2026-09-12 18:31:31
165,7,Andrés Molina,Administrativo,7,Andrés Molina,Administrativo,Recursos Humanos,2024-08-05,Autoevaluación,5,Puntualidad y Compromiso,"Cumplimiento oportuno de horarios, compromisos laborales y adhesión a los valores institucionales.",4,Buen trabajo colaborativo con apertura a sugerencias de mejora.,2026-09-03 18:31:31
166,1,Dra. Beatriz Villaseñor,Directivo,7,Andrés Molina,Administrativo,Recursos Humanos,2024-08-05,Jefe,1,Liderazgo,"Capacidad para guiar, motivar e inspirar a equipos hacia el logro de metas institucionales.",4,Buen trabajo colaborativo con apertura a sugerencias de mejora.,2026-09-19 02:31:31
167,1,Dra. Beatriz Villaseñor,Directivo,7,Andrés Molina,Administrativo,Recursos Humanos,2024-08-05,Jefe,2,Comunicación Efectiva,"Habilidad para transmitir ideas con claridad, asertividad y escuchar de forma activa.",4,Buen trabajo colaborativo con apertura a sugerencias de mejora.,2026-09-21 23:31:31
168,1,Dra. Beatriz Villaseñor,Directivo,7,Andrés Molina,Administrativo,Recursos Humanos,2024-08-05,Jefe,3,Pedagogía y Gestión,Dominio metodológico en el aula y eficiencia en la gestión de procesos académicos/administrativos.,5,Puntualidad impecable y actitud ejemplar en todas sus actividades.,2026-09-17 00:31:31
169,1,Dra. Beatriz Villaseñor,Directivo,7,Andrés Molina,Administrativo,Recursos Humanos,2024-08-05,Jefe,4,Trabajo en Equipo,"Disposición para colaborar de manera empática, respetuosa y proactiva con compañeros de trabajo.",4,Buen trabajo colaborativo con apertura a sugerencias de mejora.,2026-09-18 21:31:31
170,1,Dra. Beatriz Villaseñor,Directivo,7,Andrés Molina,Administrativo,Recursos Humanos,2024-08-05,Jefe,5,Puntualidad y Compromiso,"Cumplimiento oportuno de horarios, compromisos laborales y adhesión a los valores institucionales.",4,Muestra compromiso con sus funciones y mantiene buena comunicación.,2026-09-21 02:31:31
171,8,Pilar Fernández,Administrativo,7,Andrés Molina,Administrativo,Recursos Humanos,2024-08-05,Par,1,Liderazgo,"Capacidad para guiar, motivar e inspirar a equipos hacia el logro de metas institucionales.",5,Su aporte y liderazgo son fundamentales para el éxito del equipo.,2026-09-17 17:31:31
172,8,Pilar Fernández,Administrativo,7,Andrés Molina,Administrativo,Recursos Humanos,2024-08-05,Par,2,Comunicación Efectiva,"Habilidad para transmitir ideas con claridad, asertividad y escuchar de forma activa.",5,"Excelente manejo de sus responsabilidades, supera constantemente las expectativas.",2026-09-15 01:31:31
173,8,Pilar Fernández,Administrativo,7,Andrés Molina,Administrativo,Recursos Humanos,2024-08-05,Par,3,Pedagogía y Gestión,Dominio metodológico en el aula y eficiencia en la gestión de procesos académicos/administrativos.,4,Muestra compromiso con sus funciones y mantiene buena comunicación.,2026-09-17 23:31:31
174,8,Pilar Fernández,Administrativo,7,Andrés Molina,Administrativo,Recursos Humanos,2024-08-05,Par,4,Trabajo en Equipo,"Disposición para colaborar de manera empática, respetuosa y proactiva con compañeros de trabajo.",4,Maneja adecuadamente los grupos y demuestra sólido conocimiento en su área.,2026-09-02 00:31:31
175,8,Pilar Fernández,Administrativo,7,Andrés Molina,Administrativo,Recursos Humanos,2024-08-05,Par,5,Puntualidad y Compromiso,"Cumplimiento oportuno de horarios, compromisos laborales y adhesión a los valores institucionales.",4,"Muy buen desempeño general, cumple de forma constante con los objetivos.",2026-09-04 22:31:31
176,3,Ricardo Palacios,Administrativo,7,Andrés Molina,Administrativo,Recursos Humanos,2024-08-05,Par,1,Liderazgo,"Capacidad para guiar, motivar e inspirar a equipos hacia el logro de metas institucionales.",5,Gran capacidad resolutiva y trato sumamente profesional con todos.,2026-09-22 00:31:31
177,3,Ricardo Palacios,Administrativo,7,Andrés Molina,Administrativo,Recursos Humanos,2024-08-05,Par,2,Comunicación Efectiva,"Habilidad para transmitir ideas con claridad, asertividad y escuchar de forma activa.",4,Entregas oportunas y buena disposición frente a nuevos retos.,2026-09-01 00:31:31
178,3,Ricardo Palacios,Administrativo,7,Andrés Molina,Administrativo,Recursos Humanos,2024-08-05,Par,3,Pedagogía y Gestión,Dominio metodológico en el aula y eficiencia en la gestión de procesos académicos/administrativos.,5,Demuestra un desempeño sobresaliente y es un referente positivo en la institución.,2026-09-09 21:31:31
179,3,Ricardo Palacios,Administrativo,7,Andrés Molina,Administrativo,Recursos Humanos,2024-08-05,Par,4,Trabajo en Equipo,"Disposición para colaborar de manera empática, respetuosa y proactiva con compañeros de trabajo.",4,Maneja adecuadamente los grupos y demuestra sólido conocimiento en su área.,2026-09-15 17:31:31
180,3,Ricardo Palacios,Administrativo,7,Andrés Molina,Administrativo,Recursos Humanos,2024-08-05,Par,5,Puntualidad y Compromiso,"Cumplimiento oportuno de horarios, compromisos laborales y adhesión a los valores institucionales.",5,Puntualidad impecable y actitud ejemplar en todas sus actividades.,2026-09-13 23:31:31
181,12,Ana Lucía Torres,Maestro,7,Andrés Molina,Administrativo,Recursos Humanos,2024-08-05,Subordinado,1,Liderazgo,"Capacidad para guiar, motivar e inspirar a equipos hacia el logro de metas institucionales.",4,Maneja adecuadamente los grupos y demuestra sólido conocimiento en su área.,2026-09-23 17:31:31
182,12,Ana Lucía Torres,Maestro,7,Andrés Molina,Administrativo,Recursos Humanos,2024-08-05,Subordinado,2,Comunicación Efectiva,"Habilidad para transmitir ideas con claridad, asertividad y escuchar de forma activa.",5,Puntualidad impecable y actitud ejemplar en todas sus actividades.,2026-09-03 21:31:31
183,12,Ana Lucía Torres,Maestro,7,Andrés Molina,Administrativo,Recursos Humanos,2024-08-05,Subordinado,3,Pedagogía y Gestión,Dominio metodológico en el aula y eficiencia en la gestión de procesos académicos/administrativos.,5,Puntualidad impecable y actitud ejemplar en todas sus actividades.,2026-09-24 20:31:31
184,12,Ana Lucía Torres,Maestro,7,Andrés Molina,Administrativo,Recursos Humanos,2024-08-05,Subordinado,4,Trabajo en Equipo,"Disposición para colaborar de manera empática, respetuosa y proactiva con compañeros de trabajo.",5,Su aporte y liderazgo son fundamentales para el éxito del equipo.,2026-09-16 17:31:31
185,12,Ana Lucía Torres,Maestro,7,Andrés Molina,Administrativo,Recursos Humanos,2024-08-05,Subordinado,5,Puntualidad y Compromiso,"Cumplimiento oportuno de horarios, compromisos laborales y adhesión a los valores institucionales.",5,Demuestra un desempeño sobresaliente y es un referente positivo en la institución.,2026-09-13 18:31:31
186,8,Pilar Fernández,Administrativo,8,Pilar Fernández,Administrativo,Servicios Escolares,2024-10-20,Autoevaluación,1,Liderazgo,"Capacidad para guiar, motivar e inspirar a equipos hacia el logro de metas institucionales.",5,"Excelente manejo de sus responsabilidades, supera constantemente las expectativas.",2026-09-14 21:31:31
187,8,Pilar Fernández,Administrativo,8,Pilar Fernández,Administrativo,Servicios Escolares,2024-10-20,Autoevaluación,2,Comunicación Efectiva,"Habilidad para transmitir ideas con claridad, asertividad y escuchar de forma activa.",4,Maneja adecuadamente los grupos y demuestra sólido conocimiento en su área.,2026-09-14 20:31:31
188,8,Pilar Fernández,Administrativo,8,Pilar Fernández,Administrativo,Servicios Escolares,2024-10-20,Autoevaluación,3,Pedagogía y Gestión,Dominio metodológico en el aula y eficiencia en la gestión de procesos académicos/administrativos.,4,Maneja adecuadamente los grupos y demuestra sólido conocimiento en su área.,2026-09-16 19:31:31
189,8,Pilar Fernández,Administrativo,8,Pilar Fernández,Administrativo,Servicios Escolares,2024-10-20,Autoevaluación,4,Trabajo en Equipo,"Disposición para colaborar de manera empática, respetuosa y proactiva con compañeros de trabajo.",3,"Generalmente puntual, con oportunidades de optimizar sus tiempos de respuesta.",2026-09-22 19:31:31
190,8,Pilar Fernández,Administrativo,8,Pilar Fernández,Administrativo,Servicios Escolares,2024-10-20,Autoevaluación,5,Puntualidad y Compromiso,"Cumplimiento oportuno de horarios, compromisos laborales y adhesión a los valores institucionales.",5,Demuestra un desempeño sobresaliente y es un referente positivo en la institución.,2026-09-07 23:31:31
191,2,Dr. Alejandro de la Vega,Directivo,8,Pilar Fernández,Administrativo,Servicios Escolares,2024-10-20,Jefe,1,Liderazgo,"Capacidad para guiar, motivar e inspirar a equipos hacia el logro de metas institucionales.",3,"Su comunicación es adecuada, pero a veces falta mayor seguimiento a los compromisos.",2026-09-22 21:31:31
192,2,Dr. Alejandro de la Vega,Directivo,8,Pilar Fernández,Administrativo,Servicios Escolares,2024-10-20,Jefe,2,Comunicación Efectiva,"Habilidad para transmitir ideas con claridad, asertividad y escuchar de forma activa.",4,Entregas oportunas y buena disposición frente a nuevos retos.,2026-09-21 00:31:31
193,2,Dr. Alejandro de la Vega,Directivo,8,Pilar Fernández,Administrativo,Servicios Escolares,2024-10-20,Jefe,3,Pedagogía y Gestión,Dominio metodológico en el aula y eficiencia en la gestión de procesos académicos/administrativos.,4,Buen trabajo colaborativo con apertura a sugerencias de mejora.,2026-09-17 01:31:31
194,2,Dr. Alejandro de la Vega,Directivo,8,Pilar Fernández,Administrativo,Servicios Escolares,2024-10-20,Jefe,4,Trabajo en Equipo,"Disposición para colaborar de manera empática, respetuosa y proactiva con compañeros de trabajo.",5,Su aporte y liderazgo son fundamentales para el éxito del equipo.,2026-09-05 20:31:31
195,2,Dr. Alejandro de la Vega,Directivo,8,Pilar Fernández,Administrativo,Servicios Escolares,2024-10-20,Jefe,5,Puntualidad y Compromiso,"Cumplimiento oportuno de horarios, compromisos laborales y adhesión a los valores institucionales.",4,"Muy buen desempeño general, cumple de forma constante con los objetivos.",2026-09-10 00:31:31
196,9,Gonzalo Ibáñez,Administrativo,8,Pilar Fernández,Administrativo,Servicios Escolares,2024-10-20,Par,1,Liderazgo,"Capacidad para guiar, motivar e inspirar a equipos hacia el logro de metas institucionales.",5,Gran capacidad resolutiva y trato sumamente profesional con todos.,2026-09-20 19:31:31
197,9,Gonzalo Ibáñez,Administrativo,8,Pilar Fernández,Administrativo,Servicios Escolares,2024-10-20,Par,2,Comunicación Efectiva,"Habilidad para transmitir ideas con claridad, asertividad y escuchar de forma activa.",4,Entregas oportunas y buena disposición frente a nuevos retos.,2026-09-17 22:31:31
198,9,Gonzalo Ibáñez,Administrativo,8,Pilar Fernández,Administrativo,Servicios Escolares,2024-10-20,Par,3,Pedagogía y Gestión,Dominio metodológico en el aula y eficiencia en la gestión de procesos académicos/administrativos.,4,"Muy buen desempeño general, cumple de forma constante con los objetivos.",2026-09-13 18:31:31
199,9,Gonzalo Ibáñez,Administrativo,8,Pilar Fernández,Administrativo,Servicios Escolares,2024-10-20,Par,4,Trabajo en Equipo,"Disposición para colaborar de manera empática, respetuosa y proactiva con compañeros de trabajo.",4,Muestra compromiso con sus funciones y mantiene buena comunicación.,2026-09-12 19:31:31
200,9,Gonzalo Ibáñez,Administrativo,8,Pilar Fernández,Administrativo,Servicios Escolares,2024-10-20,Par,5,Puntualidad y Compromiso,"Cumplimiento oportuno de horarios, compromisos laborales y adhesión a los valores institucionales.",4,"Muy buen desempeño general, cumple de forma constante con los objetivos.",2026-09-14 21:31:31
201,6,Mariana Solís,Administrativo,8,Pilar Fernández,Administrativo,Servicios Escolares,2024-10-20,Par,1,Liderazgo,"Capacidad para guiar, motivar e inspirar a equipos hacia el logro de metas institucionales.",4,"Muy buen desempeño general, cumple de forma constante con los objetivos.",2026-09-10 01:31:31
202,6,Mariana Solís,Administrativo,8,Pilar Fernández,Administrativo,Servicios Escolares,2024-10-20,Par,2,Comunicación Efectiva,"Habilidad para transmitir ideas con claridad, asertividad y escuchar de forma activa.",5,Gran capacidad resolutiva y trato sumamente profesional con todos.,2026-09-10 00:31:31
203,6,Mariana Solís,Administrativo,8,Pilar Fernández,Administrativo,Servicios Escolares,2024-10-20,Par,3,Pedagogía y Gestión,Dominio metodológico en el aula y eficiencia en la gestión de procesos académicos/administrativos.,4,"Muy buen desempeño general, cumple de forma constante con los objetivos.",2026-09-06 21:31:31
204,6,Mariana Solís,Administrativo,8,Pilar Fernández,Administrativo,Servicios Escolares,2024-10-20,Par,4,Trabajo en Equipo,"Disposición para colaborar de manera empática, respetuosa y proactiva con compañeros de trabajo.",4,Muestra compromiso con sus funciones y mantiene buena comunicación.,2026-09-22 18:31:31
205,6,Mariana Solís,Administrativo,8,Pilar Fernández,Administrativo,Servicios Escolares,2024-10-20,Par,5,Puntualidad y Compromiso,"Cumplimiento oportuno de horarios, compromisos laborales y adhesión a los valores institucionales.",4,"Muy buen desempeño general, cumple de forma constante con los objetivos.",2026-09-13 19:31:31
206,5,Esteban Fuentes,Administrativo,8,Pilar Fernández,Administrativo,Servicios Escolares,2024-10-20,Subordinado,1,Liderazgo,"Capacidad para guiar, motivar e inspirar a equipos hacia el logro de metas institucionales.",4,"Muy buen desempeño general, cumple de forma constante con los objetivos.",2026-08-31 22:31:31
207,5,Esteban Fuentes,Administrativo,8,Pilar Fernández,Administrativo,Servicios Escolares,2024-10-20,Subordinado,2,Comunicación Efectiva,"Habilidad para transmitir ideas con claridad, asertividad y escuchar de forma activa.",4,Muestra compromiso con sus funciones y mantiene buena comunicación.,2026-09-07 01:31:31
208,5,Esteban Fuentes,Administrativo,8,Pilar Fernández,Administrativo,Servicios Escolares,2024-10-20,Subordinado,3,Pedagogía y Gestión,Dominio metodológico en el aula y eficiencia en la gestión de procesos académicos/administrativos.,5,"Excelente manejo de sus responsabilidades, supera constantemente las expectativas.",2026-09-04 19:31:31
209,5,Esteban Fuentes,Administrativo,8,Pilar Fernández,Administrativo,Servicios Escolares,2024-10-20,Subordinado,4,Trabajo en Equipo,"Disposición para colaborar de manera empática, respetuosa y proactiva con compañeros de trabajo.",5,"Excelente manejo de sus responsabilidades, supera constantemente las expectativas.",2026-09-15 02:31:31
210,5,Esteban Fuentes,Administrativo,8,Pilar Fernández,Administrativo,Servicios Escolares,2024-10-20,Subordinado,5,Puntualidad y Compromiso,"Cumplimiento oportuno de horarios, compromisos laborales y adhesión a los valores institucionales.",4,Maneja adecuadamente los grupos y demuestra sólido conocimiento en su área.,2026-09-19 21:31:31
211,9,Gonzalo Ibáñez,Administrativo,9,Gonzalo Ibáñez,Administrativo,Finanzas,2021-08-01,Autoevaluación,1,Liderazgo,"Capacidad para guiar, motivar e inspirar a equipos hacia el logro de metas institucionales.",4,Maneja adecuadamente los grupos y demuestra sólido conocimiento en su área.,2026-09-09 01:31:31
212,9,Gonzalo Ibáñez,Administrativo,9,Gonzalo Ibáñez,Administrativo,Finanzas,2021-08-01,Autoevaluación,2,Comunicación Efectiva,"Habilidad para transmitir ideas con claridad, asertividad y escuchar de forma activa.",5,"Excelente manejo de sus responsabilidades, supera constantemente las expectativas.",2026-09-02 00:31:31
213,9,Gonzalo Ibáñez,Administrativo,9,Gonzalo Ibáñez,Administrativo,Finanzas,2021-08-01,Autoevaluación,3,Pedagogía y Gestión,Dominio metodológico en el aula y eficiencia en la gestión de procesos académicos/administrativos.,5,Su aporte y liderazgo son fundamentales para el éxito del equipo.,2026-09-19 23:31:31
214,9,Gonzalo Ibáñez,Administrativo,9,Gonzalo Ibáñez,Administrativo,Finanzas,2021-08-01,Autoevaluación,4,Trabajo en Equipo,"Disposición para colaborar de manera empática, respetuosa y proactiva con compañeros de trabajo.",4,Buen trabajo colaborativo con apertura a sugerencias de mejora.,2026-09-13 21:31:31
215,9,Gonzalo Ibáñez,Administrativo,9,Gonzalo Ibáñez,Administrativo,Finanzas,2021-08-01,Autoevaluación,5,Puntualidad y Compromiso,"Cumplimiento oportuno de horarios, compromisos laborales y adhesión a los valores institucionales.",5,Gran capacidad resolutiva y trato sumamente profesional con todos.,2026-09-02 20:31:31
216,2,Dr. Alejandro de la Vega,Directivo,9,Gonzalo Ibáñez,Administrativo,Finanzas,2021-08-01,Jefe,1,Liderazgo,"Capacidad para guiar, motivar e inspirar a equipos hacia el logro de metas institucionales.",5,Puntualidad impecable y actitud ejemplar en todas sus actividades.,2026-09-08 21:31:31
217,2,Dr. Alejandro de la Vega,Directivo,9,Gonzalo Ibáñez,Administrativo,Finanzas,2021-08-01,Jefe,2,Comunicación Efectiva,"Habilidad para transmitir ideas con claridad, asertividad y escuchar de forma activa.",5,Demuestra un desempeño sobresaliente y es un referente positivo en la institución.,2026-09-17 17:31:31
218,2,Dr. Alejandro de la Vega,Directivo,9,Gonzalo Ibáñez,Administrativo,Finanzas,2021-08-01,Jefe,3,Pedagogía y Gestión,Dominio metodológico en el aula y eficiencia en la gestión de procesos académicos/administrativos.,4,Maneja adecuadamente los grupos y demuestra sólido conocimiento en su área.,2026-09-08 20:31:31
219,2,Dr. Alejandro de la Vega,Directivo,9,Gonzalo Ibáñez,Administrativo,Finanzas,2021-08-01,Jefe,4,Trabajo en Equipo,"Disposición para colaborar de manera empática, respetuosa y proactiva con compañeros de trabajo.",4,Entregas oportunas y buena disposición frente a nuevos retos.,2026-09-07 19:31:31
220,2,Dr. Alejandro de la Vega,Directivo,9,Gonzalo Ibáñez,Administrativo,Finanzas,2021-08-01,Jefe,5,Puntualidad y Compromiso,"Cumplimiento oportuno de horarios, compromisos laborales y adhesión a los valores institucionales.",5,Demuestra un desempeño sobresaliente y es un referente positivo en la institución.,2026-09-09 00:31:31
221,3,Ricardo Palacios,Administrativo,9,Gonzalo Ibáñez,Administrativo,Finanzas,2021-08-01,Par,1,Liderazgo,"Capacidad para guiar, motivar e inspirar a equipos hacia el logro de metas institucionales.",4,Buen trabajo colaborativo con apertura a sugerencias de mejora.,2026-09-09 23:31:31
222,3,Ricardo Palacios,Administrativo,9,Gonzalo Ibáñez,Administrativo,Finanzas,2021-08-01,Par,2,Comunicación Efectiva,"Habilidad para transmitir ideas con claridad, asertividad y escuchar de forma activa.",5,"Excelente manejo de sus responsabilidades, supera constantemente las expectativas.",2026-09-05 19:31:31
223,3,Ricardo Palacios,Administrativo,9,Gonzalo Ibáñez,Administrativo,Finanzas,2021-08-01,Par,3,Pedagogía y Gestión,Dominio metodológico en el aula y eficiencia en la gestión de procesos académicos/administrativos.,5,Su aporte y liderazgo son fundamentales para el éxito del equipo.,2026-09-16 01:31:31
224,3,Ricardo Palacios,Administrativo,9,Gonzalo Ibáñez,Administrativo,Finanzas,2021-08-01,Par,4,Trabajo en Equipo,"Disposición para colaborar de manera empática, respetuosa y proactiva con compañeros de trabajo.",4,Buen trabajo colaborativo con apertura a sugerencias de mejora.,2026-09-04 21:31:31
225,3,Ricardo Palacios,Administrativo,9,Gonzalo Ibáñez,Administrativo,Finanzas,2021-08-01,Par,5,Puntualidad y Compromiso,"Cumplimiento oportuno de horarios, compromisos laborales y adhesión a los valores institucionales.",5,Su aporte y liderazgo son fundamentales para el éxito del equipo.,2026-09-22 22:31:31
226,7,Andrés Molina,Administrativo,9,Gonzalo Ibáñez,Administrativo,Finanzas,2021-08-01,Par,1,Liderazgo,"Capacidad para guiar, motivar e inspirar a equipos hacia el logro de metas institucionales.",4,"Muy buen desempeño general, cumple de forma constante con los objetivos.",2026-09-13 18:31:31
227,7,Andrés Molina,Administrativo,9,Gonzalo Ibáñez,Administrativo,Finanzas,2021-08-01,Par,2,Comunicación Efectiva,"Habilidad para transmitir ideas con claridad, asertividad y escuchar de forma activa.",5,Gran capacidad resolutiva y trato sumamente profesional con todos.,2026-09-25 01:31:31
228,7,Andrés Molina,Administrativo,9,Gonzalo Ibáñez,Administrativo,Finanzas,2021-08-01,Par,3,Pedagogía y Gestión,Dominio metodológico en el aula y eficiencia en la gestión de procesos académicos/administrativos.,5,Su aporte y liderazgo son fundamentales para el éxito del equipo.,2026-09-01 23:31:31
229,7,Andrés Molina,Administrativo,9,Gonzalo Ibáñez,Administrativo,Finanzas,2021-08-01,Par,4,Trabajo en Equipo,"Disposición para colaborar de manera empática, respetuosa y proactiva con compañeros de trabajo.",5,Gran capacidad resolutiva y trato sumamente profesional con todos.,2026-09-10 21:31:31
230,7,Andrés Molina,Administrativo,9,Gonzalo Ibáñez,Administrativo,Finanzas,2021-08-01,Par,5,Puntualidad y Compromiso,"Cumplimiento oportuno de horarios, compromisos laborales y adhesión a los valores institucionales.",5,Puntualidad impecable y actitud ejemplar en todas sus actividades.,2026-09-11 22:31:31
231,14,Elena Rostova,Maestro,9,Gonzalo Ibáñez,Administrativo,Finanzas,2021-08-01,Subordinado,1,Liderazgo,"Capacidad para guiar, motivar e inspirar a equipos hacia el logro de metas institucionales.",4,Entregas oportunas y buena disposición frente a nuevos retos.,2026-09-10 02:31:31
232,14,Elena Rostova,Maestro,9,Gonzalo Ibáñez,Administrativo,Finanzas,2021-08-01,Subordinado,2,Comunicación Efectiva,"Habilidad para transmitir ideas con claridad, asertividad y escuchar de forma activa.",5,Demuestra un desempeño sobresaliente y es un referente positivo en la institución.,2026-09-20 00:31:31
233,14,Elena Rostova,Maestro,9,Gonzalo Ibáñez,Administrativo,Finanzas,2021-08-01,Subordinado,3,Pedagogía y Gestión,Dominio metodológico en el aula y eficiencia en la gestión de procesos académicos/administrativos.,5,"Excelente manejo de sus responsabilidades, supera constantemente las expectativas.",2026-08-31 17:31:31
234,14,Elena Rostova,Maestro,9,Gonzalo Ibáñez,Administrativo,Finanzas,2021-08-01,Subordinado,4,Trabajo en Equipo,"Disposición para colaborar de manera empática, respetuosa y proactiva con compañeros de trabajo.",5,Gran capacidad resolutiva y trato sumamente profesional con todos.,2026-09-02 18:31:31
235,14,Elena Rostova,Maestro,9,Gonzalo Ibáñez,Administrativo,Finanzas,2021-08-01,Subordinado,5,Puntualidad y Compromiso,"Cumplimiento oportuno de horarios, compromisos laborales y adhesión a los valores institucionales.",4,Buen trabajo colaborativo con apertura a sugerencias de mejora.,2026-09-21 01:31:31
236,10,Teresa Campos,Administrativo,10,Teresa Campos,Administrativo,Admisiones,2022-04-27,Autoevaluación,1,Liderazgo,"Capacidad para guiar, motivar e inspirar a equipos hacia el logro de metas institucionales.",5,Gran capacidad resolutiva y trato sumamente profesional con todos.,2026-09-17 19:31:31
237,10,Teresa Campos,Administrativo,10,Teresa Campos,Administrativo,Admisiones,2022-04-27,Autoevaluación,2,Comunicación Efectiva,"Habilidad para transmitir ideas con claridad, asertividad y escuchar de forma activa.",5,Gran capacidad resolutiva y trato sumamente profesional con todos.,2026-09-18 23:31:31
238,10,Teresa Campos,Administrativo,10,Teresa Campos,Administrativo,Admisiones,2022-04-27,Autoevaluación,3,Pedagogía y Gestión,Dominio metodológico en el aula y eficiencia en la gestión de procesos académicos/administrativos.,4,Buen trabajo colaborativo con apertura a sugerencias de mejora.,2026-08-31 22:31:31
239,10,Teresa Campos,Administrativo,10,Teresa Campos,Administrativo,Admisiones,2022-04-27,Autoevaluación,4,Trabajo en Equipo,"Disposición para colaborar de manera empática, respetuosa y proactiva con compañeros de trabajo.",5,"Excelente manejo de sus responsabilidades, supera constantemente las expectativas.",2026-09-10 18:31:31
240,10,Teresa Campos,Administrativo,10,Teresa Campos,Administrativo,Admisiones,2022-04-27,Autoevaluación,5,Puntualidad y Compromiso,"Cumplimiento oportuno de horarios, compromisos laborales y adhesión a los valores institucionales.",5,Su aporte y liderazgo son fundamentales para el éxito del equipo.,2026-09-16 22:31:31
241,1,Dra. Beatriz Villaseñor,Directivo,10,Teresa Campos,Administrativo,Admisiones,2022-04-27,Jefe,1,Liderazgo,"Capacidad para guiar, motivar e inspirar a equipos hacia el logro de metas institucionales.",5,Gran capacidad resolutiva y trato sumamente profesional con todos.,2026-09-01 20:31:31
242,1,Dra. Beatriz Villaseñor,Directivo,10,Teresa Campos,Administrativo,Admisiones,2022-04-27,Jefe,2,Comunicación Efectiva,"Habilidad para transmitir ideas con claridad, asertividad y escuchar de forma activa.",5,Puntualidad impecable y actitud ejemplar en todas sus actividades.,2026-08-30 17:31:31
243,1,Dra. Beatriz Villaseñor,Directivo,10,Teresa Campos,Administrativo,Admisiones,2022-04-27,Jefe,3,Pedagogía y Gestión,Dominio metodológico en el aula y eficiencia en la gestión de procesos académicos/administrativos.,5,Puntualidad impecable y actitud ejemplar en todas sus actividades.,2026-09-05 18:31:31
244,1,Dra. Beatriz Villaseñor,Directivo,10,Teresa Campos,Administrativo,Admisiones,2022-04-27,Jefe,4,Trabajo en Equipo,"Disposición para colaborar de manera empática, respetuosa y proactiva con compañeros de trabajo.",5,Puntualidad impecable y actitud ejemplar en todas sus actividades.,2026-09-06 02:31:31
245,1,Dra. Beatriz Villaseñor,Directivo,10,Teresa Campos,Administrativo,Admisiones,2022-04-27,Jefe,5,Puntualidad y Compromiso,"Cumplimiento oportuno de horarios, compromisos laborales y adhesión a los valores institucionales.",5,"Excelente manejo de sus responsabilidades, supera constantemente las expectativas.",2026-09-25 02:31:31
246,3,Ricardo Palacios,Administrativo,10,Teresa Campos,Administrativo,Admisiones,2022-04-27,Par,1,Liderazgo,"Capacidad para guiar, motivar e inspirar a equipos hacia el logro de metas institucionales.",4,Muestra compromiso con sus funciones y mantiene buena comunicación.,2026-09-04 01:31:31
247,3,Ricardo Palacios,Administrativo,10,Teresa Campos,Administrativo,Admisiones,2022-04-27,Par,2,Comunicación Efectiva,"Habilidad para transmitir ideas con claridad, asertividad y escuchar de forma activa.",5,Demuestra un desempeño sobresaliente y es un referente positivo en la institución.,2026-09-03 17:31:31
248,3,Ricardo Palacios,Administrativo,10,Teresa Campos,Administrativo,Admisiones,2022-04-27,Par,3,Pedagogía y Gestión,Dominio metodológico en el aula y eficiencia en la gestión de procesos académicos/administrativos.,5,Su aporte y liderazgo son fundamentales para el éxito del equipo.,2026-09-24 20:31:31
249,3,Ricardo Palacios,Administrativo,10,Teresa Campos,Administrativo,Admisiones,2022-04-27,Par,4,Trabajo en Equipo,"Disposición para colaborar de manera empática, respetuosa y proactiva con compañeros de trabajo.",5,Su aporte y liderazgo son fundamentales para el éxito del equipo.,2026-08-31 19:31:31
250,3,Ricardo Palacios,Administrativo,10,Teresa Campos,Administrativo,Admisiones,2022-04-27,Par,5,Puntualidad y Compromiso,"Cumplimiento oportuno de horarios, compromisos laborales y adhesión a los valores institucionales.",5,Gran capacidad resolutiva y trato sumamente profesional con todos.,2026-09-15 18:31:31
251,5,Esteban Fuentes,Administrativo,10,Teresa Campos,Administrativo,Admisiones,2022-04-27,Par,1,Liderazgo,"Capacidad para guiar, motivar e inspirar a equipos hacia el logro de metas institucionales.",5,Su aporte y liderazgo son fundamentales para el éxito del equipo.,2026-09-16 02:31:31
252,5,Esteban Fuentes,Administrativo,10,Teresa Campos,Administrativo,Admisiones,2022-04-27,Par,2,Comunicación Efectiva,"Habilidad para transmitir ideas con claridad, asertividad y escuchar de forma activa.",4,"Muy buen desempeño general, cumple de forma constante con los objetivos.",2026-09-14 01:31:31
253,5,Esteban Fuentes,Administrativo,10,Teresa Campos,Administrativo,Admisiones,2022-04-27,Par,3,Pedagogía y Gestión,Dominio metodológico en el aula y eficiencia en la gestión de procesos académicos/administrativos.,5,Puntualidad impecable y actitud ejemplar en todas sus actividades.,2026-09-09 00:31:31
254,5,Esteban Fuentes,Administrativo,10,Teresa Campos,Administrativo,Admisiones,2022-04-27,Par,4,Trabajo en Equipo,"Disposición para colaborar de manera empática, respetuosa y proactiva con compañeros de trabajo.",5,Demuestra un desempeño sobresaliente y es un referente positivo en la institución.,2026-09-01 00:31:31
255,5,Esteban Fuentes,Administrativo,10,Teresa Campos,Administrativo,Admisiones,2022-04-27,Par,5,Puntualidad y Compromiso,"Cumplimiento oportuno de horarios, compromisos laborales y adhesión a los valores institucionales.",5,Demuestra un desempeño sobresaliente y es un referente positivo en la institución.,2026-09-15 00:31:31
256,13,Roberto Gómez,Maestro,10,Teresa Campos,Administrativo,Admisiones,2022-04-27,Subordinado,1,Liderazgo,"Capacidad para guiar, motivar e inspirar a equipos hacia el logro de metas institucionales.",4,Buen trabajo colaborativo con apertura a sugerencias de mejora.,2026-09-18 19:31:31
257,13,Roberto Gómez,Maestro,10,Teresa Campos,Administrativo,Admisiones,2022-04-27,Subordinado,2,Comunicación Efectiva,"Habilidad para transmitir ideas con claridad, asertividad y escuchar de forma activa.",4,Entregas oportunas y buena disposición frente a nuevos retos.,2026-09-21 22:31:31
258,13,Roberto Gómez,Maestro,10,Teresa Campos,Administrativo,Admisiones,2022-04-27,Subordinado,3,Pedagogía y Gestión,Dominio metodológico en el aula y eficiencia en la gestión de procesos académicos/administrativos.,5,Puntualidad impecable y actitud ejemplar en todas sus actividades.,2026-09-15 21:31:31
259,13,Roberto Gómez,Maestro,10,Teresa Campos,Administrativo,Admisiones,2022-04-27,Subordinado,4,Trabajo en Equipo,"Disposición para colaborar de manera empática, respetuosa y proactiva con compañeros de trabajo.",5,Demuestra un desempeño sobresaliente y es un referente positivo en la institución.,2026-09-20 01:31:31
260,13,Roberto Gómez,Maestro,10,Teresa Campos,Administrativo,Admisiones,2022-04-27,Subordinado,5,Puntualidad y Compromiso,"Cumplimiento oportuno de horarios, compromisos laborales y adhesión a los valores institucionales.",5,"Excelente manejo de sus responsabilidades, supera constantemente las expectativas.",2026-09-13 00:31:31
261,11,Carlos Mendoza,Maestro,11,Carlos Mendoza,Maestro,Matemáticas,2024-12-12,Autoevaluación,1,Liderazgo,"Capacidad para guiar, motivar e inspirar a equipos hacia el logro de metas institucionales.",5,Gran capacidad resolutiva y trato sumamente profesional con todos.,2026-09-11 23:31:31
262,11,Carlos Mendoza,Maestro,11,Carlos Mendoza,Maestro,Matemáticas,2024-12-12,Autoevaluación,2,Comunicación Efectiva,"Habilidad para transmitir ideas con claridad, asertividad y escuchar de forma activa.",5,Demuestra un desempeño sobresaliente y es un referente positivo en la institución.,2026-09-09 23:31:31
263,11,Carlos Mendoza,Maestro,11,Carlos Mendoza,Maestro,Matemáticas,2024-12-12,Autoevaluación,3,Pedagogía y Gestión,Dominio metodológico en el aula y eficiencia en la gestión de procesos académicos/administrativos.,5,"Excelente manejo de sus responsabilidades, supera constantemente las expectativas.",2026-09-21 00:31:31
264,11,Carlos Mendoza,Maestro,11,Carlos Mendoza,Maestro,Matemáticas,2024-12-12,Autoevaluación,4,Trabajo en Equipo,"Disposición para colaborar de manera empática, respetuosa y proactiva con compañeros de trabajo.",5,Demuestra un desempeño sobresaliente y es un referente positivo en la institución.,2026-09-01 18:31:31
265,11,Carlos Mendoza,Maestro,11,Carlos Mendoza,Maestro,Matemáticas,2024-12-12,Autoevaluación,5,Puntualidad y Compromiso,"Cumplimiento oportuno de horarios, compromisos laborales y adhesión a los valores institucionales.",5,Su aporte y liderazgo son fundamentales para el éxito del equipo.,2026-09-24 19:31:31
266,1,Dra. Beatriz Villaseñor,Directivo,11,Carlos Mendoza,Maestro,Matemáticas,2024-12-12,Jefe,1,Liderazgo,"Capacidad para guiar, motivar e inspirar a equipos hacia el logro de metas institucionales.",5,Puntualidad impecable y actitud ejemplar en todas sus actividades.,2026-09-16 22:31:31
267,1,Dra. Beatriz Villaseñor,Directivo,11,Carlos Mendoza,Maestro,Matemáticas,2024-12-12,Jefe,2,Comunicación Efectiva,"Habilidad para transmitir ideas con claridad, asertividad y escuchar de forma activa.",4,Maneja adecuadamente los grupos y demuestra sólido conocimiento en su área.,2026-09-22 17:31:31
268,1,Dra. Beatriz Villaseñor,Directivo,11,Carlos Mendoza,Maestro,Matemáticas,2024-12-12,Jefe,3,Pedagogía y Gestión,Dominio metodológico en el aula y eficiencia en la gestión de procesos académicos/administrativos.,5,Puntualidad impecable y actitud ejemplar en todas sus actividades.,2026-09-08 22:31:31
269,1,Dra. Beatriz Villaseñor,Directivo,11,Carlos Mendoza,Maestro,Matemáticas,2024-12-12,Jefe,4,Trabajo en Equipo,"Disposición para colaborar de manera empática, respetuosa y proactiva con compañeros de trabajo.",4,Maneja adecuadamente los grupos y demuestra sólido conocimiento en su área.,2026-09-06 18:31:31
270,1,Dra. Beatriz Villaseñor,Directivo,11,Carlos Mendoza,Maestro,Matemáticas,2024-12-12,Jefe,5,Puntualidad y Compromiso,"Cumplimiento oportuno de horarios, compromisos laborales y adhesión a los valores institucionales.",5,Puntualidad impecable y actitud ejemplar en todas sus actividades.,2026-09-10 18:31:31
271,20,Valeria Ríos,Maestro,11,Carlos Mendoza,Maestro,Matemáticas,2024-12-12,Par,1,Liderazgo,"Capacidad para guiar, motivar e inspirar a equipos hacia el logro de metas institucionales.",5,Puntualidad impecable y actitud ejemplar en todas sus actividades.,2026-09-19 01:31:31
272,20,Valeria Ríos,Maestro,11,Carlos Mendoza,Maestro,Matemáticas,2024-12-12,Par,2,Comunicación Efectiva,"Habilidad para transmitir ideas con claridad, asertividad y escuchar de forma activa.",4,"Muy buen desempeño general, cumple de forma constante con los objetivos.",2026-09-18 21:31:31
273,20,Valeria Ríos,Maestro,11,Carlos Mendoza,Maestro,Matemáticas,2024-12-12,Par,3,Pedagogía y Gestión,Dominio metodológico en el aula y eficiencia en la gestión de procesos académicos/administrativos.,5,Su aporte y liderazgo son fundamentales para el éxito del equipo.,2026-09-09 22:31:31
274,20,Valeria Ríos,Maestro,11,Carlos Mendoza,Maestro,Matemáticas,2024-12-12,Par,4,Trabajo en Equipo,"Disposición para colaborar de manera empática, respetuosa y proactiva con compañeros de trabajo.",5,Demuestra un desempeño sobresaliente y es un referente positivo en la institución.,2026-09-04 19:31:31
275,20,Valeria Ríos,Maestro,11,Carlos Mendoza,Maestro,Matemáticas,2024-12-12,Par,5,Puntualidad y Compromiso,"Cumplimiento oportuno de horarios, compromisos laborales y adhesión a los valores institucionales.",4,Muestra compromiso con sus funciones y mantiene buena comunicación.,2026-09-22 17:31:31
276,19,Gabriel Castro,Maestro,11,Carlos Mendoza,Maestro,Matemáticas,2024-12-12,Par,1,Liderazgo,"Capacidad para guiar, motivar e inspirar a equipos hacia el logro de metas institucionales.",4,"Muy buen desempeño general, cumple de forma constante con los objetivos.",2026-09-23 01:31:31
277,19,Gabriel Castro,Maestro,11,Carlos Mendoza,Maestro,Matemáticas,2024-12-12,Par,2,Comunicación Efectiva,"Habilidad para transmitir ideas con claridad, asertividad y escuchar de forma activa.",5,Su aporte y liderazgo son fundamentales para el éxito del equipo.,2026-09-04 22:31:31
278,19,Gabriel Castro,Maestro,11,Carlos Mendoza,Maestro,Matemáticas,2024-12-12,Par,3,Pedagogía y Gestión,Dominio metodológico en el aula y eficiencia en la gestión de procesos académicos/administrativos.,5,Su aporte y liderazgo son fundamentales para el éxito del equipo.,2026-09-22 22:31:31
279,19,Gabriel Castro,Maestro,11,Carlos Mendoza,Maestro,Matemáticas,2024-12-12,Par,4,Trabajo en Equipo,"Disposición para colaborar de manera empática, respetuosa y proactiva con compañeros de trabajo.",5,Demuestra un desempeño sobresaliente y es un referente positivo en la institución.,2026-08-31 19:31:31
280,19,Gabriel Castro,Maestro,11,Carlos Mendoza,Maestro,Matemáticas,2024-12-12,Par,5,Puntualidad y Compromiso,"Cumplimiento oportuno de horarios, compromisos laborales y adhesión a los valores institucionales.",4,Muestra compromiso con sus funciones y mantiene buena comunicación.,2026-09-24 02:31:31
281,13,Roberto Gómez,Maestro,11,Carlos Mendoza,Maestro,Matemáticas,2024-12-12,Subordinado,1,Liderazgo,"Capacidad para guiar, motivar e inspirar a equipos hacia el logro de metas institucionales.",5,Gran capacidad resolutiva y trato sumamente profesional con todos.,2026-09-19 00:31:31
282,13,Roberto Gómez,Maestro,11,Carlos Mendoza,Maestro,Matemáticas,2024-12-12,Subordinado,2,Comunicación Efectiva,"Habilidad para transmitir ideas con claridad, asertividad y escuchar de forma activa.",5,"Excelente manejo de sus responsabilidades, supera constantemente las expectativas.",2026-09-24 01:31:31
283,13,Roberto Gómez,Maestro,11,Carlos Mendoza,Maestro,Matemáticas,2024-12-12,Subordinado,3,Pedagogía y Gestión,Dominio metodológico en el aula y eficiencia en la gestión de procesos académicos/administrativos.,4,Entregas oportunas y buena disposición frente a nuevos retos.,2026-09-15 01:31:31
284,13,Roberto Gómez,Maestro,11,Carlos Mendoza,Maestro,Matemáticas,2024-12-12,Subordinado,4,Trabajo en Equipo,"Disposición para colaborar de manera empática, respetuosa y proactiva con compañeros de trabajo.",5,Demuestra un desempeño sobresaliente y es un referente positivo en la institución.,2026-09-06 23:31:31
285,13,Roberto Gómez,Maestro,11,Carlos Mendoza,Maestro,Matemáticas,2024-12-12,Subordinado,5,Puntualidad y Compromiso,"Cumplimiento oportuno de horarios, compromisos laborales y adhesión a los valores institucionales.",5,"Excelente manejo de sus responsabilidades, supera constantemente las expectativas.",2026-09-23 19:31:31
286,12,Ana Lucía Torres,Maestro,12,Ana Lucía Torres,Maestro,Ciencias Exactas,2021-03-11,Autoevaluación,1,Liderazgo,"Capacidad para guiar, motivar e inspirar a equipos hacia el logro de metas institucionales.",4,Buen trabajo colaborativo con apertura a sugerencias de mejora.,2026-09-08 22:31:31
287,12,Ana Lucía Torres,Maestro,12,Ana Lucía Torres,Maestro,Ciencias Exactas,2021-03-11,Autoevaluación,2,Comunicación Efectiva,"Habilidad para transmitir ideas con claridad, asertividad y escuchar de forma activa.",4,Maneja adecuadamente los grupos y demuestra sólido conocimiento en su área.,2026-09-04 19:31:31
288,12,Ana Lucía Torres,Maestro,12,Ana Lucía Torres,Maestro,Ciencias Exactas,2021-03-11,Autoevaluación,3,Pedagogía y Gestión,Dominio metodológico en el aula y eficiencia en la gestión de procesos académicos/administrativos.,4,Maneja adecuadamente los grupos y demuestra sólido conocimiento en su área.,2026-09-16 20:31:31
289,12,Ana Lucía Torres,Maestro,12,Ana Lucía Torres,Maestro,Ciencias Exactas,2021-03-11,Autoevaluación,4,Trabajo en Equipo,"Disposición para colaborar de manera empática, respetuosa y proactiva con compañeros de trabajo.",2,Le cuesta trabajo integrarse en actividades colaborativas de su departamento.,2026-09-01 23:31:31
290,12,Ana Lucía Torres,Maestro,12,Ana Lucía Torres,Maestro,Ciencias Exactas,2021-03-11,Autoevaluación,5,Puntualidad y Compromiso,"Cumplimiento oportuno de horarios, compromisos laborales y adhesión a los valores institucionales.",3,"Desempeño aceptable en sus funciones habituales, dentro del promedio esperado.",2026-09-12 17:31:31
291,2,Dr. Alejandro de la Vega,Directivo,12,Ana Lucía Torres,Maestro,Ciencias Exactas,2021-03-11,Jefe,1,Liderazgo,"Capacidad para guiar, motivar e inspirar a equipos hacia el logro de metas institucionales.",4,Entregas oportunas y buena disposición frente a nuevos retos.,2026-09-11 23:31:31
292,2,Dr. Alejandro de la Vega,Directivo,12,Ana Lucía Torres,Maestro,Ciencias Exactas,2021-03-11,Jefe,2,Comunicación Efectiva,"Habilidad para transmitir ideas con claridad, asertividad y escuchar de forma activa.",3,"Mantiene un ritmo constante, recomendable reforzar habilidades en esta área.",2026-08-30 22:31:31
293,2,Dr. Alejandro de la Vega,Directivo,12,Ana Lucía Torres,Maestro,Ciencias Exactas,2021-03-11,Jefe,3,Pedagogía y Gestión,Dominio metodológico en el aula y eficiencia en la gestión de procesos académicos/administrativos.,4,Buen trabajo colaborativo con apertura a sugerencias de mejora.,2026-09-01 23:31:31
294,2,Dr. Alejandro de la Vega,Directivo,12,Ana Lucía Torres,Maestro,Ciencias Exactas,2021-03-11,Jefe,4,Trabajo en Equipo,"Disposición para colaborar de manera empática, respetuosa y proactiva con compañeros de trabajo.",3,"Cumple con lo requerido, aunque podría mostrar mayor iniciativa en ciertos proyectos.",2026-09-13 02:31:31
295,2,Dr. Alejandro de la Vega,Directivo,12,Ana Lucía Torres,Maestro,Ciencias Exactas,2021-03-11,Jefe,5,Puntualidad y Compromiso,"Cumplimiento oportuno de horarios, compromisos laborales y adhesión a los valores institucionales.",4,Buen trabajo colaborativo con apertura a sugerencias de mejora.,2026-09-06 22:31:31
296,17,Javier Morales,Maestro,12,Ana Lucía Torres,Maestro,Ciencias Exactas,2021-03-11,Par,1,Liderazgo,"Capacidad para guiar, motivar e inspirar a equipos hacia el logro de metas institucionales.",4,Entregas oportunas y buena disposición frente a nuevos retos.,2026-09-19 18:31:31
297,17,Javier Morales,Maestro,12,Ana Lucía Torres,Maestro,Ciencias Exactas,2021-03-11,Par,2,Comunicación Efectiva,"Habilidad para transmitir ideas con claridad, asertividad y escuchar de forma activa.",3,"Su comunicación es adecuada, pero a veces falta mayor seguimiento a los compromisos.",2026-09-10 19:31:31
298,17,Javier Morales,Maestro,12,Ana Lucía Torres,Maestro,Ciencias Exactas,2021-03-11,Par,3,Pedagogía y Gestión,Dominio metodológico en el aula y eficiencia en la gestión de procesos académicos/administrativos.,3,"Cumple con lo requerido, aunque podría mostrar mayor iniciativa en ciertos proyectos.",2026-09-02 19:31:31
299,17,Javier Morales,Maestro,12,Ana Lucía Torres,Maestro,Ciencias Exactas,2021-03-11,Par,4,Trabajo en Equipo,"Disposición para colaborar de manera empática, respetuosa y proactiva con compañeros de trabajo.",3,"Cumple con lo requerido, aunque podría mostrar mayor iniciativa en ciertos proyectos.",2026-09-23 18:31:31
300,17,Javier Morales,Maestro,12,Ana Lucía Torres,Maestro,Ciencias Exactas,2021-03-11,Par,5,Puntualidad y Compromiso,"Cumplimiento oportuno de horarios, compromisos laborales y adhesión a los valores institucionales.",4,Muestra compromiso con sus funciones y mantiene buena comunicación.,2026-09-24 00:31:31
301,14,Elena Rostova,Maestro,12,Ana Lucía Torres,Maestro,Ciencias Exactas,2021-03-11,Par,1,Liderazgo,"Capacidad para guiar, motivar e inspirar a equipos hacia el logro de metas institucionales.",2,Requiere apoyo de supervisión para estructurar mejor sus prioridades.,2026-09-14 02:31:31
302,14,Elena Rostova,Maestro,12,Ana Lucía Torres,Maestro,Ciencias Exactas,2021-03-11,Par,2,Comunicación Efectiva,"Habilidad para transmitir ideas con claridad, asertividad y escuchar de forma activa.",3,"Generalmente puntual, con oportunidades de optimizar sus tiempos de respuesta.",2026-09-09 22:31:31
303,14,Elena Rostova,Maestro,12,Ana Lucía Torres,Maestro,Ciencias Exactas,2021-03-11,Par,3,Pedagogía y Gestión,Dominio metodológico en el aula y eficiencia en la gestión de procesos académicos/administrativos.,3,"Mantiene un ritmo constante, recomendable reforzar habilidades en esta área.",2026-09-19 21:31:31
304,14,Elena Rostova,Maestro,12,Ana Lucía Torres,Maestro,Ciencias Exactas,2021-03-11,Par,4,Trabajo en Equipo,"Disposición para colaborar de manera empática, respetuosa y proactiva con compañeros de trabajo.",3,"Su comunicación es adecuada, pero a veces falta mayor seguimiento a los compromisos.",2026-09-17 17:31:31
305,14,Elena Rostova,Maestro,12,Ana Lucía Torres,Maestro,Ciencias Exactas,2021-03-11,Par,5,Puntualidad y Compromiso,"Cumplimiento oportuno de horarios, compromisos laborales y adhesión a los valores institucionales.",3,"Mantiene un ritmo constante, recomendable reforzar habilidades en esta área.",2026-09-13 17:31:31
306,13,Roberto Gómez,Maestro,12,Ana Lucía Torres,Maestro,Ciencias Exactas,2021-03-11,Subordinado,1,Liderazgo,"Capacidad para guiar, motivar e inspirar a equipos hacia el logro de metas institucionales.",3,"Su comunicación es adecuada, pero a veces falta mayor seguimiento a los compromisos.",2026-09-01 18:31:31
307,13,Roberto Gómez,Maestro,12,Ana Lucía Torres,Maestro,Ciencias Exactas,2021-03-11,Subordinado,2,Comunicación Efectiva,"Habilidad para transmitir ideas con claridad, asertividad y escuchar de forma activa.",3,"Generalmente puntual, con oportunidades de optimizar sus tiempos de respuesta.",2026-09-24 17:31:31
308,13,Roberto Gómez,Maestro,12,Ana Lucía Torres,Maestro,Ciencias Exactas,2021-03-11,Subordinado,3,Pedagogía y Gestión,Dominio metodológico en el aula y eficiencia en la gestión de procesos académicos/administrativos.,3,"Generalmente puntual, con oportunidades de optimizar sus tiempos de respuesta.",2026-09-19 20:31:31
309,13,Roberto Gómez,Maestro,12,Ana Lucía Torres,Maestro,Ciencias Exactas,2021-03-11,Subordinado,4,Trabajo en Equipo,"Disposición para colaborar de manera empática, respetuosa y proactiva con compañeros de trabajo.",3,"Desempeño aceptable en sus funciones habituales, dentro del promedio esperado.",2026-09-13 18:31:31
310,13,Roberto Gómez,Maestro,12,Ana Lucía Torres,Maestro,Ciencias Exactas,2021-03-11,Subordinado,5,Puntualidad y Compromiso,"Cumplimiento oportuno de horarios, compromisos laborales y adhesión a los valores institucionales.",3,"Su comunicación es adecuada, pero a veces falta mayor seguimiento a los compromisos.",2026-09-21 18:31:31
311,13,Roberto Gómez,Maestro,13,Roberto Gómez,Maestro,Humanidades,2025-07-26,Autoevaluación,1,Liderazgo,"Capacidad para guiar, motivar e inspirar a equipos hacia el logro de metas institucionales.",3,"Cumple con lo requerido, aunque podría mostrar mayor iniciativa en ciertos proyectos.",2026-09-22 00:31:31
312,13,Roberto Gómez,Maestro,13,Roberto Gómez,Maestro,Humanidades,2025-07-26,Autoevaluación,2,Comunicación Efectiva,"Habilidad para transmitir ideas con claridad, asertividad y escuchar de forma activa.",4,Maneja adecuadamente los grupos y demuestra sólido conocimiento en su área.,2026-09-16 01:31:31
313,13,Roberto Gómez,Maestro,13,Roberto Gómez,Maestro,Humanidades,2025-07-26,Autoevaluación,3,Pedagogía y Gestión,Dominio metodológico en el aula y eficiencia en la gestión de procesos académicos/administrativos.,3,"Su comunicación es adecuada, pero a veces falta mayor seguimiento a los compromisos.",2026-09-11 23:31:31
314,13,Roberto Gómez,Maestro,13,Roberto Gómez,Maestro,Humanidades,2025-07-26,Autoevaluación,4,Trabajo en Equipo,"Disposición para colaborar de manera empática, respetuosa y proactiva con compañeros de trabajo.",3,"Su comunicación es adecuada, pero a veces falta mayor seguimiento a los compromisos.",2026-09-21 02:31:31
315,13,Roberto Gómez,Maestro,13,Roberto Gómez,Maestro,Humanidades,2025-07-26,Autoevaluación,5,Puntualidad y Compromiso,"Cumplimiento oportuno de horarios, compromisos laborales y adhesión a los valores institucionales.",4,Buen trabajo colaborativo con apertura a sugerencias de mejora.,2026-09-01 22:31:31
316,1,Dra. Beatriz Villaseñor,Directivo,13,Roberto Gómez,Maestro,Humanidades,2025-07-26,Jefe,1,Liderazgo,"Capacidad para guiar, motivar e inspirar a equipos hacia el logro de metas institucionales.",4,Maneja adecuadamente los grupos y demuestra sólido conocimiento en su área.,2026-09-08 21:31:31
317,1,Dra. Beatriz Villaseñor,Directivo,13,Roberto Gómez,Maestro,Humanidades,2025-07-26,Jefe,2,Comunicación Efectiva,"Habilidad para transmitir ideas con claridad, asertividad y escuchar de forma activa.",3,"Cumple con lo requerido, aunque podría mostrar mayor iniciativa en ciertos proyectos.",2026-09-09 18:31:31
318,1,Dra. Beatriz Villaseñor,Directivo,13,Roberto Gómez,Maestro,Humanidades,2025-07-26,Jefe,3,Pedagogía y Gestión,Dominio metodológico en el aula y eficiencia en la gestión de procesos académicos/administrativos.,3,"Cumple con lo requerido, aunque podría mostrar mayor iniciativa en ciertos proyectos.",2026-09-10 21:31:31
319,1,Dra. Beatriz Villaseñor,Directivo,13,Roberto Gómez,Maestro,Humanidades,2025-07-26,Jefe,4,Trabajo en Equipo,"Disposición para colaborar de manera empática, respetuosa y proactiva con compañeros de trabajo.",4,Entregas oportunas y buena disposición frente a nuevos retos.,2026-09-21 18:31:31
320,1,Dra. Beatriz Villaseñor,Directivo,13,Roberto Gómez,Maestro,Humanidades,2025-07-26,Jefe,5,Puntualidad y Compromiso,"Cumplimiento oportuno de horarios, compromisos laborales y adhesión a los valores institucionales.",3,"Mantiene un ritmo constante, recomendable reforzar habilidades en esta área.",2026-09-19 22:31:31
321,16,Sofía Hernández,Maestro,13,Roberto Gómez,Maestro,Humanidades,2025-07-26,Par,1,Liderazgo,"Capacidad para guiar, motivar e inspirar a equipos hacia el logro de metas institucionales.",4,Entregas oportunas y buena disposición frente a nuevos retos.,2026-09-10 17:31:31
322,16,Sofía Hernández,Maestro,13,Roberto Gómez,Maestro,Humanidades,2025-07-26,Par,2,Comunicación Efectiva,"Habilidad para transmitir ideas con claridad, asertividad y escuchar de forma activa.",4,Buen trabajo colaborativo con apertura a sugerencias de mejora.,2026-09-08 19:31:31
323,16,Sofía Hernández,Maestro,13,Roberto Gómez,Maestro,Humanidades,2025-07-26,Par,3,Pedagogía y Gestión,Dominio metodológico en el aula y eficiencia en la gestión de procesos académicos/administrativos.,4,Maneja adecuadamente los grupos y demuestra sólido conocimiento en su área.,2026-09-05 20:31:31
324,16,Sofía Hernández,Maestro,13,Roberto Gómez,Maestro,Humanidades,2025-07-26,Par,4,Trabajo en Equipo,"Disposición para colaborar de manera empática, respetuosa y proactiva con compañeros de trabajo.",3,"Cumple con lo requerido, aunque podría mostrar mayor iniciativa en ciertos proyectos.",2026-09-03 18:31:31
325,16,Sofía Hernández,Maestro,13,Roberto Gómez,Maestro,Humanidades,2025-07-26,Par,5,Puntualidad y Compromiso,"Cumplimiento oportuno de horarios, compromisos laborales y adhesión a los valores institucionales.",3,"Generalmente puntual, con oportunidades de optimizar sus tiempos de respuesta.",2026-09-24 01:31:31
326,28,Natalia Reyes,Maestro,13,Roberto Gómez,Maestro,Humanidades,2025-07-26,Par,1,Liderazgo,"Capacidad para guiar, motivar e inspirar a equipos hacia el logro de metas institucionales.",5,Puntualidad impecable y actitud ejemplar en todas sus actividades.,2026-08-31 22:31:31
327,28,Natalia Reyes,Maestro,13,Roberto Gómez,Maestro,Humanidades,2025-07-26,Par,2,Comunicación Efectiva,"Habilidad para transmitir ideas con claridad, asertividad y escuchar de forma activa.",4,Entregas oportunas y buena disposición frente a nuevos retos.,2026-09-11 19:31:31
328,28,Natalia Reyes,Maestro,13,Roberto Gómez,Maestro,Humanidades,2025-07-26,Par,3,Pedagogía y Gestión,Dominio metodológico en el aula y eficiencia en la gestión de procesos académicos/administrativos.,3,"Cumple con lo requerido, aunque podría mostrar mayor iniciativa en ciertos proyectos.",2026-09-05 02:31:31
329,28,Natalia Reyes,Maestro,13,Roberto Gómez,Maestro,Humanidades,2025-07-26,Par,4,Trabajo en Equipo,"Disposición para colaborar de manera empática, respetuosa y proactiva con compañeros de trabajo.",4,Maneja adecuadamente los grupos y demuestra sólido conocimiento en su área.,2026-08-31 23:31:31
330,28,Natalia Reyes,Maestro,13,Roberto Gómez,Maestro,Humanidades,2025-07-26,Par,5,Puntualidad y Compromiso,"Cumplimiento oportuno de horarios, compromisos laborales y adhesión a los valores institucionales.",3,"Su comunicación es adecuada, pero a veces falta mayor seguimiento a los compromisos.",2026-09-20 20:31:31
331,26,Isabel Romero,Maestro,13,Roberto Gómez,Maestro,Humanidades,2025-07-26,Subordinado,1,Liderazgo,"Capacidad para guiar, motivar e inspirar a equipos hacia el logro de metas institucionales.",4,Muestra compromiso con sus funciones y mantiene buena comunicación.,2026-09-16 20:31:31
332,26,Isabel Romero,Maestro,13,Roberto Gómez,Maestro,Humanidades,2025-07-26,Subordinado,2,Comunicación Efectiva,"Habilidad para transmitir ideas con claridad, asertividad y escuchar de forma activa.",3,"Mantiene un ritmo constante, recomendable reforzar habilidades en esta área.",2026-09-05 22:31:31
333,26,Isabel Romero,Maestro,13,Roberto Gómez,Maestro,Humanidades,2025-07-26,Subordinado,3,Pedagogía y Gestión,Dominio metodológico en el aula y eficiencia en la gestión de procesos académicos/administrativos.,3,"Su comunicación es adecuada, pero a veces falta mayor seguimiento a los compromisos.",2026-09-23 23:31:31
334,26,Isabel Romero,Maestro,13,Roberto Gómez,Maestro,Humanidades,2025-07-26,Subordinado,4,Trabajo en Equipo,"Disposición para colaborar de manera empática, respetuosa y proactiva con compañeros de trabajo.",3,"Mantiene un ritmo constante, recomendable reforzar habilidades en esta área.",2026-09-04 20:31:31
335,26,Isabel Romero,Maestro,13,Roberto Gómez,Maestro,Humanidades,2025-07-26,Subordinado,5,Puntualidad y Compromiso,"Cumplimiento oportuno de horarios, compromisos laborales y adhesión a los valores institucionales.",4,Maneja adecuadamente los grupos y demuestra sólido conocimiento en su área.,2026-09-11 01:31:31
336,14,Elena Rostova,Maestro,14,Elena Rostova,Maestro,Idiomas,2025-08-03,Autoevaluación,1,Liderazgo,"Capacidad para guiar, motivar e inspirar a equipos hacia el logro de metas institucionales.",4,"Muy buen desempeño general, cumple de forma constante con los objetivos.",2026-09-22 01:31:31
337,14,Elena Rostova,Maestro,14,Elena Rostova,Maestro,Idiomas,2025-08-03,Autoevaluación,2,Comunicación Efectiva,"Habilidad para transmitir ideas con claridad, asertividad y escuchar de forma activa.",4,Muestra compromiso con sus funciones y mantiene buena comunicación.,2026-09-08 00:31:31
338,14,Elena Rostova,Maestro,14,Elena Rostova,Maestro,Idiomas,2025-08-03,Autoevaluación,3,Pedagogía y Gestión,Dominio metodológico en el aula y eficiencia en la gestión de procesos académicos/administrativos.,3,"Generalmente puntual, con oportunidades de optimizar sus tiempos de respuesta.",2026-09-03 23:31:31
339,14,Elena Rostova,Maestro,14,Elena Rostova,Maestro,Idiomas,2025-08-03,Autoevaluación,4,Trabajo en Equipo,"Disposición para colaborar de manera empática, respetuosa y proactiva con compañeros de trabajo.",5,Gran capacidad resolutiva y trato sumamente profesional con todos.,2026-09-10 17:31:31
340,14,Elena Rostova,Maestro,14,Elena Rostova,Maestro,Idiomas,2025-08-03,Autoevaluación,5,Puntualidad y Compromiso,"Cumplimiento oportuno de horarios, compromisos laborales y adhesión a los valores institucionales.",4,Maneja adecuadamente los grupos y demuestra sólido conocimiento en su área.,2026-08-31 23:31:31
341,2,Dr. Alejandro de la Vega,Directivo,14,Elena Rostova,Maestro,Idiomas,2025-08-03,Jefe,1,Liderazgo,"Capacidad para guiar, motivar e inspirar a equipos hacia el logro de metas institucionales.",4,"Muy buen desempeño general, cumple de forma constante con los objetivos.",2026-09-09 18:31:31
342,2,Dr. Alejandro de la Vega,Directivo,14,Elena Rostova,Maestro,Idiomas,2025-08-03,Jefe,2,Comunicación Efectiva,"Habilidad para transmitir ideas con claridad, asertividad y escuchar de forma activa.",3,"Su comunicación es adecuada, pero a veces falta mayor seguimiento a los compromisos.",2026-09-24 19:31:31
343,2,Dr. Alejandro de la Vega,Directivo,14,Elena Rostova,Maestro,Idiomas,2025-08-03,Jefe,3,Pedagogía y Gestión,Dominio metodológico en el aula y eficiencia en la gestión de procesos académicos/administrativos.,3,"Cumple con lo requerido, aunque podría mostrar mayor iniciativa en ciertos proyectos.",2026-09-24 00:31:31
344,2,Dr. Alejandro de la Vega,Directivo,14,Elena Rostova,Maestro,Idiomas,2025-08-03,Jefe,4,Trabajo en Equipo,"Disposición para colaborar de manera empática, respetuosa y proactiva con compañeros de trabajo.",4,"Muy buen desempeño general, cumple de forma constante con los objetivos.",2026-09-01 17:31:31
345,2,Dr. Alejandro de la Vega,Directivo,14,Elena Rostova,Maestro,Idiomas,2025-08-03,Jefe,5,Puntualidad y Compromiso,"Cumplimiento oportuno de horarios, compromisos laborales y adhesión a los valores institucionales.",4,Entregas oportunas y buena disposición frente a nuevos retos.,2026-09-15 23:31:31
346,15,Fernando Silva,Maestro,14,Elena Rostova,Maestro,Idiomas,2025-08-03,Par,1,Liderazgo,"Capacidad para guiar, motivar e inspirar a equipos hacia el logro de metas institucionales.",3,"Cumple con lo requerido, aunque podría mostrar mayor iniciativa en ciertos proyectos.",2026-09-08 18:31:31
347,15,Fernando Silva,Maestro,14,Elena Rostova,Maestro,Idiomas,2025-08-03,Par,2,Comunicación Efectiva,"Habilidad para transmitir ideas con claridad, asertividad y escuchar de forma activa.",4,Entregas oportunas y buena disposición frente a nuevos retos.,2026-09-13 18:31:31
348,15,Fernando Silva,Maestro,14,Elena Rostova,Maestro,Idiomas,2025-08-03,Par,3,Pedagogía y Gestión,Dominio metodológico en el aula y eficiencia en la gestión de procesos académicos/administrativos.,3,"Desempeño aceptable en sus funciones habituales, dentro del promedio esperado.",2026-09-15 02:31:31
349,15,Fernando Silva,Maestro,14,Elena Rostova,Maestro,Idiomas,2025-08-03,Par,4,Trabajo en Equipo,"Disposición para colaborar de manera empática, respetuosa y proactiva con compañeros de trabajo.",2,Requiere apoyo de supervisión para estructurar mejor sus prioridades.,2026-09-06 19:31:31
350,15,Fernando Silva,Maestro,14,Elena Rostova,Maestro,Idiomas,2025-08-03,Par,5,Puntualidad y Compromiso,"Cumplimiento oportuno de horarios, compromisos laborales y adhesión a los valores institucionales.",3,"Su comunicación es adecuada, pero a veces falta mayor seguimiento a los compromisos.",2026-09-12 17:31:31
351,21,Hugo Ortega,Maestro,14,Elena Rostova,Maestro,Idiomas,2025-08-03,Par,1,Liderazgo,"Capacidad para guiar, motivar e inspirar a equipos hacia el logro de metas institucionales.",3,"Mantiene un ritmo constante, recomendable reforzar habilidades en esta área.",2026-09-04 18:31:31
352,21,Hugo Ortega,Maestro,14,Elena Rostova,Maestro,Idiomas,2025-08-03,Par,2,Comunicación Efectiva,"Habilidad para transmitir ideas con claridad, asertividad y escuchar de forma activa.",3,"Generalmente puntual, con oportunidades de optimizar sus tiempos de respuesta.",2026-09-10 18:31:31
353,21,Hugo Ortega,Maestro,14,Elena Rostova,Maestro,Idiomas,2025-08-03,Par,3,Pedagogía y Gestión,Dominio metodológico en el aula y eficiencia en la gestión de procesos académicos/administrativos.,4,Entregas oportunas y buena disposición frente a nuevos retos.,2026-09-16 17:31:31
354,21,Hugo Ortega,Maestro,14,Elena Rostova,Maestro,Idiomas,2025-08-03,Par,4,Trabajo en Equipo,"Disposición para colaborar de manera empática, respetuosa y proactiva con compañeros de trabajo.",3,"Mantiene un ritmo constante, recomendable reforzar habilidades en esta área.",2026-09-14 17:31:31
355,21,Hugo Ortega,Maestro,14,Elena Rostova,Maestro,Idiomas,2025-08-03,Par,5,Puntualidad y Compromiso,"Cumplimiento oportuno de horarios, compromisos laborales y adhesión a los valores institucionales.",2,Le cuesta trabajo integrarse en actividades colaborativas de su departamento.,2026-09-22 17:31:31
356,23,Diego Navarro,Maestro,14,Elena Rostova,Maestro,Idiomas,2025-08-03,Subordinado,1,Liderazgo,"Capacidad para guiar, motivar e inspirar a equipos hacia el logro de metas institucionales.",2,Le cuesta trabajo integrarse en actividades colaborativas de su departamento.,2026-09-06 18:31:31
357,23,Diego Navarro,Maestro,14,Elena Rostova,Maestro,Idiomas,2025-08-03,Subordinado,2,Comunicación Efectiva,"Habilidad para transmitir ideas con claridad, asertividad y escuchar de forma activa.",3,"Desempeño aceptable en sus funciones habituales, dentro del promedio esperado.",2026-09-11 01:31:31
358,23,Diego Navarro,Maestro,14,Elena Rostova,Maestro,Idiomas,2025-08-03,Subordinado,3,Pedagogía y Gestión,Dominio metodológico en el aula y eficiencia en la gestión de procesos académicos/administrativos.,3,"Cumple con lo requerido, aunque podría mostrar mayor iniciativa en ciertos proyectos.",2026-09-24 00:31:31
359,23,Diego Navarro,Maestro,14,Elena Rostova,Maestro,Idiomas,2025-08-03,Subordinado,4,Trabajo en Equipo,"Disposición para colaborar de manera empática, respetuosa y proactiva con compañeros de trabajo.",3,"Cumple con lo requerido, aunque podría mostrar mayor iniciativa en ciertos proyectos.",2026-09-02 00:31:31
360,23,Diego Navarro,Maestro,14,Elena Rostova,Maestro,Idiomas,2025-08-03,Subordinado,5,Puntualidad y Compromiso,"Cumplimiento oportuno de horarios, compromisos laborales y adhesión a los valores institucionales.",3,"Cumple con lo requerido, aunque podría mostrar mayor iniciativa en ciertos proyectos.",2026-08-31 20:31:31
361,15,Fernando Silva,Maestro,15,Fernando Silva,Maestro,Tecnología e Informática,2024-11-15,Autoevaluación,1,Liderazgo,"Capacidad para guiar, motivar e inspirar a equipos hacia el logro de metas institucionales.",3,"Su comunicación es adecuada, pero a veces falta mayor seguimiento a los compromisos.",2026-09-15 23:31:31
362,15,Fernando Silva,Maestro,15,Fernando Silva,Maestro,Tecnología e Informática,2024-11-15,Autoevaluación,2,Comunicación Efectiva,"Habilidad para transmitir ideas con claridad, asertividad y escuchar de forma activa.",3,"Generalmente puntual, con oportunidades de optimizar sus tiempos de respuesta.",2026-09-14 21:31:31
363,15,Fernando Silva,Maestro,15,Fernando Silva,Maestro,Tecnología e Informática,2024-11-15,Autoevaluación,3,Pedagogía y Gestión,Dominio metodológico en el aula y eficiencia en la gestión de procesos académicos/administrativos.,4,Buen trabajo colaborativo con apertura a sugerencias de mejora.,2026-09-10 17:31:31
364,15,Fernando Silva,Maestro,15,Fernando Silva,Maestro,Tecnología e Informática,2024-11-15,Autoevaluación,4,Trabajo en Equipo,"Disposición para colaborar de manera empática, respetuosa y proactiva con compañeros de trabajo.",3,"Su comunicación es adecuada, pero a veces falta mayor seguimiento a los compromisos.",2026-09-07 18:31:31
365,15,Fernando Silva,Maestro,15,Fernando Silva,Maestro,Tecnología e Informática,2024-11-15,Autoevaluación,5,Puntualidad y Compromiso,"Cumplimiento oportuno de horarios, compromisos laborales y adhesión a los valores institucionales.",3,"Mantiene un ritmo constante, recomendable reforzar habilidades en esta área.",2026-09-23 00:31:31
366,2,Dr. Alejandro de la Vega,Directivo,15,Fernando Silva,Maestro,Tecnología e Informática,2024-11-15,Jefe,1,Liderazgo,"Capacidad para guiar, motivar e inspirar a equipos hacia el logro de metas institucionales.",3,"Cumple con lo requerido, aunque podría mostrar mayor iniciativa en ciertos proyectos.",2026-09-15 00:31:31
367,2,Dr. Alejandro de la Vega,Directivo,15,Fernando Silva,Maestro,Tecnología e Informática,2024-11-15,Jefe,2,Comunicación Efectiva,"Habilidad para transmitir ideas con claridad, asertividad y escuchar de forma activa.",3,"Desempeño aceptable en sus funciones habituales, dentro del promedio esperado.",2026-09-22 23:31:31
368,2,Dr. Alejandro de la Vega,Directivo,15,Fernando Silva,Maestro,Tecnología e Informática,2024-11-15,Jefe,3,Pedagogía y Gestión,Dominio metodológico en el aula y eficiencia en la gestión de procesos académicos/administrativos.,3,"Generalmente puntual, con oportunidades de optimizar sus tiempos de respuesta.",2026-09-05 01:31:31
369,2,Dr. Alejandro de la Vega,Directivo,15,Fernando Silva,Maestro,Tecnología e Informática,2024-11-15,Jefe,4,Trabajo en Equipo,"Disposición para colaborar de manera empática, respetuosa y proactiva con compañeros de trabajo.",4,Buen trabajo colaborativo con apertura a sugerencias de mejora.,2026-09-09 00:31:31
370,2,Dr. Alejandro de la Vega,Directivo,15,Fernando Silva,Maestro,Tecnología e Informática,2024-11-15,Jefe,5,Puntualidad y Compromiso,"Cumplimiento oportuno de horarios, compromisos laborales y adhesión a los valores institucionales.",4,Maneja adecuadamente los grupos y demuestra sólido conocimiento en su área.,2026-09-05 00:31:31
371,23,Diego Navarro,Maestro,15,Fernando Silva,Maestro,Tecnología e Informática,2024-11-15,Par,1,Liderazgo,"Capacidad para guiar, motivar e inspirar a equipos hacia el logro de metas institucionales.",4,Buen trabajo colaborativo con apertura a sugerencias de mejora.,2026-09-18 23:31:31
372,23,Diego Navarro,Maestro,15,Fernando Silva,Maestro,Tecnología e Informática,2024-11-15,Par,2,Comunicación Efectiva,"Habilidad para transmitir ideas con claridad, asertividad y escuchar de forma activa.",4,Buen trabajo colaborativo con apertura a sugerencias de mejora.,2026-09-19 17:31:31
373,23,Diego Navarro,Maestro,15,Fernando Silva,Maestro,Tecnología e Informática,2024-11-15,Par,3,Pedagogía y Gestión,Dominio metodológico en el aula y eficiencia en la gestión de procesos académicos/administrativos.,4,Buen trabajo colaborativo con apertura a sugerencias de mejora.,2026-09-15 19:31:31
374,23,Diego Navarro,Maestro,15,Fernando Silva,Maestro,Tecnología e Informática,2024-11-15,Par,4,Trabajo en Equipo,"Disposición para colaborar de manera empática, respetuosa y proactiva con compañeros de trabajo.",4,"Muy buen desempeño general, cumple de forma constante con los objetivos.",2026-09-04 02:31:31
375,23,Diego Navarro,Maestro,15,Fernando Silva,Maestro,Tecnología e Informática,2024-11-15,Par,5,Puntualidad y Compromiso,"Cumplimiento oportuno de horarios, compromisos laborales y adhesión a los valores institucionales.",3,"Cumple con lo requerido, aunque podría mostrar mayor iniciativa en ciertos proyectos.",2026-09-01 20:31:31
376,26,Isabel Romero,Maestro,15,Fernando Silva,Maestro,Tecnología e Informática,2024-11-15,Par,1,Liderazgo,"Capacidad para guiar, motivar e inspirar a equipos hacia el logro de metas institucionales.",3,"Su comunicación es adecuada, pero a veces falta mayor seguimiento a los compromisos.",2026-09-10 23:31:31
377,26,Isabel Romero,Maestro,15,Fernando Silva,Maestro,Tecnología e Informática,2024-11-15,Par,2,Comunicación Efectiva,"Habilidad para transmitir ideas con claridad, asertividad y escuchar de forma activa.",3,"Cumple con lo requerido, aunque podría mostrar mayor iniciativa en ciertos proyectos.",2026-09-21 00:31:31
378,26,Isabel Romero,Maestro,15,Fernando Silva,Maestro,Tecnología e Informática,2024-11-15,Par,3,Pedagogía y Gestión,Dominio metodológico en el aula y eficiencia en la gestión de procesos académicos/administrativos.,3,"Su comunicación es adecuada, pero a veces falta mayor seguimiento a los compromisos.",2026-09-11 00:31:31
379,26,Isabel Romero,Maestro,15,Fernando Silva,Maestro,Tecnología e Informática,2024-11-15,Par,4,Trabajo en Equipo,"Disposición para colaborar de manera empática, respetuosa y proactiva con compañeros de trabajo.",3,"Generalmente puntual, con oportunidades de optimizar sus tiempos de respuesta.",2026-09-10 23:31:31
380,26,Isabel Romero,Maestro,15,Fernando Silva,Maestro,Tecnología e Informática,2024-11-15,Par,5,Puntualidad y Compromiso,"Cumplimiento oportuno de horarios, compromisos laborales y adhesión a los valores institucionales.",2,Le cuesta trabajo integrarse en actividades colaborativas de su departamento.,2026-09-19 21:31:31
381,19,Gabriel Castro,Maestro,15,Fernando Silva,Maestro,Tecnología e Informática,2024-11-15,Subordinado,1,Liderazgo,"Capacidad para guiar, motivar e inspirar a equipos hacia el logro de metas institucionales.",4,Entregas oportunas y buena disposición frente a nuevos retos.,2026-09-12 01:31:31
382,19,Gabriel Castro,Maestro,15,Fernando Silva,Maestro,Tecnología e Informática,2024-11-15,Subordinado,2,Comunicación Efectiva,"Habilidad para transmitir ideas con claridad, asertividad y escuchar de forma activa.",3,"Su comunicación es adecuada, pero a veces falta mayor seguimiento a los compromisos.",2026-09-22 00:31:31
383,19,Gabriel Castro,Maestro,15,Fernando Silva,Maestro,Tecnología e Informática,2024-11-15,Subordinado,3,Pedagogía y Gestión,Dominio metodológico en el aula y eficiencia en la gestión de procesos académicos/administrativos.,2,Es necesario mejorar la claridad en la transmisión de instrucciones o reportes.,2026-09-05 18:31:31
384,19,Gabriel Castro,Maestro,15,Fernando Silva,Maestro,Tecnología e Informática,2024-11-15,Subordinado,4,Trabajo en Equipo,"Disposición para colaborar de manera empática, respetuosa y proactiva con compañeros de trabajo.",2,Requiere fortalecer esta competencia para alcanzar el estándar de la institución.,2026-09-13 19:31:31
385,19,Gabriel Castro,Maestro,15,Fernando Silva,Maestro,Tecnología e Informática,2024-11-15,Subordinado,5,Puntualidad y Compromiso,"Cumplimiento oportuno de horarios, compromisos laborales y adhesión a los valores institucionales.",3,"Su comunicación es adecuada, pero a veces falta mayor seguimiento a los compromisos.",2026-09-20 22:31:31
386,16,Sofía Hernández,Maestro,16,Sofía Hernández,Maestro,Matemáticas,2023-06-22,Autoevaluación,1,Liderazgo,"Capacidad para guiar, motivar e inspirar a equipos hacia el logro de metas institucionales.",4,"Muy buen desempeño general, cumple de forma constante con los objetivos.",2026-09-17 01:31:31
387,16,Sofía Hernández,Maestro,16,Sofía Hernández,Maestro,Matemáticas,2023-06-22,Autoevaluación,2,Comunicación Efectiva,"Habilidad para transmitir ideas con claridad, asertividad y escuchar de forma activa.",4,Muestra compromiso con sus funciones y mantiene buena comunicación.,2026-09-21 19:31:31
388,16,Sofía Hernández,Maestro,16,Sofía Hernández,Maestro,Matemáticas,2023-06-22,Autoevaluación,3,Pedagogía y Gestión,Dominio metodológico en el aula y eficiencia en la gestión de procesos académicos/administrativos.,4,Buen trabajo colaborativo con apertura a sugerencias de mejora.,2026-09-15 20:31:31
389,16,Sofía Hernández,Maestro,16,Sofía Hernández,Maestro,Matemáticas,2023-06-22,Autoevaluación,4,Trabajo en Equipo,"Disposición para colaborar de manera empática, respetuosa y proactiva con compañeros de trabajo.",4,Muestra compromiso con sus funciones y mantiene buena comunicación.,2026-09-07 00:31:31
390,16,Sofía Hernández,Maestro,16,Sofía Hernández,Maestro,Matemáticas,2023-06-22,Autoevaluación,5,Puntualidad y Compromiso,"Cumplimiento oportuno de horarios, compromisos laborales y adhesión a los valores institucionales.",4,"Muy buen desempeño general, cumple de forma constante con los objetivos.",2026-09-11 01:31:31
391,2,Dr. Alejandro de la Vega,Directivo,16,Sofía Hernández,Maestro,Matemáticas,2023-06-22,Jefe,1,Liderazgo,"Capacidad para guiar, motivar e inspirar a equipos hacia el logro de metas institucionales.",4,"Muy buen desempeño general, cumple de forma constante con los objetivos.",2026-09-01 21:31:31
392,2,Dr. Alejandro de la Vega,Directivo,16,Sofía Hernández,Maestro,Matemáticas,2023-06-22,Jefe,2,Comunicación Efectiva,"Habilidad para transmitir ideas con claridad, asertividad y escuchar de forma activa.",4,Maneja adecuadamente los grupos y demuestra sólido conocimiento en su área.,2026-09-15 23:31:31
393,2,Dr. Alejandro de la Vega,Directivo,16,Sofía Hernández,Maestro,Matemáticas,2023-06-22,Jefe,3,Pedagogía y Gestión,Dominio metodológico en el aula y eficiencia en la gestión de procesos académicos/administrativos.,4,Buen trabajo colaborativo con apertura a sugerencias de mejora.,2026-09-19 18:31:31
394,2,Dr. Alejandro de la Vega,Directivo,16,Sofía Hernández,Maestro,Matemáticas,2023-06-22,Jefe,4,Trabajo en Equipo,"Disposición para colaborar de manera empática, respetuosa y proactiva con compañeros de trabajo.",4,Entregas oportunas y buena disposición frente a nuevos retos.,2026-09-10 19:31:31
395,2,Dr. Alejandro de la Vega,Directivo,16,Sofía Hernández,Maestro,Matemáticas,2023-06-22,Jefe,5,Puntualidad y Compromiso,"Cumplimiento oportuno de horarios, compromisos laborales y adhesión a los valores institucionales.",4,Muestra compromiso con sus funciones y mantiene buena comunicación.,2026-09-23 19:31:31
396,25,Guillermo Peña,Maestro,16,Sofía Hernández,Maestro,Matemáticas,2023-06-22,Par,1,Liderazgo,"Capacidad para guiar, motivar e inspirar a equipos hacia el logro de metas institucionales.",3,"Desempeño aceptable en sus funciones habituales, dentro del promedio esperado.",2026-09-03 01:31:31
397,25,Guillermo Peña,Maestro,16,Sofía Hernández,Maestro,Matemáticas,2023-06-22,Par,2,Comunicación Efectiva,"Habilidad para transmitir ideas con claridad, asertividad y escuchar de forma activa.",4,Buen trabajo colaborativo con apertura a sugerencias de mejora.,2026-09-21 20:31:31
398,25,Guillermo Peña,Maestro,16,Sofía Hernández,Maestro,Matemáticas,2023-06-22,Par,3,Pedagogía y Gestión,Dominio metodológico en el aula y eficiencia en la gestión de procesos académicos/administrativos.,4,Buen trabajo colaborativo con apertura a sugerencias de mejora.,2026-09-15 21:31:31
399,25,Guillermo Peña,Maestro,16,Sofía Hernández,Maestro,Matemáticas,2023-06-22,Par,4,Trabajo en Equipo,"Disposición para colaborar de manera empática, respetuosa y proactiva con compañeros de trabajo.",4,Entregas oportunas y buena disposición frente a nuevos retos.,2026-09-07 19:31:31
400,25,Guillermo Peña,Maestro,16,Sofía Hernández,Maestro,Matemáticas,2023-06-22,Par,5,Puntualidad y Compromiso,"Cumplimiento oportuno de horarios, compromisos laborales y adhesión a los valores institucionales.",4,Buen trabajo colaborativo con apertura a sugerencias de mejora.,2026-09-19 01:31:31
401,28,Natalia Reyes,Maestro,16,Sofía Hernández,Maestro,Matemáticas,2023-06-22,Par,1,Liderazgo,"Capacidad para guiar, motivar e inspirar a equipos hacia el logro de metas institucionales.",5,Puntualidad impecable y actitud ejemplar en todas sus actividades.,2026-09-17 19:31:31
402,28,Natalia Reyes,Maestro,16,Sofía Hernández,Maestro,Matemáticas,2023-06-22,Par,2,Comunicación Efectiva,"Habilidad para transmitir ideas con claridad, asertividad y escuchar de forma activa.",4,Muestra compromiso con sus funciones y mantiene buena comunicación.,2026-09-21 02:31:31
403,28,Natalia Reyes,Maestro,16,Sofía Hernández,Maestro,Matemáticas,2023-06-22,Par,3,Pedagogía y Gestión,Dominio metodológico en el aula y eficiencia en la gestión de procesos académicos/administrativos.,4,Entregas oportunas y buena disposición frente a nuevos retos.,2026-08-31 17:31:31
404,28,Natalia Reyes,Maestro,16,Sofía Hernández,Maestro,Matemáticas,2023-06-22,Par,4,Trabajo en Equipo,"Disposición para colaborar de manera empática, respetuosa y proactiva con compañeros de trabajo.",3,"Desempeño aceptable en sus funciones habituales, dentro del promedio esperado.",2026-09-01 02:31:31
405,28,Natalia Reyes,Maestro,16,Sofía Hernández,Maestro,Matemáticas,2023-06-22,Par,5,Puntualidad y Compromiso,"Cumplimiento oportuno de horarios, compromisos laborales y adhesión a los valores institucionales.",4,Entregas oportunas y buena disposición frente a nuevos retos.,2026-09-13 02:31:31
406,4,Claudia Ramírez,Administrativo,16,Sofía Hernández,Maestro,Matemáticas,2023-06-22,Subordinado,1,Liderazgo,"Capacidad para guiar, motivar e inspirar a equipos hacia el logro de metas institucionales.",4,Entregas oportunas y buena disposición frente a nuevos retos.,2026-09-08 21:31:31
407,4,Claudia Ramírez,Administrativo,16,Sofía Hernández,Maestro,Matemáticas,2023-06-22,Subordinado,2,Comunicación Efectiva,"Habilidad para transmitir ideas con claridad, asertividad y escuchar de forma activa.",4,Buen trabajo colaborativo con apertura a sugerencias de mejora.,2026-09-13 18:31:31
408,4,Claudia Ramírez,Administrativo,16,Sofía Hernández,Maestro,Matemáticas,2023-06-22,Subordinado,3,Pedagogía y Gestión,Dominio metodológico en el aula y eficiencia en la gestión de procesos académicos/administrativos.,3,"Cumple con lo requerido, aunque podría mostrar mayor iniciativa en ciertos proyectos.",2026-09-13 23:31:31
409,4,Claudia Ramírez,Administrativo,16,Sofía Hernández,Maestro,Matemáticas,2023-06-22,Subordinado,4,Trabajo en Equipo,"Disposición para colaborar de manera empática, respetuosa y proactiva con compañeros de trabajo.",4,Buen trabajo colaborativo con apertura a sugerencias de mejora.,2026-09-21 22:31:31
410,4,Claudia Ramírez,Administrativo,16,Sofía Hernández,Maestro,Matemáticas,2023-06-22,Subordinado,5,Puntualidad y Compromiso,"Cumplimiento oportuno de horarios, compromisos laborales y adhesión a los valores institucionales.",5,Su aporte y liderazgo son fundamentales para el éxito del equipo.,2026-09-11 19:31:31
411,17,Javier Morales,Maestro,17,Javier Morales,Maestro,Ciencias Exactas,2023-04-26,Autoevaluación,1,Liderazgo,"Capacidad para guiar, motivar e inspirar a equipos hacia el logro de metas institucionales.",4,"Muy buen desempeño general, cumple de forma constante con los objetivos.",2026-09-09 20:31:31
412,17,Javier Morales,Maestro,17,Javier Morales,Maestro,Ciencias Exactas,2023-04-26,Autoevaluación,2,Comunicación Efectiva,"Habilidad para transmitir ideas con claridad, asertividad y escuchar de forma activa.",4,Maneja adecuadamente los grupos y demuestra sólido conocimiento en su área.,2026-09-02 21:31:31
413,17,Javier Morales,Maestro,17,Javier Morales,Maestro,Ciencias Exactas,2023-04-26,Autoevaluación,3,Pedagogía y Gestión,Dominio metodológico en el aula y eficiencia en la gestión de procesos académicos/administrativos.,4,"Muy buen desempeño general, cumple de forma constante con los objetivos.",2026-09-08 23:31:31
414,17,Javier Morales,Maestro,17,Javier Morales,Maestro,Ciencias Exactas,2023-04-26,Autoevaluación,4,Trabajo en Equipo,"Disposición para colaborar de manera empática, respetuosa y proactiva con compañeros de trabajo.",5,Puntualidad impecable y actitud ejemplar en todas sus actividades.,2026-09-12 20:31:31
415,17,Javier Morales,Maestro,17,Javier Morales,Maestro,Ciencias Exactas,2023-04-26,Autoevaluación,5,Puntualidad y Compromiso,"Cumplimiento oportuno de horarios, compromisos laborales y adhesión a los valores institucionales.",5,Su aporte y liderazgo son fundamentales para el éxito del equipo.,2026-09-17 22:31:31
416,1,Dra. Beatriz Villaseñor,Directivo,17,Javier Morales,Maestro,Ciencias Exactas,2023-04-26,Jefe,1,Liderazgo,"Capacidad para guiar, motivar e inspirar a equipos hacia el logro de metas institucionales.",4,Maneja adecuadamente los grupos y demuestra sólido conocimiento en su área.,2026-09-16 00:31:31
417,1,Dra. Beatriz Villaseñor,Directivo,17,Javier Morales,Maestro,Ciencias Exactas,2023-04-26,Jefe,2,Comunicación Efectiva,"Habilidad para transmitir ideas con claridad, asertividad y escuchar de forma activa.",4,Maneja adecuadamente los grupos y demuestra sólido conocimiento en su área.,2026-09-16 00:31:31
418,1,Dra. Beatriz Villaseñor,Directivo,17,Javier Morales,Maestro,Ciencias Exactas,2023-04-26,Jefe,3,Pedagogía y Gestión,Dominio metodológico en el aula y eficiencia en la gestión de procesos académicos/administrativos.,4,Muestra compromiso con sus funciones y mantiene buena comunicación.,2026-09-17 22:31:31
419,1,Dra. Beatriz Villaseñor,Directivo,17,Javier Morales,Maestro,Ciencias Exactas,2023-04-26,Jefe,4,Trabajo en Equipo,"Disposición para colaborar de manera empática, respetuosa y proactiva con compañeros de trabajo.",4,Maneja adecuadamente los grupos y demuestra sólido conocimiento en su área.,2026-09-09 01:31:31
420,1,Dra. Beatriz Villaseñor,Directivo,17,Javier Morales,Maestro,Ciencias Exactas,2023-04-26,Jefe,5,Puntualidad y Compromiso,"Cumplimiento oportuno de horarios, compromisos laborales y adhesión a los valores institucionales.",5,Demuestra un desempeño sobresaliente y es un referente positivo en la institución.,2026-09-12 19:31:31
421,20,Valeria Ríos,Maestro,17,Javier Morales,Maestro,Ciencias Exactas,2023-04-26,Par,1,Liderazgo,"Capacidad para guiar, motivar e inspirar a equipos hacia el logro de metas institucionales.",4,Maneja adecuadamente los grupos y demuestra sólido conocimiento en su área.,2026-09-01 02:31:31
422,20,Valeria Ríos,Maestro,17,Javier Morales,Maestro,Ciencias Exactas,2023-04-26,Par,2,Comunicación Efectiva,"Habilidad para transmitir ideas con claridad, asertividad y escuchar de forma activa.",3,"Generalmente puntual, con oportunidades de optimizar sus tiempos de respuesta.",2026-09-05 22:31:31
423,20,Valeria Ríos,Maestro,17,Javier Morales,Maestro,Ciencias Exactas,2023-04-26,Par,3,Pedagogía y Gestión,Dominio metodológico en el aula y eficiencia en la gestión de procesos académicos/administrativos.,4,Entregas oportunas y buena disposición frente a nuevos retos.,2026-09-14 01:31:31
424,20,Valeria Ríos,Maestro,17,Javier Morales,Maestro,Ciencias Exactas,2023-04-26,Par,4,Trabajo en Equipo,"Disposición para colaborar de manera empática, respetuosa y proactiva con compañeros de trabajo.",4,Buen trabajo colaborativo con apertura a sugerencias de mejora.,2026-09-19 02:31:31
425,20,Valeria Ríos,Maestro,17,Javier Morales,Maestro,Ciencias Exactas,2023-04-26,Par,5,Puntualidad y Compromiso,"Cumplimiento oportuno de horarios, compromisos laborales y adhesión a los valores institucionales.",5,Gran capacidad resolutiva y trato sumamente profesional con todos.,2026-09-10 22:31:31
426,23,Diego Navarro,Maestro,17,Javier Morales,Maestro,Ciencias Exactas,2023-04-26,Par,1,Liderazgo,"Capacidad para guiar, motivar e inspirar a equipos hacia el logro de metas institucionales.",5,Puntualidad impecable y actitud ejemplar en todas sus actividades.,2026-09-10 19:31:31
427,23,Diego Navarro,Maestro,17,Javier Morales,Maestro,Ciencias Exactas,2023-04-26,Par,2,Comunicación Efectiva,"Habilidad para transmitir ideas con claridad, asertividad y escuchar de forma activa.",4,Entregas oportunas y buena disposición frente a nuevos retos.,2026-08-31 17:31:31
428,23,Diego Navarro,Maestro,17,Javier Morales,Maestro,Ciencias Exactas,2023-04-26,Par,3,Pedagogía y Gestión,Dominio metodológico en el aula y eficiencia en la gestión de procesos académicos/administrativos.,5,Demuestra un desempeño sobresaliente y es un referente positivo en la institución.,2026-09-03 22:31:31
429,23,Diego Navarro,Maestro,17,Javier Morales,Maestro,Ciencias Exactas,2023-04-26,Par,4,Trabajo en Equipo,"Disposición para colaborar de manera empática, respetuosa y proactiva con compañeros de trabajo.",4,Muestra compromiso con sus funciones y mantiene buena comunicación.,2026-09-19 01:31:31
430,23,Diego Navarro,Maestro,17,Javier Morales,Maestro,Ciencias Exactas,2023-04-26,Par,5,Puntualidad y Compromiso,"Cumplimiento oportuno de horarios, compromisos laborales y adhesión a los valores institucionales.",3,"Cumple con lo requerido, aunque podría mostrar mayor iniciativa en ciertos proyectos.",2026-09-10 02:31:31
431,22,Beatriz Vargas,Maestro,17,Javier Morales,Maestro,Ciencias Exactas,2023-04-26,Subordinado,1,Liderazgo,"Capacidad para guiar, motivar e inspirar a equipos hacia el logro de metas institucionales.",5,Su aporte y liderazgo son fundamentales para el éxito del equipo.,2026-09-17 22:31:31
432,22,Beatriz Vargas,Maestro,17,Javier Morales,Maestro,Ciencias Exactas,2023-04-26,Subordinado,2,Comunicación Efectiva,"Habilidad para transmitir ideas con claridad, asertividad y escuchar de forma activa.",4,Entregas oportunas y buena disposición frente a nuevos retos.,2026-09-17 00:31:31
433,22,Beatriz Vargas,Maestro,17,Javier Morales,Maestro,Ciencias Exactas,2023-04-26,Subordinado,3,Pedagogía y Gestión,Dominio metodológico en el aula y eficiencia en la gestión de procesos académicos/administrativos.,4,Buen trabajo colaborativo con apertura a sugerencias de mejora.,2026-09-09 18:31:31
434,22,Beatriz Vargas,Maestro,17,Javier Morales,Maestro,Ciencias Exactas,2023-04-26,Subordinado,4,Trabajo en Equipo,"Disposición para colaborar de manera empática, respetuosa y proactiva con compañeros de trabajo.",5,Puntualidad impecable y actitud ejemplar en todas sus actividades.,2026-09-08 17:31:31
435,22,Beatriz Vargas,Maestro,17,Javier Morales,Maestro,Ciencias Exactas,2023-04-26,Subordinado,5,Puntualidad y Compromiso,"Cumplimiento oportuno de horarios, compromisos laborales y adhesión a los valores institucionales.",4,Entregas oportunas y buena disposición frente a nuevos retos.,2026-09-17 20:31:31
436,18,Patricia Aguilar,Maestro,18,Patricia Aguilar,Maestro,Humanidades,2020-04-04,Autoevaluación,1,Liderazgo,"Capacidad para guiar, motivar e inspirar a equipos hacia el logro de metas institucionales.",5,Demuestra un desempeño sobresaliente y es un referente positivo en la institución.,2026-09-18 00:31:31
437,18,Patricia Aguilar,Maestro,18,Patricia Aguilar,Maestro,Humanidades,2020-04-04,Autoevaluación,2,Comunicación Efectiva,"Habilidad para transmitir ideas con claridad, asertividad y escuchar de forma activa.",4,Entregas oportunas y buena disposición frente a nuevos retos.,2026-09-23 23:31:31
438,18,Patricia Aguilar,Maestro,18,Patricia Aguilar,Maestro,Humanidades,2020-04-04,Autoevaluación,3,Pedagogía y Gestión,Dominio metodológico en el aula y eficiencia en la gestión de procesos académicos/administrativos.,5,"Excelente manejo de sus responsabilidades, supera constantemente las expectativas.",2026-09-20 20:31:31
439,18,Patricia Aguilar,Maestro,18,Patricia Aguilar,Maestro,Humanidades,2020-04-04,Autoevaluación,4,Trabajo en Equipo,"Disposición para colaborar de manera empática, respetuosa y proactiva con compañeros de trabajo.",5,Demuestra un desempeño sobresaliente y es un referente positivo en la institución.,2026-09-05 17:31:31
440,18,Patricia Aguilar,Maestro,18,Patricia Aguilar,Maestro,Humanidades,2020-04-04,Autoevaluación,5,Puntualidad y Compromiso,"Cumplimiento oportuno de horarios, compromisos laborales y adhesión a los valores institucionales.",4,Maneja adecuadamente los grupos y demuestra sólido conocimiento en su área.,2026-09-09 23:31:31
441,1,Dra. Beatriz Villaseñor,Directivo,18,Patricia Aguilar,Maestro,Humanidades,2020-04-04,Jefe,1,Liderazgo,"Capacidad para guiar, motivar e inspirar a equipos hacia el logro de metas institucionales.",4,Entregas oportunas y buena disposición frente a nuevos retos.,2026-09-14 17:31:31
442,1,Dra. Beatriz Villaseñor,Directivo,18,Patricia Aguilar,Maestro,Humanidades,2020-04-04,Jefe,2,Comunicación Efectiva,"Habilidad para transmitir ideas con claridad, asertividad y escuchar de forma activa.",5,Puntualidad impecable y actitud ejemplar en todas sus actividades.,2026-09-06 01:31:31
443,1,Dra. Beatriz Villaseñor,Directivo,18,Patricia Aguilar,Maestro,Humanidades,2020-04-04,Jefe,3,Pedagogía y Gestión,Dominio metodológico en el aula y eficiencia en la gestión de procesos académicos/administrativos.,4,Buen trabajo colaborativo con apertura a sugerencias de mejora.,2026-09-05 00:31:31
444,1,Dra. Beatriz Villaseñor,Directivo,18,Patricia Aguilar,Maestro,Humanidades,2020-04-04,Jefe,4,Trabajo en Equipo,"Disposición para colaborar de manera empática, respetuosa y proactiva con compañeros de trabajo.",4,Buen trabajo colaborativo con apertura a sugerencias de mejora.,2026-09-16 22:31:31
445,1,Dra. Beatriz Villaseñor,Directivo,18,Patricia Aguilar,Maestro,Humanidades,2020-04-04,Jefe,5,Puntualidad y Compromiso,"Cumplimiento oportuno de horarios, compromisos laborales y adhesión a los valores institucionales.",5,Su aporte y liderazgo son fundamentales para el éxito del equipo.,2026-09-19 00:31:31
446,17,Javier Morales,Maestro,18,Patricia Aguilar,Maestro,Humanidades,2020-04-04,Par,1,Liderazgo,"Capacidad para guiar, motivar e inspirar a equipos hacia el logro de metas institucionales.",3,"Su comunicación es adecuada, pero a veces falta mayor seguimiento a los compromisos.",2026-09-16 21:31:31
447,17,Javier Morales,Maestro,18,Patricia Aguilar,Maestro,Humanidades,2020-04-04,Par,2,Comunicación Efectiva,"Habilidad para transmitir ideas con claridad, asertividad y escuchar de forma activa.",4,Buen trabajo colaborativo con apertura a sugerencias de mejora.,2026-09-23 21:31:31
448,17,Javier Morales,Maestro,18,Patricia Aguilar,Maestro,Humanidades,2020-04-04,Par,3,Pedagogía y Gestión,Dominio metodológico en el aula y eficiencia en la gestión de procesos académicos/administrativos.,5,"Excelente manejo de sus responsabilidades, supera constantemente las expectativas.",2026-09-22 00:31:31
449,17,Javier Morales,Maestro,18,Patricia Aguilar,Maestro,Humanidades,2020-04-04,Par,4,Trabajo en Equipo,"Disposición para colaborar de manera empática, respetuosa y proactiva con compañeros de trabajo.",4,Buen trabajo colaborativo con apertura a sugerencias de mejora.,2026-09-08 18:31:31
450,17,Javier Morales,Maestro,18,Patricia Aguilar,Maestro,Humanidades,2020-04-04,Par,5,Puntualidad y Compromiso,"Cumplimiento oportuno de horarios, compromisos laborales y adhesión a los valores institucionales.",5,Puntualidad impecable y actitud ejemplar en todas sus actividades.,2026-09-21 01:31:31
451,19,Gabriel Castro,Maestro,18,Patricia Aguilar,Maestro,Humanidades,2020-04-04,Par,1,Liderazgo,"Capacidad para guiar, motivar e inspirar a equipos hacia el logro de metas institucionales.",3,"Su comunicación es adecuada, pero a veces falta mayor seguimiento a los compromisos.",2026-09-23 19:31:31
452,19,Gabriel Castro,Maestro,18,Patricia Aguilar,Maestro,Humanidades,2020-04-04,Par,2,Comunicación Efectiva,"Habilidad para transmitir ideas con claridad, asertividad y escuchar de forma activa.",5,Su aporte y liderazgo son fundamentales para el éxito del equipo.,2026-08-31 21:31:31
453,19,Gabriel Castro,Maestro,18,Patricia Aguilar,Maestro,Humanidades,2020-04-04,Par,3,Pedagogía y Gestión,Dominio metodológico en el aula y eficiencia en la gestión de procesos académicos/administrativos.,4,Maneja adecuadamente los grupos y demuestra sólido conocimiento en su área.,2026-09-19 21:31:31
454,19,Gabriel Castro,Maestro,18,Patricia Aguilar,Maestro,Humanidades,2020-04-04,Par,4,Trabajo en Equipo,"Disposición para colaborar de manera empática, respetuosa y proactiva con compañeros de trabajo.",4,Maneja adecuadamente los grupos y demuestra sólido conocimiento en su área.,2026-09-05 20:31:31
455,19,Gabriel Castro,Maestro,18,Patricia Aguilar,Maestro,Humanidades,2020-04-04,Par,5,Puntualidad y Compromiso,"Cumplimiento oportuno de horarios, compromisos laborales y adhesión a los valores institucionales.",4,Entregas oportunas y buena disposición frente a nuevos retos.,2026-09-21 21:31:31
456,15,Fernando Silva,Maestro,18,Patricia Aguilar,Maestro,Humanidades,2020-04-04,Subordinado,1,Liderazgo,"Capacidad para guiar, motivar e inspirar a equipos hacia el logro de metas institucionales.",3,"Generalmente puntual, con oportunidades de optimizar sus tiempos de respuesta.",2026-09-06 20:31:31
457,15,Fernando Silva,Maestro,18,Patricia Aguilar,Maestro,Humanidades,2020-04-04,Subordinado,2,Comunicación Efectiva,"Habilidad para transmitir ideas con claridad, asertividad y escuchar de forma activa.",4,Muestra compromiso con sus funciones y mantiene buena comunicación.,2026-08-31 18:31:31
458,15,Fernando Silva,Maestro,18,Patricia Aguilar,Maestro,Humanidades,2020-04-04,Subordinado,3,Pedagogía y Gestión,Dominio metodológico en el aula y eficiencia en la gestión de procesos académicos/administrativos.,4,Maneja adecuadamente los grupos y demuestra sólido conocimiento en su área.,2026-09-02 19:31:31
459,15,Fernando Silva,Maestro,18,Patricia Aguilar,Maestro,Humanidades,2020-04-04,Subordinado,4,Trabajo en Equipo,"Disposición para colaborar de manera empática, respetuosa y proactiva con compañeros de trabajo.",2,Es necesario mejorar la claridad en la transmisión de instrucciones o reportes.,2026-09-20 00:31:31
460,15,Fernando Silva,Maestro,18,Patricia Aguilar,Maestro,Humanidades,2020-04-04,Subordinado,5,Puntualidad y Compromiso,"Cumplimiento oportuno de horarios, compromisos laborales y adhesión a los valores institucionales.",4,Muestra compromiso con sus funciones y mantiene buena comunicación.,2026-09-23 21:31:31
461,19,Gabriel Castro,Maestro,19,Gabriel Castro,Maestro,Idiomas,2025-08-17,Autoevaluación,1,Liderazgo,"Capacidad para guiar, motivar e inspirar a equipos hacia el logro de metas institucionales.",3,"Desempeño aceptable en sus funciones habituales, dentro del promedio esperado.",2026-09-20 02:31:31
462,19,Gabriel Castro,Maestro,19,Gabriel Castro,Maestro,Idiomas,2025-08-17,Autoevaluación,2,Comunicación Efectiva,"Habilidad para transmitir ideas con claridad, asertividad y escuchar de forma activa.",4,Muestra compromiso con sus funciones y mantiene buena comunicación.,2026-09-16 17:31:31
463,19,Gabriel Castro,Maestro,19,Gabriel Castro,Maestro,Idiomas,2025-08-17,Autoevaluación,3,Pedagogía y Gestión,Dominio metodológico en el aula y eficiencia en la gestión de procesos académicos/administrativos.,4,Muestra compromiso con sus funciones y mantiene buena comunicación.,2026-08-31 23:31:31
464,19,Gabriel Castro,Maestro,19,Gabriel Castro,Maestro,Idiomas,2025-08-17,Autoevaluación,4,Trabajo en Equipo,"Disposición para colaborar de manera empática, respetuosa y proactiva con compañeros de trabajo.",3,"Mantiene un ritmo constante, recomendable reforzar habilidades en esta área.",2026-09-04 21:31:31
465,19,Gabriel Castro,Maestro,19,Gabriel Castro,Maestro,Idiomas,2025-08-17,Autoevaluación,5,Puntualidad y Compromiso,"Cumplimiento oportuno de horarios, compromisos laborales y adhesión a los valores institucionales.",4,Entregas oportunas y buena disposición frente a nuevos retos.,2026-09-18 18:31:31
466,2,Dr. Alejandro de la Vega,Directivo,19,Gabriel Castro,Maestro,Idiomas,2025-08-17,Jefe,1,Liderazgo,"Capacidad para guiar, motivar e inspirar a equipos hacia el logro de metas institucionales.",4,Entregas oportunas y buena disposición frente a nuevos retos.,2026-09-16 00:31:31
467,2,Dr. Alejandro de la Vega,Directivo,19,Gabriel Castro,Maestro,Idiomas,2025-08-17,Jefe,2,Comunicación Efectiva,"Habilidad para transmitir ideas con claridad, asertividad y escuchar de forma activa.",4,Buen trabajo colaborativo con apertura a sugerencias de mejora.,2026-09-05 18:31:31
468,2,Dr. Alejandro de la Vega,Directivo,19,Gabriel Castro,Maestro,Idiomas,2025-08-17,Jefe,3,Pedagogía y Gestión,Dominio metodológico en el aula y eficiencia en la gestión de procesos académicos/administrativos.,4,Maneja adecuadamente los grupos y demuestra sólido conocimiento en su área.,2026-09-19 21:31:31
469,2,Dr. Alejandro de la Vega,Directivo,19,Gabriel Castro,Maestro,Idiomas,2025-08-17,Jefe,4,Trabajo en Equipo,"Disposición para colaborar de manera empática, respetuosa y proactiva con compañeros de trabajo.",4,Buen trabajo colaborativo con apertura a sugerencias de mejora.,2026-09-17 20:31:31
470,2,Dr. Alejandro de la Vega,Directivo,19,Gabriel Castro,Maestro,Idiomas,2025-08-17,Jefe,5,Puntualidad y Compromiso,"Cumplimiento oportuno de horarios, compromisos laborales y adhesión a los valores institucionales.",4,Maneja adecuadamente los grupos y demuestra sólido conocimiento en su área.,2026-09-13 01:31:31
471,22,Beatriz Vargas,Maestro,19,Gabriel Castro,Maestro,Idiomas,2025-08-17,Par,1,Liderazgo,"Capacidad para guiar, motivar e inspirar a equipos hacia el logro de metas institucionales.",3,"Cumple con lo requerido, aunque podría mostrar mayor iniciativa en ciertos proyectos.",2026-09-14 22:31:31
472,22,Beatriz Vargas,Maestro,19,Gabriel Castro,Maestro,Idiomas,2025-08-17,Par,2,Comunicación Efectiva,"Habilidad para transmitir ideas con claridad, asertividad y escuchar de forma activa.",4,Muestra compromiso con sus funciones y mantiene buena comunicación.,2026-08-30 21:31:31
473,22,Beatriz Vargas,Maestro,19,Gabriel Castro,Maestro,Idiomas,2025-08-17,Par,3,Pedagogía y Gestión,Dominio metodológico en el aula y eficiencia en la gestión de procesos académicos/administrativos.,3,"Su comunicación es adecuada, pero a veces falta mayor seguimiento a los compromisos.",2026-09-09 21:31:31
474,22,Beatriz Vargas,Maestro,19,Gabriel Castro,Maestro,Idiomas,2025-08-17,Par,4,Trabajo en Equipo,"Disposición para colaborar de manera empática, respetuosa y proactiva con compañeros de trabajo.",4,Entregas oportunas y buena disposición frente a nuevos retos.,2026-09-23 02:31:31
475,22,Beatriz Vargas,Maestro,19,Gabriel Castro,Maestro,Idiomas,2025-08-17,Par,5,Puntualidad y Compromiso,"Cumplimiento oportuno de horarios, compromisos laborales y adhesión a los valores institucionales.",4,Muestra compromiso con sus funciones y mantiene buena comunicación.,2026-08-31 18:31:31
476,13,Roberto Gómez,Maestro,19,Gabriel Castro,Maestro,Idiomas,2025-08-17,Par,1,Liderazgo,"Capacidad para guiar, motivar e inspirar a equipos hacia el logro de metas institucionales.",4,Maneja adecuadamente los grupos y demuestra sólido conocimiento en su área.,2026-09-08 19:31:31
477,13,Roberto Gómez,Maestro,19,Gabriel Castro,Maestro,Idiomas,2025-08-17,Par,2,Comunicación Efectiva,"Habilidad para transmitir ideas con claridad, asertividad y escuchar de forma activa.",3,"Su comunicación es adecuada, pero a veces falta mayor seguimiento a los compromisos.",2026-09-21 18:31:31
478,13,Roberto Gómez,Maestro,19,Gabriel Castro,Maestro,Idiomas,2025-08-17,Par,3,Pedagogía y Gestión,Dominio metodológico en el aula y eficiencia en la gestión de procesos académicos/administrativos.,4,Buen trabajo colaborativo con apertura a sugerencias de mejora.,2026-09-11 02:31:31
479,13,Roberto Gómez,Maestro,19,Gabriel Castro,Maestro,Idiomas,2025-08-17,Par,4,Trabajo en Equipo,"Disposición para colaborar de manera empática, respetuosa y proactiva con compañeros de trabajo.",4,Maneja adecuadamente los grupos y demuestra sólido conocimiento en su área.,2026-09-04 00:31:31
480,13,Roberto Gómez,Maestro,19,Gabriel Castro,Maestro,Idiomas,2025-08-17,Par,5,Puntualidad y Compromiso,"Cumplimiento oportuno de horarios, compromisos laborales y adhesión a los valores institucionales.",5,Puntualidad impecable y actitud ejemplar en todas sus actividades.,2026-09-10 23:31:31
481,6,Mariana Solís,Administrativo,19,Gabriel Castro,Maestro,Idiomas,2025-08-17,Subordinado,1,Liderazgo,"Capacidad para guiar, motivar e inspirar a equipos hacia el logro de metas institucionales.",3,"Cumple con lo requerido, aunque podría mostrar mayor iniciativa en ciertos proyectos.",2026-09-23 20:31:31
482,6,Mariana Solís,Administrativo,19,Gabriel Castro,Maestro,Idiomas,2025-08-17,Subordinado,2,Comunicación Efectiva,"Habilidad para transmitir ideas con claridad, asertividad y escuchar de forma activa.",4,Entregas oportunas y buena disposición frente a nuevos retos.,2026-09-24 18:31:31
483,6,Mariana Solís,Administrativo,19,Gabriel Castro,Maestro,Idiomas,2025-08-17,Subordinado,3,Pedagogía y Gestión,Dominio metodológico en el aula y eficiencia en la gestión de procesos académicos/administrativos.,3,"Generalmente puntual, con oportunidades de optimizar sus tiempos de respuesta.",2026-09-02 17:31:31
484,6,Mariana Solís,Administrativo,19,Gabriel Castro,Maestro,Idiomas,2025-08-17,Subordinado,4,Trabajo en Equipo,"Disposición para colaborar de manera empática, respetuosa y proactiva con compañeros de trabajo.",4,Entregas oportunas y buena disposición frente a nuevos retos.,2026-09-06 02:31:31
485,6,Mariana Solís,Administrativo,19,Gabriel Castro,Maestro,Idiomas,2025-08-17,Subordinado,5,Puntualidad y Compromiso,"Cumplimiento oportuno de horarios, compromisos laborales y adhesión a los valores institucionales.",4,Maneja adecuadamente los grupos y demuestra sólido conocimiento en su área.,2026-09-02 20:31:31
486,20,Valeria Ríos,Maestro,20,Valeria Ríos,Maestro,Tecnología e Informática,2023-09-11,Autoevaluación,1,Liderazgo,"Capacidad para guiar, motivar e inspirar a equipos hacia el logro de metas institucionales.",5,Puntualidad impecable y actitud ejemplar en todas sus actividades.,2026-09-14 18:31:31
487,20,Valeria Ríos,Maestro,20,Valeria Ríos,Maestro,Tecnología e Informática,2023-09-11,Autoevaluación,2,Comunicación Efectiva,"Habilidad para transmitir ideas con claridad, asertividad y escuchar de forma activa.",4,"Muy buen desempeño general, cumple de forma constante con los objetivos.",2026-09-13 19:31:31
488,20,Valeria Ríos,Maestro,20,Valeria Ríos,Maestro,Tecnología e Informática,2023-09-11,Autoevaluación,3,Pedagogía y Gestión,Dominio metodológico en el aula y eficiencia en la gestión de procesos académicos/administrativos.,3,"Generalmente puntual, con oportunidades de optimizar sus tiempos de respuesta.",2026-09-13 00:31:31
489,20,Valeria Ríos,Maestro,20,Valeria Ríos,Maestro,Tecnología e Informática,2023-09-11,Autoevaluación,4,Trabajo en Equipo,"Disposición para colaborar de manera empática, respetuosa y proactiva con compañeros de trabajo.",3,"Su comunicación es adecuada, pero a veces falta mayor seguimiento a los compromisos.",2026-09-22 17:31:31
490,20,Valeria Ríos,Maestro,20,Valeria Ríos,Maestro,Tecnología e Informática,2023-09-11,Autoevaluación,5,Puntualidad y Compromiso,"Cumplimiento oportuno de horarios, compromisos laborales y adhesión a los valores institucionales.",3,"Mantiene un ritmo constante, recomendable reforzar habilidades en esta área.",2026-09-07 17:31:31
491,1,Dra. Beatriz Villaseñor,Directivo,20,Valeria Ríos,Maestro,Tecnología e Informática,2023-09-11,Jefe,1,Liderazgo,"Capacidad para guiar, motivar e inspirar a equipos hacia el logro de metas institucionales.",4,"Muy buen desempeño general, cumple de forma constante con los objetivos.",2026-09-16 17:31:31
492,1,Dra. Beatriz Villaseñor,Directivo,20,Valeria Ríos,Maestro,Tecnología e Informática,2023-09-11,Jefe,2,Comunicación Efectiva,"Habilidad para transmitir ideas con claridad, asertividad y escuchar de forma activa.",4,"Muy buen desempeño general, cumple de forma constante con los objetivos.",2026-09-14 17:31:31
493,1,Dra. Beatriz Villaseñor,Directivo,20,Valeria Ríos,Maestro,Tecnología e Informática,2023-09-11,Jefe,3,Pedagogía y Gestión,Dominio metodológico en el aula y eficiencia en la gestión de procesos académicos/administrativos.,3,"Mantiene un ritmo constante, recomendable reforzar habilidades en esta área.",2026-09-10 23:31:31
494,1,Dra. Beatriz Villaseñor,Directivo,20,Valeria Ríos,Maestro,Tecnología e Informática,2023-09-11,Jefe,4,Trabajo en Equipo,"Disposición para colaborar de manera empática, respetuosa y proactiva con compañeros de trabajo.",4,Maneja adecuadamente los grupos y demuestra sólido conocimiento en su área.,2026-09-11 18:31:31
495,1,Dra. Beatriz Villaseñor,Directivo,20,Valeria Ríos,Maestro,Tecnología e Informática,2023-09-11,Jefe,5,Puntualidad y Compromiso,"Cumplimiento oportuno de horarios, compromisos laborales y adhesión a los valores institucionales.",3,"Su comunicación es adecuada, pero a veces falta mayor seguimiento a los compromisos.",2026-09-02 19:31:31
496,29,Alejandro Ruiz,Maestro,20,Valeria Ríos,Maestro,Tecnología e Informática,2023-09-11,Par,1,Liderazgo,"Capacidad para guiar, motivar e inspirar a equipos hacia el logro de metas institucionales.",3,"Generalmente puntual, con oportunidades de optimizar sus tiempos de respuesta.",2026-09-03 20:31:31
497,29,Alejandro Ruiz,Maestro,20,Valeria Ríos,Maestro,Tecnología e Informática,2023-09-11,Par,2,Comunicación Efectiva,"Habilidad para transmitir ideas con claridad, asertividad y escuchar de forma activa.",4,Buen trabajo colaborativo con apertura a sugerencias de mejora.,2026-09-14 01:31:31
498,29,Alejandro Ruiz,Maestro,20,Valeria Ríos,Maestro,Tecnología e Informática,2023-09-11,Par,3,Pedagogía y Gestión,Dominio metodológico en el aula y eficiencia en la gestión de procesos académicos/administrativos.,2,Es necesario mejorar la claridad en la transmisión de instrucciones o reportes.,2026-09-16 23:31:31
499,29,Alejandro Ruiz,Maestro,20,Valeria Ríos,Maestro,Tecnología e Informática,2023-09-11,Par,4,Trabajo en Equipo,"Disposición para colaborar de manera empática, respetuosa y proactiva con compañeros de trabajo.",3,"Su comunicación es adecuada, pero a veces falta mayor seguimiento a los compromisos.",2026-09-03 21:31:31
500,29,Alejandro Ruiz,Maestro,20,Valeria Ríos,Maestro,Tecnología e Informática,2023-09-11,Par,5,Puntualidad y Compromiso,"Cumplimiento oportuno de horarios, compromisos laborales y adhesión a los valores institucionales.",3,"Cumple con lo requerido, aunque podría mostrar mayor iniciativa en ciertos proyectos.",2026-09-22 18:31:31
501,24,Carmen Delgado,Maestro,20,Valeria Ríos,Maestro,Tecnología e Informática,2023-09-11,Par,1,Liderazgo,"Capacidad para guiar, motivar e inspirar a equipos hacia el logro de metas institucionales.",4,Entregas oportunas y buena disposición frente a nuevos retos.,2026-09-23 17:31:31
502,24,Carmen Delgado,Maestro,20,Valeria Ríos,Maestro,Tecnología e Informática,2023-09-11,Par,2,Comunicación Efectiva,"Habilidad para transmitir ideas con claridad, asertividad y escuchar de forma activa.",3,"Cumple con lo requerido, aunque podría mostrar mayor iniciativa en ciertos proyectos.",2026-09-05 18:31:31
503,24,Carmen Delgado,Maestro,20,Valeria Ríos,Maestro,Tecnología e Informática,2023-09-11,Par,3,Pedagogía y Gestión,Dominio metodológico en el aula y eficiencia en la gestión de procesos académicos/administrativos.,3,"Generalmente puntual, con oportunidades de optimizar sus tiempos de respuesta.",2026-09-20 17:31:31
504,24,Carmen Delgado,Maestro,20,Valeria Ríos,Maestro,Tecnología e Informática,2023-09-11,Par,4,Trabajo en Equipo,"Disposición para colaborar de manera empática, respetuosa y proactiva con compañeros de trabajo.",3,"Cumple con lo requerido, aunque podría mostrar mayor iniciativa en ciertos proyectos.",2026-09-22 17:31:31
505,24,Carmen Delgado,Maestro,20,Valeria Ríos,Maestro,Tecnología e Informática,2023-09-11,Par,5,Puntualidad y Compromiso,"Cumplimiento oportuno de horarios, compromisos laborales y adhesión a los valores institucionales.",3,"Cumple con lo requerido, aunque podría mostrar mayor iniciativa en ciertos proyectos.",2026-09-23 17:31:31
506,15,Fernando Silva,Maestro,20,Valeria Ríos,Maestro,Tecnología e Informática,2023-09-11,Subordinado,1,Liderazgo,"Capacidad para guiar, motivar e inspirar a equipos hacia el logro de metas institucionales.",4,Buen trabajo colaborativo con apertura a sugerencias de mejora.,2026-09-07 02:31:31
507,15,Fernando Silva,Maestro,20,Valeria Ríos,Maestro,Tecnología e Informática,2023-09-11,Subordinado,2,Comunicación Efectiva,"Habilidad para transmitir ideas con claridad, asertividad y escuchar de forma activa.",2,Le cuesta trabajo integrarse en actividades colaborativas de su departamento.,2026-09-06 21:31:31
508,15,Fernando Silva,Maestro,20,Valeria Ríos,Maestro,Tecnología e Informática,2023-09-11,Subordinado,3,Pedagogía y Gestión,Dominio metodológico en el aula y eficiencia en la gestión de procesos académicos/administrativos.,3,"Generalmente puntual, con oportunidades de optimizar sus tiempos de respuesta.",2026-09-06 23:31:31
509,15,Fernando Silva,Maestro,20,Valeria Ríos,Maestro,Tecnología e Informática,2023-09-11,Subordinado,4,Trabajo en Equipo,"Disposición para colaborar de manera empática, respetuosa y proactiva con compañeros de trabajo.",5,"Excelente manejo de sus responsabilidades, supera constantemente las expectativas.",2026-09-19 23:31:31
510,15,Fernando Silva,Maestro,20,Valeria Ríos,Maestro,Tecnología e Informática,2023-09-11,Subordinado,5,Puntualidad y Compromiso,"Cumplimiento oportuno de horarios, compromisos laborales y adhesión a los valores institucionales.",4,"Muy buen desempeño general, cumple de forma constante con los objetivos.",2026-09-10 23:31:31
511,21,Hugo Ortega,Maestro,21,Hugo Ortega,Maestro,Matemáticas,2021-03-21,Autoevaluación,1,Liderazgo,"Capacidad para guiar, motivar e inspirar a equipos hacia el logro de metas institucionales.",5,Gran capacidad resolutiva y trato sumamente profesional con todos.,2026-09-12 19:31:31
512,21,Hugo Ortega,Maestro,21,Hugo Ortega,Maestro,Matemáticas,2021-03-21,Autoevaluación,2,Comunicación Efectiva,"Habilidad para transmitir ideas con claridad, asertividad y escuchar de forma activa.",5,Su aporte y liderazgo son fundamentales para el éxito del equipo.,2026-09-11 19:31:31
513,21,Hugo Ortega,Maestro,21,Hugo Ortega,Maestro,Matemáticas,2021-03-21,Autoevaluación,3,Pedagogía y Gestión,Dominio metodológico en el aula y eficiencia en la gestión de procesos académicos/administrativos.,5,"Excelente manejo de sus responsabilidades, supera constantemente las expectativas.",2026-09-08 19:31:31
514,21,Hugo Ortega,Maestro,21,Hugo Ortega,Maestro,Matemáticas,2021-03-21,Autoevaluación,4,Trabajo en Equipo,"Disposición para colaborar de manera empática, respetuosa y proactiva con compañeros de trabajo.",4,Maneja adecuadamente los grupos y demuestra sólido conocimiento en su área.,2026-09-01 01:31:31
515,21,Hugo Ortega,Maestro,21,Hugo Ortega,Maestro,Matemáticas,2021-03-21,Autoevaluación,5,Puntualidad y Compromiso,"Cumplimiento oportuno de horarios, compromisos laborales y adhesión a los valores institucionales.",5,Puntualidad impecable y actitud ejemplar en todas sus actividades.,2026-09-03 23:31:31
516,1,Dra. Beatriz Villaseñor,Directivo,21,Hugo Ortega,Maestro,Matemáticas,2021-03-21,Jefe,1,Liderazgo,"Capacidad para guiar, motivar e inspirar a equipos hacia el logro de metas institucionales.",5,Su aporte y liderazgo son fundamentales para el éxito del equipo.,2026-09-19 18:31:31
517,1,Dra. Beatriz Villaseñor,Directivo,21,Hugo Ortega,Maestro,Matemáticas,2021-03-21,Jefe,2,Comunicación Efectiva,"Habilidad para transmitir ideas con claridad, asertividad y escuchar de forma activa.",5,"Excelente manejo de sus responsabilidades, supera constantemente las expectativas.",2026-08-31 21:31:31
518,1,Dra. Beatriz Villaseñor,Directivo,21,Hugo Ortega,Maestro,Matemáticas,2021-03-21,Jefe,3,Pedagogía y Gestión,Dominio metodológico en el aula y eficiencia en la gestión de procesos académicos/administrativos.,4,Entregas oportunas y buena disposición frente a nuevos retos.,2026-09-18 17:31:31
519,1,Dra. Beatriz Villaseñor,Directivo,21,Hugo Ortega,Maestro,Matemáticas,2021-03-21,Jefe,4,Trabajo en Equipo,"Disposición para colaborar de manera empática, respetuosa y proactiva con compañeros de trabajo.",5,Puntualidad impecable y actitud ejemplar en todas sus actividades.,2026-09-06 00:31:31
520,1,Dra. Beatriz Villaseñor,Directivo,21,Hugo Ortega,Maestro,Matemáticas,2021-03-21,Jefe,5,Puntualidad y Compromiso,"Cumplimiento oportuno de horarios, compromisos laborales y adhesión a los valores institucionales.",5,Su aporte y liderazgo son fundamentales para el éxito del equipo.,2026-09-08 17:31:31
521,17,Javier Morales,Maestro,21,Hugo Ortega,Maestro,Matemáticas,2021-03-21,Par,1,Liderazgo,"Capacidad para guiar, motivar e inspirar a equipos hacia el logro de metas institucionales.",5,Gran capacidad resolutiva y trato sumamente profesional con todos.,2026-09-07 02:31:31
522,17,Javier Morales,Maestro,21,Hugo Ortega,Maestro,Matemáticas,2021-03-21,Par,2,Comunicación Efectiva,"Habilidad para transmitir ideas con claridad, asertividad y escuchar de forma activa.",5,"Excelente manejo de sus responsabilidades, supera constantemente las expectativas.",2026-09-11 20:31:31
523,17,Javier Morales,Maestro,21,Hugo Ortega,Maestro,Matemáticas,2021-03-21,Par,3,Pedagogía y Gestión,Dominio metodológico en el aula y eficiencia en la gestión de procesos académicos/administrativos.,4,Maneja adecuadamente los grupos y demuestra sólido conocimiento en su área.,2026-09-14 01:31:31
524,17,Javier Morales,Maestro,21,Hugo Ortega,Maestro,Matemáticas,2021-03-21,Par,4,Trabajo en Equipo,"Disposición para colaborar de manera empática, respetuosa y proactiva con compañeros de trabajo.",4,Buen trabajo colaborativo con apertura a sugerencias de mejora.,2026-09-08 21:31:31
525,17,Javier Morales,Maestro,21,Hugo Ortega,Maestro,Matemáticas,2021-03-21,Par,5,Puntualidad y Compromiso,"Cumplimiento oportuno de horarios, compromisos laborales y adhesión a los valores institucionales.",4,Maneja adecuadamente los grupos y demuestra sólido conocimiento en su área.,2026-09-03 00:31:31
526,30,Lorena Benítez,Maestro,21,Hugo Ortega,Maestro,Matemáticas,2021-03-21,Par,1,Liderazgo,"Capacidad para guiar, motivar e inspirar a equipos hacia el logro de metas institucionales.",5,Su aporte y liderazgo son fundamentales para el éxito del equipo.,2026-09-05 22:31:31
527,30,Lorena Benítez,Maestro,21,Hugo Ortega,Maestro,Matemáticas,2021-03-21,Par,2,Comunicación Efectiva,"Habilidad para transmitir ideas con claridad, asertividad y escuchar de forma activa.",5,"Excelente manejo de sus responsabilidades, supera constantemente las expectativas.",2026-09-22 19:31:31
528,30,Lorena Benítez,Maestro,21,Hugo Ortega,Maestro,Matemáticas,2021-03-21,Par,3,Pedagogía y Gestión,Dominio metodológico en el aula y eficiencia en la gestión de procesos académicos/administrativos.,5,Demuestra un desempeño sobresaliente y es un referente positivo en la institución.,2026-09-08 01:31:31
529,30,Lorena Benítez,Maestro,21,Hugo Ortega,Maestro,Matemáticas,2021-03-21,Par,4,Trabajo en Equipo,"Disposición para colaborar de manera empática, respetuosa y proactiva con compañeros de trabajo.",5,Gran capacidad resolutiva y trato sumamente profesional con todos.,2026-09-08 19:31:31
530,30,Lorena Benítez,Maestro,21,Hugo Ortega,Maestro,Matemáticas,2021-03-21,Par,5,Puntualidad y Compromiso,"Cumplimiento oportuno de horarios, compromisos laborales y adhesión a los valores institucionales.",4,Muestra compromiso con sus funciones y mantiene buena comunicación.,2026-09-09 20:31:31
531,24,Carmen Delgado,Maestro,21,Hugo Ortega,Maestro,Matemáticas,2021-03-21,Subordinado,1,Liderazgo,"Capacidad para guiar, motivar e inspirar a equipos hacia el logro de metas institucionales.",5,Su aporte y liderazgo son fundamentales para el éxito del equipo.,2026-09-08 00:31:31
532,24,Carmen Delgado,Maestro,21,Hugo Ortega,Maestro,Matemáticas,2021-03-21,Subordinado,2,Comunicación Efectiva,"Habilidad para transmitir ideas con claridad, asertividad y escuchar de forma activa.",5,Gran capacidad resolutiva y trato sumamente profesional con todos.,2026-09-13 19:31:31
533,24,Carmen Delgado,Maestro,21,Hugo Ortega,Maestro,Matemáticas,2021-03-21,Subordinado,3,Pedagogía y Gestión,Dominio metodológico en el aula y eficiencia en la gestión de procesos académicos/administrativos.,5,Puntualidad impecable y actitud ejemplar en todas sus actividades.,2026-09-14 19:31:31
534,24,Carmen Delgado,Maestro,21,Hugo Ortega,Maestro,Matemáticas,2021-03-21,Subordinado,4,Trabajo en Equipo,"Disposición para colaborar de manera empática, respetuosa y proactiva con compañeros de trabajo.",5,Puntualidad impecable y actitud ejemplar en todas sus actividades.,2026-09-19 17:31:31
535,24,Carmen Delgado,Maestro,21,Hugo Ortega,Maestro,Matemáticas,2021-03-21,Subordinado,5,Puntualidad y Compromiso,"Cumplimiento oportuno de horarios, compromisos laborales y adhesión a los valores institucionales.",5,Demuestra un desempeño sobresaliente y es un referente positivo en la institución.,2026-09-23 17:31:31
536,22,Beatriz Vargas,Maestro,22,Beatriz Vargas,Maestro,Ciencias Exactas,2023-06-15,Autoevaluación,1,Liderazgo,"Capacidad para guiar, motivar e inspirar a equipos hacia el logro de metas institucionales.",3,"Mantiene un ritmo constante, recomendable reforzar habilidades en esta área.",2026-09-03 20:31:31
537,22,Beatriz Vargas,Maestro,22,Beatriz Vargas,Maestro,Ciencias Exactas,2023-06-15,Autoevaluación,2,Comunicación Efectiva,"Habilidad para transmitir ideas con claridad, asertividad y escuchar de forma activa.",4,Muestra compromiso con sus funciones y mantiene buena comunicación.,2026-09-16 00:31:31
538,22,Beatriz Vargas,Maestro,22,Beatriz Vargas,Maestro,Ciencias Exactas,2023-06-15,Autoevaluación,3,Pedagogía y Gestión,Dominio metodológico en el aula y eficiencia en la gestión de procesos académicos/administrativos.,4,Buen trabajo colaborativo con apertura a sugerencias de mejora.,2026-09-01 02:31:31
539,22,Beatriz Vargas,Maestro,22,Beatriz Vargas,Maestro,Ciencias Exactas,2023-06-15,Autoevaluación,4,Trabajo en Equipo,"Disposición para colaborar de manera empática, respetuosa y proactiva con compañeros de trabajo.",2,Es necesario mejorar la claridad en la transmisión de instrucciones o reportes.,2026-09-21 00:31:31
540,22,Beatriz Vargas,Maestro,22,Beatriz Vargas,Maestro,Ciencias Exactas,2023-06-15,Autoevaluación,5,Puntualidad y Compromiso,"Cumplimiento oportuno de horarios, compromisos laborales y adhesión a los valores institucionales.",2,Requiere fortalecer esta competencia para alcanzar el estándar de la institución.,2026-08-31 01:31:31
541,2,Dr. Alejandro de la Vega,Directivo,22,Beatriz Vargas,Maestro,Ciencias Exactas,2023-06-15,Jefe,1,Liderazgo,"Capacidad para guiar, motivar e inspirar a equipos hacia el logro de metas institucionales.",3,"Su comunicación es adecuada, pero a veces falta mayor seguimiento a los compromisos.",2026-08-31 01:31:31
542,2,Dr. Alejandro de la Vega,Directivo,22,Beatriz Vargas,Maestro,Ciencias Exactas,2023-06-15,Jefe,2,Comunicación Efectiva,"Habilidad para transmitir ideas con claridad, asertividad y escuchar de forma activa.",4,Maneja adecuadamente los grupos y demuestra sólido conocimiento en su área.,2026-09-24 19:31:31
543,2,Dr. Alejandro de la Vega,Directivo,22,Beatriz Vargas,Maestro,Ciencias Exactas,2023-06-15,Jefe,3,Pedagogía y Gestión,Dominio metodológico en el aula y eficiencia en la gestión de procesos académicos/administrativos.,4,Muestra compromiso con sus funciones y mantiene buena comunicación.,2026-09-19 01:31:31
544,2,Dr. Alejandro de la Vega,Directivo,22,Beatriz Vargas,Maestro,Ciencias Exactas,2023-06-15,Jefe,4,Trabajo en Equipo,"Disposición para colaborar de manera empática, respetuosa y proactiva con compañeros de trabajo.",4,Buen trabajo colaborativo con apertura a sugerencias de mejora.,2026-09-07 23:31:31
545,2,Dr. Alejandro de la Vega,Directivo,22,Beatriz Vargas,Maestro,Ciencias Exactas,2023-06-15,Jefe,5,Puntualidad y Compromiso,"Cumplimiento oportuno de horarios, compromisos laborales y adhesión a los valores institucionales.",4,Muestra compromiso con sus funciones y mantiene buena comunicación.,2026-09-21 20:31:31
546,20,Valeria Ríos,Maestro,22,Beatriz Vargas,Maestro,Ciencias Exactas,2023-06-15,Par,1,Liderazgo,"Capacidad para guiar, motivar e inspirar a equipos hacia el logro de metas institucionales.",3,"Desempeño aceptable en sus funciones habituales, dentro del promedio esperado.",2026-09-01 23:31:31
547,20,Valeria Ríos,Maestro,22,Beatriz Vargas,Maestro,Ciencias Exactas,2023-06-15,Par,2,Comunicación Efectiva,"Habilidad para transmitir ideas con claridad, asertividad y escuchar de forma activa.",3,"Desempeño aceptable en sus funciones habituales, dentro del promedio esperado.",2026-09-19 17:31:31
548,20,Valeria Ríos,Maestro,22,Beatriz Vargas,Maestro,Ciencias Exactas,2023-06-15,Par,3,Pedagogía y Gestión,Dominio metodológico en el aula y eficiencia en la gestión de procesos académicos/administrativos.,4,Muestra compromiso con sus funciones y mantiene buena comunicación.,2026-09-02 00:31:31
549,20,Valeria Ríos,Maestro,22,Beatriz Vargas,Maestro,Ciencias Exactas,2023-06-15,Par,4,Trabajo en Equipo,"Disposición para colaborar de manera empática, respetuosa y proactiva con compañeros de trabajo.",4,Buen trabajo colaborativo con apertura a sugerencias de mejora.,2026-09-17 18:31:31
550,20,Valeria Ríos,Maestro,22,Beatriz Vargas,Maestro,Ciencias Exactas,2023-06-15,Par,5,Puntualidad y Compromiso,"Cumplimiento oportuno de horarios, compromisos laborales y adhesión a los valores institucionales.",3,"Generalmente puntual, con oportunidades de optimizar sus tiempos de respuesta.",2026-08-31 20:31:31
551,13,Roberto Gómez,Maestro,22,Beatriz Vargas,Maestro,Ciencias Exactas,2023-06-15,Par,1,Liderazgo,"Capacidad para guiar, motivar e inspirar a equipos hacia el logro de metas institucionales.",4,Entregas oportunas y buena disposición frente a nuevos retos.,2026-09-14 21:31:31
552,13,Roberto Gómez,Maestro,22,Beatriz Vargas,Maestro,Ciencias Exactas,2023-06-15,Par,2,Comunicación Efectiva,"Habilidad para transmitir ideas con claridad, asertividad y escuchar de forma activa.",5,Demuestra un desempeño sobresaliente y es un referente positivo en la institución.,2026-09-01 21:31:31
553,13,Roberto Gómez,Maestro,22,Beatriz Vargas,Maestro,Ciencias Exactas,2023-06-15,Par,3,Pedagogía y Gestión,Dominio metodológico en el aula y eficiencia en la gestión de procesos académicos/administrativos.,4,"Muy buen desempeño general, cumple de forma constante con los objetivos.",2026-09-04 22:31:31
554,13,Roberto Gómez,Maestro,22,Beatriz Vargas,Maestro,Ciencias Exactas,2023-06-15,Par,4,Trabajo en Equipo,"Disposición para colaborar de manera empática, respetuosa y proactiva con compañeros de trabajo.",3,"Desempeño aceptable en sus funciones habituales, dentro del promedio esperado.",2026-09-06 02:31:31
555,13,Roberto Gómez,Maestro,22,Beatriz Vargas,Maestro,Ciencias Exactas,2023-06-15,Par,5,Puntualidad y Compromiso,"Cumplimiento oportuno de horarios, compromisos laborales y adhesión a los valores institucionales.",4,Maneja adecuadamente los grupos y demuestra sólido conocimiento en su área.,2026-09-01 21:31:31
556,16,Sofía Hernández,Maestro,22,Beatriz Vargas,Maestro,Ciencias Exactas,2023-06-15,Subordinado,1,Liderazgo,"Capacidad para guiar, motivar e inspirar a equipos hacia el logro de metas institucionales.",5,Puntualidad impecable y actitud ejemplar en todas sus actividades.,2026-09-12 01:31:31
557,16,Sofía Hernández,Maestro,22,Beatriz Vargas,Maestro,Ciencias Exactas,2023-06-15,Subordinado,2,Comunicación Efectiva,"Habilidad para transmitir ideas con claridad, asertividad y escuchar de forma activa.",4,"Muy buen desempeño general, cumple de forma constante con los objetivos.",2026-09-15 22:31:31
558,16,Sofía Hernández,Maestro,22,Beatriz Vargas,Maestro,Ciencias Exactas,2023-06-15,Subordinado,3,Pedagogía y Gestión,Dominio metodológico en el aula y eficiencia en la gestión de procesos académicos/administrativos.,3,"Mantiene un ritmo constante, recomendable reforzar habilidades en esta área.",2026-09-06 18:31:31
559,16,Sofía Hernández,Maestro,22,Beatriz Vargas,Maestro,Ciencias Exactas,2023-06-15,Subordinado,4,Trabajo en Equipo,"Disposición para colaborar de manera empática, respetuosa y proactiva con compañeros de trabajo.",4,Maneja adecuadamente los grupos y demuestra sólido conocimiento en su área.,2026-09-23 22:31:31
560,16,Sofía Hernández,Maestro,22,Beatriz Vargas,Maestro,Ciencias Exactas,2023-06-15,Subordinado,5,Puntualidad y Compromiso,"Cumplimiento oportuno de horarios, compromisos laborales y adhesión a los valores institucionales.",2,Le cuesta trabajo integrarse en actividades colaborativas de su departamento.,2026-09-25 00:31:31
561,23,Diego Navarro,Maestro,23,Diego Navarro,Maestro,Humanidades,2020-11-20,Autoevaluación,1,Liderazgo,"Capacidad para guiar, motivar e inspirar a equipos hacia el logro de metas institucionales.",4,Maneja adecuadamente los grupos y demuestra sólido conocimiento en su área.,2026-09-12 19:31:31
562,23,Diego Navarro,Maestro,23,Diego Navarro,Maestro,Humanidades,2020-11-20,Autoevaluación,2,Comunicación Efectiva,"Habilidad para transmitir ideas con claridad, asertividad y escuchar de forma activa.",4,Entregas oportunas y buena disposición frente a nuevos retos.,2026-09-20 23:31:31
563,23,Diego Navarro,Maestro,23,Diego Navarro,Maestro,Humanidades,2020-11-20,Autoevaluación,3,Pedagogía y Gestión,Dominio metodológico en el aula y eficiencia en la gestión de procesos académicos/administrativos.,5,"Excelente manejo de sus responsabilidades, supera constantemente las expectativas.",2026-09-21 18:31:31
564,23,Diego Navarro,Maestro,23,Diego Navarro,Maestro,Humanidades,2020-11-20,Autoevaluación,4,Trabajo en Equipo,"Disposición para colaborar de manera empática, respetuosa y proactiva con compañeros de trabajo.",5,Demuestra un desempeño sobresaliente y es un referente positivo en la institución.,2026-09-07 19:31:31
565,23,Diego Navarro,Maestro,23,Diego Navarro,Maestro,Humanidades,2020-11-20,Autoevaluación,5,Puntualidad y Compromiso,"Cumplimiento oportuno de horarios, compromisos laborales y adhesión a los valores institucionales.",4,Muestra compromiso con sus funciones y mantiene buena comunicación.,2026-09-22 23:31:31
566,2,Dr. Alejandro de la Vega,Directivo,23,Diego Navarro,Maestro,Humanidades,2020-11-20,Jefe,1,Liderazgo,"Capacidad para guiar, motivar e inspirar a equipos hacia el logro de metas institucionales.",5,Demuestra un desempeño sobresaliente y es un referente positivo en la institución.,2026-08-30 21:31:31
567,2,Dr. Alejandro de la Vega,Directivo,23,Diego Navarro,Maestro,Humanidades,2020-11-20,Jefe,2,Comunicación Efectiva,"Habilidad para transmitir ideas con claridad, asertividad y escuchar de forma activa.",4,"Muy buen desempeño general, cumple de forma constante con los objetivos.",2026-09-04 23:31:31
568,2,Dr. Alejandro de la Vega,Directivo,23,Diego Navarro,Maestro,Humanidades,2020-11-20,Jefe,3,Pedagogía y Gestión,Dominio metodológico en el aula y eficiencia en la gestión de procesos académicos/administrativos.,4,Entregas oportunas y buena disposición frente a nuevos retos.,2026-09-15 23:31:31
569,2,Dr. Alejandro de la Vega,Directivo,23,Diego Navarro,Maestro,Humanidades,2020-11-20,Jefe,4,Trabajo en Equipo,"Disposición para colaborar de manera empática, respetuosa y proactiva con compañeros de trabajo.",5,Puntualidad impecable y actitud ejemplar en todas sus actividades.,2026-09-18 22:31:31
570,2,Dr. Alejandro de la Vega,Directivo,23,Diego Navarro,Maestro,Humanidades,2020-11-20,Jefe,5,Puntualidad y Compromiso,"Cumplimiento oportuno de horarios, compromisos laborales y adhesión a los valores institucionales.",5,Demuestra un desempeño sobresaliente y es un referente positivo en la institución.,2026-09-08 23:31:31
571,24,Carmen Delgado,Maestro,23,Diego Navarro,Maestro,Humanidades,2020-11-20,Par,1,Liderazgo,"Capacidad para guiar, motivar e inspirar a equipos hacia el logro de metas institucionales.",4,Muestra compromiso con sus funciones y mantiene buena comunicación.,2026-09-18 01:31:31
572,24,Carmen Delgado,Maestro,23,Diego Navarro,Maestro,Humanidades,2020-11-20,Par,2,Comunicación Efectiva,"Habilidad para transmitir ideas con claridad, asertividad y escuchar de forma activa.",4,Muestra compromiso con sus funciones y mantiene buena comunicación.,2026-09-20 23:31:31
573,24,Carmen Delgado,Maestro,23,Diego Navarro,Maestro,Humanidades,2020-11-20,Par,3,Pedagogía y Gestión,Dominio metodológico en el aula y eficiencia en la gestión de procesos académicos/administrativos.,5,Su aporte y liderazgo son fundamentales para el éxito del equipo.,2026-09-14 19:31:31
574,24,Carmen Delgado,Maestro,23,Diego Navarro,Maestro,Humanidades,2020-11-20,Par,4,Trabajo en Equipo,"Disposición para colaborar de manera empática, respetuosa y proactiva con compañeros de trabajo.",5,Demuestra un desempeño sobresaliente y es un referente positivo en la institución.,2026-09-04 23:31:31
575,24,Carmen Delgado,Maestro,23,Diego Navarro,Maestro,Humanidades,2020-11-20,Par,5,Puntualidad y Compromiso,"Cumplimiento oportuno de horarios, compromisos laborales y adhesión a los valores institucionales.",4,"Muy buen desempeño general, cumple de forma constante con los objetivos.",2026-09-10 21:31:31
576,13,Roberto Gómez,Maestro,23,Diego Navarro,Maestro,Humanidades,2020-11-20,Par,1,Liderazgo,"Capacidad para guiar, motivar e inspirar a equipos hacia el logro de metas institucionales.",5,"Excelente manejo de sus responsabilidades, supera constantemente las expectativas.",2026-09-23 00:31:31
577,13,Roberto Gómez,Maestro,23,Diego Navarro,Maestro,Humanidades,2020-11-20,Par,2,Comunicación Efectiva,"Habilidad para transmitir ideas con claridad, asertividad y escuchar de forma activa.",4,"Muy buen desempeño general, cumple de forma constante con los objetivos.",2026-09-03 21:31:31
578,13,Roberto Gómez,Maestro,23,Diego Navarro,Maestro,Humanidades,2020-11-20,Par,3,Pedagogía y Gestión,Dominio metodológico en el aula y eficiencia en la gestión de procesos académicos/administrativos.,4,"Muy buen desempeño general, cumple de forma constante con los objetivos.",2026-09-11 22:31:31
579,13,Roberto Gómez,Maestro,23,Diego Navarro,Maestro,Humanidades,2020-11-20,Par,4,Trabajo en Equipo,"Disposición para colaborar de manera empática, respetuosa y proactiva con compañeros de trabajo.",5,Su aporte y liderazgo son fundamentales para el éxito del equipo.,2026-09-13 22:31:31
580,13,Roberto Gómez,Maestro,23,Diego Navarro,Maestro,Humanidades,2020-11-20,Par,5,Puntualidad y Compromiso,"Cumplimiento oportuno de horarios, compromisos laborales y adhesión a los valores institucionales.",4,Maneja adecuadamente los grupos y demuestra sólido conocimiento en su área.,2026-09-20 02:31:31
581,15,Fernando Silva,Maestro,23,Diego Navarro,Maestro,Humanidades,2020-11-20,Subordinado,1,Liderazgo,"Capacidad para guiar, motivar e inspirar a equipos hacia el logro de metas institucionales.",4,Maneja adecuadamente los grupos y demuestra sólido conocimiento en su área.,2026-09-09 19:31:31
582,15,Fernando Silva,Maestro,23,Diego Navarro,Maestro,Humanidades,2020-11-20,Subordinado,2,Comunicación Efectiva,"Habilidad para transmitir ideas con claridad, asertividad y escuchar de forma activa.",4,Buen trabajo colaborativo con apertura a sugerencias de mejora.,2026-09-09 00:31:31
583,15,Fernando Silva,Maestro,23,Diego Navarro,Maestro,Humanidades,2020-11-20,Subordinado,3,Pedagogía y Gestión,Dominio metodológico en el aula y eficiencia en la gestión de procesos académicos/administrativos.,5,Su aporte y liderazgo son fundamentales para el éxito del equipo.,2026-09-24 23:31:31
584,15,Fernando Silva,Maestro,23,Diego Navarro,Maestro,Humanidades,2020-11-20,Subordinado,4,Trabajo en Equipo,"Disposición para colaborar de manera empática, respetuosa y proactiva con compañeros de trabajo.",4,Entregas oportunas y buena disposición frente a nuevos retos.,2026-09-06 02:31:31
585,15,Fernando Silva,Maestro,23,Diego Navarro,Maestro,Humanidades,2020-11-20,Subordinado,5,Puntualidad y Compromiso,"Cumplimiento oportuno de horarios, compromisos laborales y adhesión a los valores institucionales.",5,Demuestra un desempeño sobresaliente y es un referente positivo en la institución.,2026-09-23 00:31:31
586,24,Carmen Delgado,Maestro,24,Carmen Delgado,Maestro,Idiomas,2022-10-21,Autoevaluación,1,Liderazgo,"Capacidad para guiar, motivar e inspirar a equipos hacia el logro de metas institucionales.",5,"Excelente manejo de sus responsabilidades, supera constantemente las expectativas.",2026-09-13 21:31:31
587,24,Carmen Delgado,Maestro,24,Carmen Delgado,Maestro,Idiomas,2022-10-21,Autoevaluación,2,Comunicación Efectiva,"Habilidad para transmitir ideas con claridad, asertividad y escuchar de forma activa.",5,Gran capacidad resolutiva y trato sumamente profesional con todos.,2026-09-21 00:31:31
588,24,Carmen Delgado,Maestro,24,Carmen Delgado,Maestro,Idiomas,2022-10-21,Autoevaluación,3,Pedagogía y Gestión,Dominio metodológico en el aula y eficiencia en la gestión de procesos académicos/administrativos.,5,"Excelente manejo de sus responsabilidades, supera constantemente las expectativas.",2026-09-19 21:31:31
589,24,Carmen Delgado,Maestro,24,Carmen Delgado,Maestro,Idiomas,2022-10-21,Autoevaluación,4,Trabajo en Equipo,"Disposición para colaborar de manera empática, respetuosa y proactiva con compañeros de trabajo.",5,Gran capacidad resolutiva y trato sumamente profesional con todos.,2026-09-24 23:31:31
590,24,Carmen Delgado,Maestro,24,Carmen Delgado,Maestro,Idiomas,2022-10-21,Autoevaluación,5,Puntualidad y Compromiso,"Cumplimiento oportuno de horarios, compromisos laborales y adhesión a los valores institucionales.",5,Demuestra un desempeño sobresaliente y es un referente positivo en la institución.,2026-09-14 02:31:31
591,2,Dr. Alejandro de la Vega,Directivo,24,Carmen Delgado,Maestro,Idiomas,2022-10-21,Jefe,1,Liderazgo,"Capacidad para guiar, motivar e inspirar a equipos hacia el logro de metas institucionales.",3,"Mantiene un ritmo constante, recomendable reforzar habilidades en esta área.",2026-09-16 17:31:31
592,2,Dr. Alejandro de la Vega,Directivo,24,Carmen Delgado,Maestro,Idiomas,2022-10-21,Jefe,2,Comunicación Efectiva,"Habilidad para transmitir ideas con claridad, asertividad y escuchar de forma activa.",5,Su aporte y liderazgo son fundamentales para el éxito del equipo.,2026-09-22 01:31:31
593,2,Dr. Alejandro de la Vega,Directivo,24,Carmen Delgado,Maestro,Idiomas,2022-10-21,Jefe,3,Pedagogía y Gestión,Dominio metodológico en el aula y eficiencia en la gestión de procesos académicos/administrativos.,5,"Excelente manejo de sus responsabilidades, supera constantemente las expectativas.",2026-09-20 22:31:31
594,2,Dr. Alejandro de la Vega,Directivo,24,Carmen Delgado,Maestro,Idiomas,2022-10-21,Jefe,4,Trabajo en Equipo,"Disposición para colaborar de manera empática, respetuosa y proactiva con compañeros de trabajo.",5,Puntualidad impecable y actitud ejemplar en todas sus actividades.,2026-09-01 02:31:31
595,2,Dr. Alejandro de la Vega,Directivo,24,Carmen Delgado,Maestro,Idiomas,2022-10-21,Jefe,5,Puntualidad y Compromiso,"Cumplimiento oportuno de horarios, compromisos laborales y adhesión a los valores institucionales.",5,Su aporte y liderazgo son fundamentales para el éxito del equipo.,2026-09-24 23:31:31
596,14,Elena Rostova,Maestro,24,Carmen Delgado,Maestro,Idiomas,2022-10-21,Par,1,Liderazgo,"Capacidad para guiar, motivar e inspirar a equipos hacia el logro de metas institucionales.",4,"Muy buen desempeño general, cumple de forma constante con los objetivos.",2026-09-07 20:31:31
597,14,Elena Rostova,Maestro,24,Carmen Delgado,Maestro,Idiomas,2022-10-21,Par,2,Comunicación Efectiva,"Habilidad para transmitir ideas con claridad, asertividad y escuchar de forma activa.",4,Entregas oportunas y buena disposición frente a nuevos retos.,2026-09-22 02:31:31
598,14,Elena Rostova,Maestro,24,Carmen Delgado,Maestro,Idiomas,2022-10-21,Par,3,Pedagogía y Gestión,Dominio metodológico en el aula y eficiencia en la gestión de procesos académicos/administrativos.,5,"Excelente manejo de sus responsabilidades, supera constantemente las expectativas.",2026-09-13 22:31:31
599,14,Elena Rostova,Maestro,24,Carmen Delgado,Maestro,Idiomas,2022-10-21,Par,4,Trabajo en Equipo,"Disposición para colaborar de manera empática, respetuosa y proactiva con compañeros de trabajo.",4,Entregas oportunas y buena disposición frente a nuevos retos.,2026-09-22 01:31:31
600,14,Elena Rostova,Maestro,24,Carmen Delgado,Maestro,Idiomas,2022-10-21,Par,5,Puntualidad y Compromiso,"Cumplimiento oportuno de horarios, compromisos laborales y adhesión a los valores institucionales.",5,"Excelente manejo de sus responsabilidades, supera constantemente las expectativas.",2026-09-10 17:31:31
601,11,Carlos Mendoza,Maestro,24,Carmen Delgado,Maestro,Idiomas,2022-10-21,Par,1,Liderazgo,"Capacidad para guiar, motivar e inspirar a equipos hacia el logro de metas institucionales.",4,"Muy buen desempeño general, cumple de forma constante con los objetivos.",2026-09-02 19:31:31
602,11,Carlos Mendoza,Maestro,24,Carmen Delgado,Maestro,Idiomas,2022-10-21,Par,2,Comunicación Efectiva,"Habilidad para transmitir ideas con claridad, asertividad y escuchar de forma activa.",5,Su aporte y liderazgo son fundamentales para el éxito del equipo.,2026-09-08 22:31:31
603,11,Carlos Mendoza,Maestro,24,Carmen Delgado,Maestro,Idiomas,2022-10-21,Par,3,Pedagogía y Gestión,Dominio metodológico en el aula y eficiencia en la gestión de procesos académicos/administrativos.,4,Maneja adecuadamente los grupos y demuestra sólido conocimiento en su área.,2026-09-11 00:31:31
604,11,Carlos Mendoza,Maestro,24,Carmen Delgado,Maestro,Idiomas,2022-10-21,Par,4,Trabajo en Equipo,"Disposición para colaborar de manera empática, respetuosa y proactiva con compañeros de trabajo.",5,Demuestra un desempeño sobresaliente y es un referente positivo en la institución.,2026-09-14 00:31:31
605,11,Carlos Mendoza,Maestro,24,Carmen Delgado,Maestro,Idiomas,2022-10-21,Par,5,Puntualidad y Compromiso,"Cumplimiento oportuno de horarios, compromisos laborales y adhesión a los valores institucionales.",4,"Muy buen desempeño general, cumple de forma constante con los objetivos.",2026-08-30 22:31:31
606,4,Claudia Ramírez,Administrativo,24,Carmen Delgado,Maestro,Idiomas,2022-10-21,Subordinado,1,Liderazgo,"Capacidad para guiar, motivar e inspirar a equipos hacia el logro de metas institucionales.",5,"Excelente manejo de sus responsabilidades, supera constantemente las expectativas.",2026-09-22 20:31:31
607,4,Claudia Ramírez,Administrativo,24,Carmen Delgado,Maestro,Idiomas,2022-10-21,Subordinado,2,Comunicación Efectiva,"Habilidad para transmitir ideas con claridad, asertividad y escuchar de forma activa.",4,Maneja adecuadamente los grupos y demuestra sólido conocimiento en su área.,2026-09-13 20:31:31
608,4,Claudia Ramírez,Administrativo,24,Carmen Delgado,Maestro,Idiomas,2022-10-21,Subordinado,3,Pedagogía y Gestión,Dominio metodológico en el aula y eficiencia en la gestión de procesos académicos/administrativos.,5,"Excelente manejo de sus responsabilidades, supera constantemente las expectativas.",2026-09-04 23:31:31
609,4,Claudia Ramírez,Administrativo,24,Carmen Delgado,Maestro,Idiomas,2022-10-21,Subordinado,4,Trabajo en Equipo,"Disposición para colaborar de manera empática, respetuosa y proactiva con compañeros de trabajo.",5,Gran capacidad resolutiva y trato sumamente profesional con todos.,2026-09-17 23:31:31
610,4,Claudia Ramírez,Administrativo,24,Carmen Delgado,Maestro,Idiomas,2022-10-21,Subordinado,5,Puntualidad y Compromiso,"Cumplimiento oportuno de horarios, compromisos laborales y adhesión a los valores institucionales.",3,"Cumple con lo requerido, aunque podría mostrar mayor iniciativa en ciertos proyectos.",2026-09-05 21:31:31
611,25,Guillermo Peña,Maestro,25,Guillermo Peña,Maestro,Tecnología e Informática,2025-11-07,Autoevaluación,1,Liderazgo,"Capacidad para guiar, motivar e inspirar a equipos hacia el logro de metas institucionales.",4,"Muy buen desempeño general, cumple de forma constante con los objetivos.",2026-09-17 18:31:31
612,25,Guillermo Peña,Maestro,25,Guillermo Peña,Maestro,Tecnología e Informática,2025-11-07,Autoevaluación,2,Comunicación Efectiva,"Habilidad para transmitir ideas con claridad, asertividad y escuchar de forma activa.",3,"Generalmente puntual, con oportunidades de optimizar sus tiempos de respuesta.",2026-09-04 22:31:31
613,25,Guillermo Peña,Maestro,25,Guillermo Peña,Maestro,Tecnología e Informática,2025-11-07,Autoevaluación,3,Pedagogía y Gestión,Dominio metodológico en el aula y eficiencia en la gestión de procesos académicos/administrativos.,4,Buen trabajo colaborativo con apertura a sugerencias de mejora.,2026-09-21 00:31:31
614,25,Guillermo Peña,Maestro,25,Guillermo Peña,Maestro,Tecnología e Informática,2025-11-07,Autoevaluación,4,Trabajo en Equipo,"Disposición para colaborar de manera empática, respetuosa y proactiva con compañeros de trabajo.",5,Puntualidad impecable y actitud ejemplar en todas sus actividades.,2026-09-19 22:31:31
615,25,Guillermo Peña,Maestro,25,Guillermo Peña,Maestro,Tecnología e Informática,2025-11-07,Autoevaluación,5,Puntualidad y Compromiso,"Cumplimiento oportuno de horarios, compromisos laborales y adhesión a los valores institucionales.",4,Entregas oportunas y buena disposición frente a nuevos retos.,2026-09-02 22:31:31
616,2,Dr. Alejandro de la Vega,Directivo,25,Guillermo Peña,Maestro,Tecnología e Informática,2025-11-07,Jefe,1,Liderazgo,"Capacidad para guiar, motivar e inspirar a equipos hacia el logro de metas institucionales.",4,Entregas oportunas y buena disposición frente a nuevos retos.,2026-09-04 21:31:31
617,2,Dr. Alejandro de la Vega,Directivo,25,Guillermo Peña,Maestro,Tecnología e Informática,2025-11-07,Jefe,2,Comunicación Efectiva,"Habilidad para transmitir ideas con claridad, asertividad y escuchar de forma activa.",3,"Su comunicación es adecuada, pero a veces falta mayor seguimiento a los compromisos.",2026-09-02 20:31:31
618,2,Dr. Alejandro de la Vega,Directivo,25,Guillermo Peña,Maestro,Tecnología e Informática,2025-11-07,Jefe,3,Pedagogía y Gestión,Dominio metodológico en el aula y eficiencia en la gestión de procesos académicos/administrativos.,4,Muestra compromiso con sus funciones y mantiene buena comunicación.,2026-09-10 19:31:31
619,2,Dr. Alejandro de la Vega,Directivo,25,Guillermo Peña,Maestro,Tecnología e Informática,2025-11-07,Jefe,4,Trabajo en Equipo,"Disposición para colaborar de manera empática, respetuosa y proactiva con compañeros de trabajo.",4,Maneja adecuadamente los grupos y demuestra sólido conocimiento en su área.,2026-09-12 19:31:31
620,2,Dr. Alejandro de la Vega,Directivo,25,Guillermo Peña,Maestro,Tecnología e Informática,2025-11-07,Jefe,5,Puntualidad y Compromiso,"Cumplimiento oportuno de horarios, compromisos laborales y adhesión a los valores institucionales.",4,Entregas oportunas y buena disposición frente a nuevos retos.,2026-09-21 19:31:31
621,29,Alejandro Ruiz,Maestro,25,Guillermo Peña,Maestro,Tecnología e Informática,2025-11-07,Par,1,Liderazgo,"Capacidad para guiar, motivar e inspirar a equipos hacia el logro de metas institucionales.",4,Buen trabajo colaborativo con apertura a sugerencias de mejora.,2026-09-14 02:31:31
622,29,Alejandro Ruiz,Maestro,25,Guillermo Peña,Maestro,Tecnología e Informática,2025-11-07,Par,2,Comunicación Efectiva,"Habilidad para transmitir ideas con claridad, asertividad y escuchar de forma activa.",4,"Muy buen desempeño general, cumple de forma constante con los objetivos.",2026-09-10 17:31:31
623,29,Alejandro Ruiz,Maestro,25,Guillermo Peña,Maestro,Tecnología e Informática,2025-11-07,Par,3,Pedagogía y Gestión,Dominio metodológico en el aula y eficiencia en la gestión de procesos académicos/administrativos.,4,Maneja adecuadamente los grupos y demuestra sólido conocimiento en su área.,2026-09-17 01:31:31
624,29,Alejandro Ruiz,Maestro,25,Guillermo Peña,Maestro,Tecnología e Informática,2025-11-07,Par,4,Trabajo en Equipo,"Disposición para colaborar de manera empática, respetuosa y proactiva con compañeros de trabajo.",4,Maneja adecuadamente los grupos y demuestra sólido conocimiento en su área.,2026-09-13 00:31:31
625,29,Alejandro Ruiz,Maestro,25,Guillermo Peña,Maestro,Tecnología e Informática,2025-11-07,Par,5,Puntualidad y Compromiso,"Cumplimiento oportuno de horarios, compromisos laborales y adhesión a los valores institucionales.",3,"Mantiene un ritmo constante, recomendable reforzar habilidades en esta área.",2026-09-04 18:31:31
626,16,Sofía Hernández,Maestro,25,Guillermo Peña,Maestro,Tecnología e Informática,2025-11-07,Par,1,Liderazgo,"Capacidad para guiar, motivar e inspirar a equipos hacia el logro de metas institucionales.",5,Puntualidad impecable y actitud ejemplar en todas sus actividades.,2026-08-30 20:31:31
627,16,Sofía Hernández,Maestro,25,Guillermo Peña,Maestro,Tecnología e Informática,2025-11-07,Par,2,Comunicación Efectiva,"Habilidad para transmitir ideas con claridad, asertividad y escuchar de forma activa.",4,Entregas oportunas y buena disposición frente a nuevos retos.,2026-09-08 19:31:31
628,16,Sofía Hernández,Maestro,25,Guillermo Peña,Maestro,Tecnología e Informática,2025-11-07,Par,3,Pedagogía y Gestión,Dominio metodológico en el aula y eficiencia en la gestión de procesos académicos/administrativos.,4,Maneja adecuadamente los grupos y demuestra sólido conocimiento en su área.,2026-09-18 00:31:31
629,16,Sofía Hernández,Maestro,25,Guillermo Peña,Maestro,Tecnología e Informática,2025-11-07,Par,4,Trabajo en Equipo,"Disposición para colaborar de manera empática, respetuosa y proactiva con compañeros de trabajo.",4,"Muy buen desempeño general, cumple de forma constante con los objetivos.",2026-09-08 01:31:31
630,16,Sofía Hernández,Maestro,25,Guillermo Peña,Maestro,Tecnología e Informática,2025-11-07,Par,5,Puntualidad y Compromiso,"Cumplimiento oportuno de horarios, compromisos laborales y adhesión a los valores institucionales.",4,Buen trabajo colaborativo con apertura a sugerencias de mejora.,2026-09-16 17:31:31
631,8,Pilar Fernández,Administrativo,25,Guillermo Peña,Maestro,Tecnología e Informática,2025-11-07,Subordinado,1,Liderazgo,"Capacidad para guiar, motivar e inspirar a equipos hacia el logro de metas institucionales.",2,Requiere fortalecer esta competencia para alcanzar el estándar de la institución.,2026-09-22 20:31:31
632,8,Pilar Fernández,Administrativo,25,Guillermo Peña,Maestro,Tecnología e Informática,2025-11-07,Subordinado,2,Comunicación Efectiva,"Habilidad para transmitir ideas con claridad, asertividad y escuchar de forma activa.",3,"Desempeño aceptable en sus funciones habituales, dentro del promedio esperado.",2026-09-13 21:31:31
633,8,Pilar Fernández,Administrativo,25,Guillermo Peña,Maestro,Tecnología e Informática,2025-11-07,Subordinado,3,Pedagogía y Gestión,Dominio metodológico en el aula y eficiencia en la gestión de procesos académicos/administrativos.,4,"Muy buen desempeño general, cumple de forma constante con los objetivos.",2026-09-23 20:31:31
634,8,Pilar Fernández,Administrativo,25,Guillermo Peña,Maestro,Tecnología e Informática,2025-11-07,Subordinado,4,Trabajo en Equipo,"Disposición para colaborar de manera empática, respetuosa y proactiva con compañeros de trabajo.",3,"Generalmente puntual, con oportunidades de optimizar sus tiempos de respuesta.",2026-09-21 22:31:31
635,8,Pilar Fernández,Administrativo,25,Guillermo Peña,Maestro,Tecnología e Informática,2025-11-07,Subordinado,5,Puntualidad y Compromiso,"Cumplimiento oportuno de horarios, compromisos laborales y adhesión a los valores institucionales.",4,Entregas oportunas y buena disposición frente a nuevos retos.,2026-09-03 20:31:31
636,26,Isabel Romero,Maestro,26,Isabel Romero,Maestro,Matemáticas,2024-02-19,Autoevaluación,1,Liderazgo,"Capacidad para guiar, motivar e inspirar a equipos hacia el logro de metas institucionales.",3,"Cumple con lo requerido, aunque podría mostrar mayor iniciativa en ciertos proyectos.",2026-09-24 17:31:31
637,26,Isabel Romero,Maestro,26,Isabel Romero,Maestro,Matemáticas,2024-02-19,Autoevaluación,2,Comunicación Efectiva,"Habilidad para transmitir ideas con claridad, asertividad y escuchar de forma activa.",3,"Generalmente puntual, con oportunidades de optimizar sus tiempos de respuesta.",2026-09-16 19:31:31
638,26,Isabel Romero,Maestro,26,Isabel Romero,Maestro,Matemáticas,2024-02-19,Autoevaluación,3,Pedagogía y Gestión,Dominio metodológico en el aula y eficiencia en la gestión de procesos académicos/administrativos.,3,"Su comunicación es adecuada, pero a veces falta mayor seguimiento a los compromisos.",2026-09-21 21:31:31
639,26,Isabel Romero,Maestro,26,Isabel Romero,Maestro,Matemáticas,2024-02-19,Autoevaluación,4,Trabajo en Equipo,"Disposición para colaborar de manera empática, respetuosa y proactiva con compañeros de trabajo.",4,Entregas oportunas y buena disposición frente a nuevos retos.,2026-09-20 18:31:31
640,26,Isabel Romero,Maestro,26,Isabel Romero,Maestro,Matemáticas,2024-02-19,Autoevaluación,5,Puntualidad y Compromiso,"Cumplimiento oportuno de horarios, compromisos laborales y adhesión a los valores institucionales.",4,Muestra compromiso con sus funciones y mantiene buena comunicación.,2026-09-23 23:31:31
641,1,Dra. Beatriz Villaseñor,Directivo,26,Isabel Romero,Maestro,Matemáticas,2024-02-19,Jefe,1,Liderazgo,"Capacidad para guiar, motivar e inspirar a equipos hacia el logro de metas institucionales.",4,Muestra compromiso con sus funciones y mantiene buena comunicación.,2026-09-06 19:31:31
642,1,Dra. Beatriz Villaseñor,Directivo,26,Isabel Romero,Maestro,Matemáticas,2024-02-19,Jefe,2,Comunicación Efectiva,"Habilidad para transmitir ideas con claridad, asertividad y escuchar de forma activa.",3,"Cumple con lo requerido, aunque podría mostrar mayor iniciativa en ciertos proyectos.",2026-09-23 23:31:31
643,1,Dra. Beatriz Villaseñor,Directivo,26,Isabel Romero,Maestro,Matemáticas,2024-02-19,Jefe,3,Pedagogía y Gestión,Dominio metodológico en el aula y eficiencia en la gestión de procesos académicos/administrativos.,3,"Mantiene un ritmo constante, recomendable reforzar habilidades en esta área.",2026-09-12 00:31:31
644,1,Dra. Beatriz Villaseñor,Directivo,26,Isabel Romero,Maestro,Matemáticas,2024-02-19,Jefe,4,Trabajo en Equipo,"Disposición para colaborar de manera empática, respetuosa y proactiva con compañeros de trabajo.",3,"Desempeño aceptable en sus funciones habituales, dentro del promedio esperado.",2026-09-12 01:31:31
645,1,Dra. Beatriz Villaseñor,Directivo,26,Isabel Romero,Maestro,Matemáticas,2024-02-19,Jefe,5,Puntualidad y Compromiso,"Cumplimiento oportuno de horarios, compromisos laborales y adhesión a los valores institucionales.",3,"Mantiene un ritmo constante, recomendable reforzar habilidades en esta área.",2026-09-14 22:31:31
646,30,Lorena Benítez,Maestro,26,Isabel Romero,Maestro,Matemáticas,2024-02-19,Par,1,Liderazgo,"Capacidad para guiar, motivar e inspirar a equipos hacia el logro de metas institucionales.",2,Requiere fortalecer esta competencia para alcanzar el estándar de la institución.,2026-09-23 00:31:31
647,30,Lorena Benítez,Maestro,26,Isabel Romero,Maestro,Matemáticas,2024-02-19,Par,2,Comunicación Efectiva,"Habilidad para transmitir ideas con claridad, asertividad y escuchar de forma activa.",3,"Desempeño aceptable en sus funciones habituales, dentro del promedio esperado.",2026-09-25 01:31:31
648,30,Lorena Benítez,Maestro,26,Isabel Romero,Maestro,Matemáticas,2024-02-19,Par,3,Pedagogía y Gestión,Dominio metodológico en el aula y eficiencia en la gestión de procesos académicos/administrativos.,3,"Mantiene un ritmo constante, recomendable reforzar habilidades en esta área.",2026-09-05 23:31:31
649,30,Lorena Benítez,Maestro,26,Isabel Romero,Maestro,Matemáticas,2024-02-19,Par,4,Trabajo en Equipo,"Disposición para colaborar de manera empática, respetuosa y proactiva con compañeros de trabajo.",4,Buen trabajo colaborativo con apertura a sugerencias de mejora.,2026-09-08 22:31:31
650,30,Lorena Benítez,Maestro,26,Isabel Romero,Maestro,Matemáticas,2024-02-19,Par,5,Puntualidad y Compromiso,"Cumplimiento oportuno de horarios, compromisos laborales y adhesión a los valores institucionales.",3,"Generalmente puntual, con oportunidades de optimizar sus tiempos de respuesta.",2026-09-17 19:31:31
651,11,Carlos Mendoza,Maestro,26,Isabel Romero,Maestro,Matemáticas,2024-02-19,Par,1,Liderazgo,"Capacidad para guiar, motivar e inspirar a equipos hacia el logro de metas institucionales.",3,"Su comunicación es adecuada, pero a veces falta mayor seguimiento a los compromisos.",2026-09-20 17:31:31
652,11,Carlos Mendoza,Maestro,26,Isabel Romero,Maestro,Matemáticas,2024-02-19,Par,2,Comunicación Efectiva,"Habilidad para transmitir ideas con claridad, asertividad y escuchar de forma activa.",3,"Desempeño aceptable en sus funciones habituales, dentro del promedio esperado.",2026-09-03 00:31:31
653,11,Carlos Mendoza,Maestro,26,Isabel Romero,Maestro,Matemáticas,2024-02-19,Par,3,Pedagogía y Gestión,Dominio metodológico en el aula y eficiencia en la gestión de procesos académicos/administrativos.,5,"Excelente manejo de sus responsabilidades, supera constantemente las expectativas.",2026-09-14 00:31:31
654,11,Carlos Mendoza,Maestro,26,Isabel Romero,Maestro,Matemáticas,2024-02-19,Par,4,Trabajo en Equipo,"Disposición para colaborar de manera empática, respetuosa y proactiva con compañeros de trabajo.",4,"Muy buen desempeño general, cumple de forma constante con los objetivos.",2026-09-12 20:31:31
655,11,Carlos Mendoza,Maestro,26,Isabel Romero,Maestro,Matemáticas,2024-02-19,Par,5,Puntualidad y Compromiso,"Cumplimiento oportuno de horarios, compromisos laborales y adhesión a los valores institucionales.",5,Su aporte y liderazgo son fundamentales para el éxito del equipo.,2026-09-04 21:31:31
656,13,Roberto Gómez,Maestro,26,Isabel Romero,Maestro,Matemáticas,2024-02-19,Subordinado,1,Liderazgo,"Capacidad para guiar, motivar e inspirar a equipos hacia el logro de metas institucionales.",4,Buen trabajo colaborativo con apertura a sugerencias de mejora.,2026-09-01 22:31:31
657,13,Roberto Gómez,Maestro,26,Isabel Romero,Maestro,Matemáticas,2024-02-19,Subordinado,2,Comunicación Efectiva,"Habilidad para transmitir ideas con claridad, asertividad y escuchar de forma activa.",4,Buen trabajo colaborativo con apertura a sugerencias de mejora.,2026-09-22 20:31:31
658,13,Roberto Gómez,Maestro,26,Isabel Romero,Maestro,Matemáticas,2024-02-19,Subordinado,3,Pedagogía y Gestión,Dominio metodológico en el aula y eficiencia en la gestión de procesos académicos/administrativos.,3,"Desempeño aceptable en sus funciones habituales, dentro del promedio esperado.",2026-09-21 18:31:31
659,13,Roberto Gómez,Maestro,26,Isabel Romero,Maestro,Matemáticas,2024-02-19,Subordinado,4,Trabajo en Equipo,"Disposición para colaborar de manera empática, respetuosa y proactiva con compañeros de trabajo.",3,"Cumple con lo requerido, aunque podría mostrar mayor iniciativa en ciertos proyectos.",2026-09-16 00:31:31
660,13,Roberto Gómez,Maestro,26,Isabel Romero,Maestro,Matemáticas,2024-02-19,Subordinado,5,Puntualidad y Compromiso,"Cumplimiento oportuno de horarios, compromisos laborales y adhesión a los valores institucionales.",3,"Su comunicación es adecuada, pero a veces falta mayor seguimiento a los compromisos.",2026-09-02 23:31:31
661,27,Manuel Guerrero,Maestro,27,Manuel Guerrero,Maestro,Ciencias Exactas,2021-03-08,Autoevaluación,1,Liderazgo,"Capacidad para guiar, motivar e inspirar a equipos hacia el logro de metas institucionales.",4,Muestra compromiso con sus funciones y mantiene buena comunicación.,2026-09-11 18:31:31
662,27,Manuel Guerrero,Maestro,27,Manuel Guerrero,Maestro,Ciencias Exactas,2021-03-08,Autoevaluación,2,Comunicación Efectiva,"Habilidad para transmitir ideas con claridad, asertividad y escuchar de forma activa.",3,"Desempeño aceptable en sus funciones habituales, dentro del promedio esperado.",2026-09-02 22:31:31
663,27,Manuel Guerrero,Maestro,27,Manuel Guerrero,Maestro,Ciencias Exactas,2021-03-08,Autoevaluación,3,Pedagogía y Gestión,Dominio metodológico en el aula y eficiencia en la gestión de procesos académicos/administrativos.,3,"Mantiene un ritmo constante, recomendable reforzar habilidades en esta área.",2026-09-23 19:31:31
664,27,Manuel Guerrero,Maestro,27,Manuel Guerrero,Maestro,Ciencias Exactas,2021-03-08,Autoevaluación,4,Trabajo en Equipo,"Disposición para colaborar de manera empática, respetuosa y proactiva con compañeros de trabajo.",4,Muestra compromiso con sus funciones y mantiene buena comunicación.,2026-09-02 01:31:31
665,27,Manuel Guerrero,Maestro,27,Manuel Guerrero,Maestro,Ciencias Exactas,2021-03-08,Autoevaluación,5,Puntualidad y Compromiso,"Cumplimiento oportuno de horarios, compromisos laborales y adhesión a los valores institucionales.",3,"Cumple con lo requerido, aunque podría mostrar mayor iniciativa en ciertos proyectos.",2026-09-13 22:31:31
666,1,Dra. Beatriz Villaseñor,Directivo,27,Manuel Guerrero,Maestro,Ciencias Exactas,2021-03-08,Jefe,1,Liderazgo,"Capacidad para guiar, motivar e inspirar a equipos hacia el logro de metas institucionales.",4,Muestra compromiso con sus funciones y mantiene buena comunicación.,2026-09-13 02:31:31
667,1,Dra. Beatriz Villaseñor,Directivo,27,Manuel Guerrero,Maestro,Ciencias Exactas,2021-03-08,Jefe,2,Comunicación Efectiva,"Habilidad para transmitir ideas con claridad, asertividad y escuchar de forma activa.",4,"Muy buen desempeño general, cumple de forma constante con los objetivos.",2026-09-03 18:31:31
668,1,Dra. Beatriz Villaseñor,Directivo,27,Manuel Guerrero,Maestro,Ciencias Exactas,2021-03-08,Jefe,3,Pedagogía y Gestión,Dominio metodológico en el aula y eficiencia en la gestión de procesos académicos/administrativos.,4,Maneja adecuadamente los grupos y demuestra sólido conocimiento en su área.,2026-09-10 23:31:31
669,1,Dra. Beatriz Villaseñor,Directivo,27,Manuel Guerrero,Maestro,Ciencias Exactas,2021-03-08,Jefe,4,Trabajo en Equipo,"Disposición para colaborar de manera empática, respetuosa y proactiva con compañeros de trabajo.",4,"Muy buen desempeño general, cumple de forma constante con los objetivos.",2026-09-07 01:31:31
670,1,Dra. Beatriz Villaseñor,Directivo,27,Manuel Guerrero,Maestro,Ciencias Exactas,2021-03-08,Jefe,5,Puntualidad y Compromiso,"Cumplimiento oportuno de horarios, compromisos laborales y adhesión a los valores institucionales.",4,Entregas oportunas y buena disposición frente a nuevos retos.,2026-09-08 17:31:31
671,20,Valeria Ríos,Maestro,27,Manuel Guerrero,Maestro,Ciencias Exactas,2021-03-08,Par,1,Liderazgo,"Capacidad para guiar, motivar e inspirar a equipos hacia el logro de metas institucionales.",3,"Mantiene un ritmo constante, recomendable reforzar habilidades en esta área.",2026-09-08 17:31:31
672,20,Valeria Ríos,Maestro,27,Manuel Guerrero,Maestro,Ciencias Exactas,2021-03-08,Par,2,Comunicación Efectiva,"Habilidad para transmitir ideas con claridad, asertividad y escuchar de forma activa.",4,Muestra compromiso con sus funciones y mantiene buena comunicación.,2026-09-14 23:31:31
673,20,Valeria Ríos,Maestro,27,Manuel Guerrero,Maestro,Ciencias Exactas,2021-03-08,Par,3,Pedagogía y Gestión,Dominio metodológico en el aula y eficiencia en la gestión de procesos académicos/administrativos.,5,Puntualidad impecable y actitud ejemplar en todas sus actividades.,2026-09-02 01:31:31
674,20,Valeria Ríos,Maestro,27,Manuel Guerrero,Maestro,Ciencias Exactas,2021-03-08,Par,4,Trabajo en Equipo,"Disposición para colaborar de manera empática, respetuosa y proactiva con compañeros de trabajo.",4,"Muy buen desempeño general, cumple de forma constante con los objetivos.",2026-09-10 22:31:31
675,20,Valeria Ríos,Maestro,27,Manuel Guerrero,Maestro,Ciencias Exactas,2021-03-08,Par,5,Puntualidad y Compromiso,"Cumplimiento oportuno de horarios, compromisos laborales y adhesión a los valores institucionales.",5,Puntualidad impecable y actitud ejemplar en todas sus actividades.,2026-09-12 22:31:31
676,17,Javier Morales,Maestro,27,Manuel Guerrero,Maestro,Ciencias Exactas,2021-03-08,Par,1,Liderazgo,"Capacidad para guiar, motivar e inspirar a equipos hacia el logro de metas institucionales.",5,Puntualidad impecable y actitud ejemplar en todas sus actividades.,2026-09-20 19:31:31
677,17,Javier Morales,Maestro,27,Manuel Guerrero,Maestro,Ciencias Exactas,2021-03-08,Par,2,Comunicación Efectiva,"Habilidad para transmitir ideas con claridad, asertividad y escuchar de forma activa.",4,"Muy buen desempeño general, cumple de forma constante con los objetivos.",2026-08-31 02:31:31
678,17,Javier Morales,Maestro,27,Manuel Guerrero,Maestro,Ciencias Exactas,2021-03-08,Par,3,Pedagogía y Gestión,Dominio metodológico en el aula y eficiencia en la gestión de procesos académicos/administrativos.,3,"Desempeño aceptable en sus funciones habituales, dentro del promedio esperado.",2026-08-30 21:31:31
679,17,Javier Morales,Maestro,27,Manuel Guerrero,Maestro,Ciencias Exactas,2021-03-08,Par,4,Trabajo en Equipo,"Disposición para colaborar de manera empática, respetuosa y proactiva con compañeros de trabajo.",4,Maneja adecuadamente los grupos y demuestra sólido conocimiento en su área.,2026-09-15 21:31:31
680,17,Javier Morales,Maestro,27,Manuel Guerrero,Maestro,Ciencias Exactas,2021-03-08,Par,5,Puntualidad y Compromiso,"Cumplimiento oportuno de horarios, compromisos laborales y adhesión a los valores institucionales.",5,Puntualidad impecable y actitud ejemplar en todas sus actividades.,2026-09-23 23:31:31
681,24,Carmen Delgado,Maestro,27,Manuel Guerrero,Maestro,Ciencias Exactas,2021-03-08,Subordinado,1,Liderazgo,"Capacidad para guiar, motivar e inspirar a equipos hacia el logro de metas institucionales.",5,Puntualidad impecable y actitud ejemplar en todas sus actividades.,2026-09-03 21:31:31
682,24,Carmen Delgado,Maestro,27,Manuel Guerrero,Maestro,Ciencias Exactas,2021-03-08,Subordinado,2,Comunicación Efectiva,"Habilidad para transmitir ideas con claridad, asertividad y escuchar de forma activa.",4,"Muy buen desempeño general, cumple de forma constante con los objetivos.",2026-09-15 20:31:31
683,24,Carmen Delgado,Maestro,27,Manuel Guerrero,Maestro,Ciencias Exactas,2021-03-08,Subordinado,3,Pedagogía y Gestión,Dominio metodológico en el aula y eficiencia en la gestión de procesos académicos/administrativos.,5,Puntualidad impecable y actitud ejemplar en todas sus actividades.,2026-09-19 18:31:31
684,24,Carmen Delgado,Maestro,27,Manuel Guerrero,Maestro,Ciencias Exactas,2021-03-08,Subordinado,4,Trabajo en Equipo,"Disposición para colaborar de manera empática, respetuosa y proactiva con compañeros de trabajo.",4,Maneja adecuadamente los grupos y demuestra sólido conocimiento en su área.,2026-09-22 20:31:31
685,24,Carmen Delgado,Maestro,27,Manuel Guerrero,Maestro,Ciencias Exactas,2021-03-08,Subordinado,5,Puntualidad y Compromiso,"Cumplimiento oportuno de horarios, compromisos laborales y adhesión a los valores institucionales.",4,Maneja adecuadamente los grupos y demuestra sólido conocimiento en su área.,2026-09-19 02:31:31
686,28,Natalia Reyes,Maestro,28,Natalia Reyes,Maestro,Humanidades,2022-02-09,Autoevaluación,1,Liderazgo,"Capacidad para guiar, motivar e inspirar a equipos hacia el logro de metas institucionales.",5,Demuestra un desempeño sobresaliente y es un referente positivo en la institución.,2026-09-08 19:31:31
687,28,Natalia Reyes,Maestro,28,Natalia Reyes,Maestro,Humanidades,2022-02-09,Autoevaluación,2,Comunicación Efectiva,"Habilidad para transmitir ideas con claridad, asertividad y escuchar de forma activa.",5,Demuestra un desempeño sobresaliente y es un referente positivo en la institución.,2026-09-05 00:31:31
688,28,Natalia Reyes,Maestro,28,Natalia Reyes,Maestro,Humanidades,2022-02-09,Autoevaluación,3,Pedagogía y Gestión,Dominio metodológico en el aula y eficiencia en la gestión de procesos académicos/administrativos.,5,Su aporte y liderazgo son fundamentales para el éxito del equipo.,2026-09-16 01:31:31
689,28,Natalia Reyes,Maestro,28,Natalia Reyes,Maestro,Humanidades,2022-02-09,Autoevaluación,4,Trabajo en Equipo,"Disposición para colaborar de manera empática, respetuosa y proactiva con compañeros de trabajo.",4,Muestra compromiso con sus funciones y mantiene buena comunicación.,2026-09-10 19:31:31
690,28,Natalia Reyes,Maestro,28,Natalia Reyes,Maestro,Humanidades,2022-02-09,Autoevaluación,5,Puntualidad y Compromiso,"Cumplimiento oportuno de horarios, compromisos laborales y adhesión a los valores institucionales.",3,"Su comunicación es adecuada, pero a veces falta mayor seguimiento a los compromisos.",2026-09-22 18:31:31
691,1,Dra. Beatriz Villaseñor,Directivo,28,Natalia Reyes,Maestro,Humanidades,2022-02-09,Jefe,1,Liderazgo,"Capacidad para guiar, motivar e inspirar a equipos hacia el logro de metas institucionales.",3,"Su comunicación es adecuada, pero a veces falta mayor seguimiento a los compromisos.",2026-09-22 02:31:31
692,1,Dra. Beatriz Villaseñor,Directivo,28,Natalia Reyes,Maestro,Humanidades,2022-02-09,Jefe,2,Comunicación Efectiva,"Habilidad para transmitir ideas con claridad, asertividad y escuchar de forma activa.",4,Maneja adecuadamente los grupos y demuestra sólido conocimiento en su área.,2026-09-14 01:31:31
693,1,Dra. Beatriz Villaseñor,Directivo,28,Natalia Reyes,Maestro,Humanidades,2022-02-09,Jefe,3,Pedagogía y Gestión,Dominio metodológico en el aula y eficiencia en la gestión de procesos académicos/administrativos.,3,"Su comunicación es adecuada, pero a veces falta mayor seguimiento a los compromisos.",2026-09-04 21:31:31
694,1,Dra. Beatriz Villaseñor,Directivo,28,Natalia Reyes,Maestro,Humanidades,2022-02-09,Jefe,4,Trabajo en Equipo,"Disposición para colaborar de manera empática, respetuosa y proactiva con compañeros de trabajo.",4,Entregas oportunas y buena disposición frente a nuevos retos.,2026-09-20 18:31:31
695,1,Dra. Beatriz Villaseñor,Directivo,28,Natalia Reyes,Maestro,Humanidades,2022-02-09,Jefe,5,Puntualidad y Compromiso,"Cumplimiento oportuno de horarios, compromisos laborales y adhesión a los valores institucionales.",4,"Muy buen desempeño general, cumple de forma constante con los objetivos.",2026-09-06 17:31:31
696,26,Isabel Romero,Maestro,28,Natalia Reyes,Maestro,Humanidades,2022-02-09,Par,1,Liderazgo,"Capacidad para guiar, motivar e inspirar a equipos hacia el logro de metas institucionales.",4,Maneja adecuadamente los grupos y demuestra sólido conocimiento en su área.,2026-09-03 19:31:31
697,26,Isabel Romero,Maestro,28,Natalia Reyes,Maestro,Humanidades,2022-02-09,Par,2,Comunicación Efectiva,"Habilidad para transmitir ideas con claridad, asertividad y escuchar de forma activa.",5,Puntualidad impecable y actitud ejemplar en todas sus actividades.,2026-09-24 23:31:31
698,26,Isabel Romero,Maestro,28,Natalia Reyes,Maestro,Humanidades,2022-02-09,Par,3,Pedagogía y Gestión,Dominio metodológico en el aula y eficiencia en la gestión de procesos académicos/administrativos.,4,Muestra compromiso con sus funciones y mantiene buena comunicación.,2026-09-09 20:31:31
699,26,Isabel Romero,Maestro,28,Natalia Reyes,Maestro,Humanidades,2022-02-09,Par,4,Trabajo en Equipo,"Disposición para colaborar de manera empática, respetuosa y proactiva con compañeros de trabajo.",3,"Su comunicación es adecuada, pero a veces falta mayor seguimiento a los compromisos.",2026-09-02 02:31:31
700,26,Isabel Romero,Maestro,28,Natalia Reyes,Maestro,Humanidades,2022-02-09,Par,5,Puntualidad y Compromiso,"Cumplimiento oportuno de horarios, compromisos laborales y adhesión a los valores institucionales.",4,Buen trabajo colaborativo con apertura a sugerencias de mejora.,2026-09-03 01:31:31
701,22,Beatriz Vargas,Maestro,28,Natalia Reyes,Maestro,Humanidades,2022-02-09,Par,1,Liderazgo,"Capacidad para guiar, motivar e inspirar a equipos hacia el logro de metas institucionales.",4,Muestra compromiso con sus funciones y mantiene buena comunicación.,2026-09-25 01:31:31
702,22,Beatriz Vargas,Maestro,28,Natalia Reyes,Maestro,Humanidades,2022-02-09,Par,2,Comunicación Efectiva,"Habilidad para transmitir ideas con claridad, asertividad y escuchar de forma activa.",4,"Muy buen desempeño general, cumple de forma constante con los objetivos.",2026-09-11 18:31:31
703,22,Beatriz Vargas,Maestro,28,Natalia Reyes,Maestro,Humanidades,2022-02-09,Par,3,Pedagogía y Gestión,Dominio metodológico en el aula y eficiencia en la gestión de procesos académicos/administrativos.,5,Su aporte y liderazgo son fundamentales para el éxito del equipo.,2026-09-09 18:31:31
704,22,Beatriz Vargas,Maestro,28,Natalia Reyes,Maestro,Humanidades,2022-02-09,Par,4,Trabajo en Equipo,"Disposición para colaborar de manera empática, respetuosa y proactiva con compañeros de trabajo.",3,"Generalmente puntual, con oportunidades de optimizar sus tiempos de respuesta.",2026-09-13 17:31:31
705,22,Beatriz Vargas,Maestro,28,Natalia Reyes,Maestro,Humanidades,2022-02-09,Par,5,Puntualidad y Compromiso,"Cumplimiento oportuno de horarios, compromisos laborales y adhesión a los valores institucionales.",4,Buen trabajo colaborativo con apertura a sugerencias de mejora.,2026-09-23 02:31:31
706,18,Patricia Aguilar,Maestro,28,Natalia Reyes,Maestro,Humanidades,2022-02-09,Subordinado,1,Liderazgo,"Capacidad para guiar, motivar e inspirar a equipos hacia el logro de metas institucionales.",4,Entregas oportunas y buena disposición frente a nuevos retos.,2026-09-14 20:31:31
707,18,Patricia Aguilar,Maestro,28,Natalia Reyes,Maestro,Humanidades,2022-02-09,Subordinado,2,Comunicación Efectiva,"Habilidad para transmitir ideas con claridad, asertividad y escuchar de forma activa.",3,"Cumple con lo requerido, aunque podría mostrar mayor iniciativa en ciertos proyectos.",2026-08-30 23:31:31
708,18,Patricia Aguilar,Maestro,28,Natalia Reyes,Maestro,Humanidades,2022-02-09,Subordinado,3,Pedagogía y Gestión,Dominio metodológico en el aula y eficiencia en la gestión de procesos académicos/administrativos.,4,Entregas oportunas y buena disposición frente a nuevos retos.,2026-09-10 17:31:31
709,18,Patricia Aguilar,Maestro,28,Natalia Reyes,Maestro,Humanidades,2022-02-09,Subordinado,4,Trabajo en Equipo,"Disposición para colaborar de manera empática, respetuosa y proactiva con compañeros de trabajo.",5,Su aporte y liderazgo son fundamentales para el éxito del equipo.,2026-09-02 20:31:31
710,18,Patricia Aguilar,Maestro,28,Natalia Reyes,Maestro,Humanidades,2022-02-09,Subordinado,5,Puntualidad y Compromiso,"Cumplimiento oportuno de horarios, compromisos laborales y adhesión a los valores institucionales.",4,Muestra compromiso con sus funciones y mantiene buena comunicación.,2026-09-13 00:31:31
711,29,Alejandro Ruiz,Maestro,29,Alejandro Ruiz,Maestro,Idiomas,2022-10-22,Autoevaluación,1,Liderazgo,"Capacidad para guiar, motivar e inspirar a equipos hacia el logro de metas institucionales.",5,"Excelente manejo de sus responsabilidades, supera constantemente las expectativas.",2026-09-21 21:31:31
712,29,Alejandro Ruiz,Maestro,29,Alejandro Ruiz,Maestro,Idiomas,2022-10-22,Autoevaluación,2,Comunicación Efectiva,"Habilidad para transmitir ideas con claridad, asertividad y escuchar de forma activa.",3,"Desempeño aceptable en sus funciones habituales, dentro del promedio esperado.",2026-08-31 20:31:31
713,29,Alejandro Ruiz,Maestro,29,Alejandro Ruiz,Maestro,Idiomas,2022-10-22,Autoevaluación,3,Pedagogía y Gestión,Dominio metodológico en el aula y eficiencia en la gestión de procesos académicos/administrativos.,4,Buen trabajo colaborativo con apertura a sugerencias de mejora.,2026-09-13 18:31:31
714,29,Alejandro Ruiz,Maestro,29,Alejandro Ruiz,Maestro,Idiomas,2022-10-22,Autoevaluación,4,Trabajo en Equipo,"Disposición para colaborar de manera empática, respetuosa y proactiva con compañeros de trabajo.",3,"Generalmente puntual, con oportunidades de optimizar sus tiempos de respuesta.",2026-09-03 01:31:31
715,29,Alejandro Ruiz,Maestro,29,Alejandro Ruiz,Maestro,Idiomas,2022-10-22,Autoevaluación,5,Puntualidad y Compromiso,"Cumplimiento oportuno de horarios, compromisos laborales y adhesión a los valores institucionales.",4,"Muy buen desempeño general, cumple de forma constante con los objetivos.",2026-09-18 02:31:31
716,1,Dra. Beatriz Villaseñor,Directivo,29,Alejandro Ruiz,Maestro,Idiomas,2022-10-22,Jefe,1,Liderazgo,"Capacidad para guiar, motivar e inspirar a equipos hacia el logro de metas institucionales.",4,Muestra compromiso con sus funciones y mantiene buena comunicación.,2026-09-06 21:31:31
717,1,Dra. Beatriz Villaseñor,Directivo,29,Alejandro Ruiz,Maestro,Idiomas,2022-10-22,Jefe,2,Comunicación Efectiva,"Habilidad para transmitir ideas con claridad, asertividad y escuchar de forma activa.",3,"Su comunicación es adecuada, pero a veces falta mayor seguimiento a los compromisos.",2026-09-10 00:31:31
718,1,Dra. Beatriz Villaseñor,Directivo,29,Alejandro Ruiz,Maestro,Idiomas,2022-10-22,Jefe,3,Pedagogía y Gestión,Dominio metodológico en el aula y eficiencia en la gestión de procesos académicos/administrativos.,5,Demuestra un desempeño sobresaliente y es un referente positivo en la institución.,2026-09-05 19:31:31
719,1,Dra. Beatriz Villaseñor,Directivo,29,Alejandro Ruiz,Maestro,Idiomas,2022-10-22,Jefe,4,Trabajo en Equipo,"Disposición para colaborar de manera empática, respetuosa y proactiva con compañeros de trabajo.",3,"Cumple con lo requerido, aunque podría mostrar mayor iniciativa en ciertos proyectos.",2026-09-14 00:31:31
720,1,Dra. Beatriz Villaseñor,Directivo,29,Alejandro Ruiz,Maestro,Idiomas,2022-10-22,Jefe,5,Puntualidad y Compromiso,"Cumplimiento oportuno de horarios, compromisos laborales y adhesión a los valores institucionales.",3,"Desempeño aceptable en sus funciones habituales, dentro del promedio esperado.",2026-09-16 22:31:31
721,17,Javier Morales,Maestro,29,Alejandro Ruiz,Maestro,Idiomas,2022-10-22,Par,1,Liderazgo,"Capacidad para guiar, motivar e inspirar a equipos hacia el logro de metas institucionales.",3,"Desempeño aceptable en sus funciones habituales, dentro del promedio esperado.",2026-09-01 19:31:31
722,17,Javier Morales,Maestro,29,Alejandro Ruiz,Maestro,Idiomas,2022-10-22,Par,2,Comunicación Efectiva,"Habilidad para transmitir ideas con claridad, asertividad y escuchar de forma activa.",4,Buen trabajo colaborativo con apertura a sugerencias de mejora.,2026-09-22 02:31:31
723,17,Javier Morales,Maestro,29,Alejandro Ruiz,Maestro,Idiomas,2022-10-22,Par,3,Pedagogía y Gestión,Dominio metodológico en el aula y eficiencia en la gestión de procesos académicos/administrativos.,5,Su aporte y liderazgo son fundamentales para el éxito del equipo.,2026-09-03 18:31:31
724,17,Javier Morales,Maestro,29,Alejandro Ruiz,Maestro,Idiomas,2022-10-22,Par,4,Trabajo en Equipo,"Disposición para colaborar de manera empática, respetuosa y proactiva con compañeros de trabajo.",4,Muestra compromiso con sus funciones y mantiene buena comunicación.,2026-09-10 23:31:31
725,17,Javier Morales,Maestro,29,Alejandro Ruiz,Maestro,Idiomas,2022-10-22,Par,5,Puntualidad y Compromiso,"Cumplimiento oportuno de horarios, compromisos laborales y adhesión a los valores institucionales.",3,"Su comunicación es adecuada, pero a veces falta mayor seguimiento a los compromisos.",2026-09-04 17:31:31
726,25,Guillermo Peña,Maestro,29,Alejandro Ruiz,Maestro,Idiomas,2022-10-22,Par,1,Liderazgo,"Capacidad para guiar, motivar e inspirar a equipos hacia el logro de metas institucionales.",4,Maneja adecuadamente los grupos y demuestra sólido conocimiento en su área.,2026-09-14 01:31:31
727,25,Guillermo Peña,Maestro,29,Alejandro Ruiz,Maestro,Idiomas,2022-10-22,Par,2,Comunicación Efectiva,"Habilidad para transmitir ideas con claridad, asertividad y escuchar de forma activa.",4,Maneja adecuadamente los grupos y demuestra sólido conocimiento en su área.,2026-09-02 19:31:31
728,25,Guillermo Peña,Maestro,29,Alejandro Ruiz,Maestro,Idiomas,2022-10-22,Par,3,Pedagogía y Gestión,Dominio metodológico en el aula y eficiencia en la gestión de procesos académicos/administrativos.,3,"Desempeño aceptable en sus funciones habituales, dentro del promedio esperado.",2026-08-30 17:31:31
729,25,Guillermo Peña,Maestro,29,Alejandro Ruiz,Maestro,Idiomas,2022-10-22,Par,4,Trabajo en Equipo,"Disposición para colaborar de manera empática, respetuosa y proactiva con compañeros de trabajo.",4,Muestra compromiso con sus funciones y mantiene buena comunicación.,2026-09-05 23:31:31
730,25,Guillermo Peña,Maestro,29,Alejandro Ruiz,Maestro,Idiomas,2022-10-22,Par,5,Puntualidad y Compromiso,"Cumplimiento oportuno de horarios, compromisos laborales y adhesión a los valores institucionales.",2,Le cuesta trabajo integrarse en actividades colaborativas de su departamento.,2026-09-20 18:31:31
731,30,Lorena Benítez,Maestro,29,Alejandro Ruiz,Maestro,Idiomas,2022-10-22,Subordinado,1,Liderazgo,"Capacidad para guiar, motivar e inspirar a equipos hacia el logro de metas institucionales.",4,"Muy buen desempeño general, cumple de forma constante con los objetivos.",2026-09-06 00:31:31
732,30,Lorena Benítez,Maestro,29,Alejandro Ruiz,Maestro,Idiomas,2022-10-22,Subordinado,2,Comunicación Efectiva,"Habilidad para transmitir ideas con claridad, asertividad y escuchar de forma activa.",4,"Muy buen desempeño general, cumple de forma constante con los objetivos.",2026-09-24 22:31:31
733,30,Lorena Benítez,Maestro,29,Alejandro Ruiz,Maestro,Idiomas,2022-10-22,Subordinado,3,Pedagogía y Gestión,Dominio metodológico en el aula y eficiencia en la gestión de procesos académicos/administrativos.,4,Entregas oportunas y buena disposición frente a nuevos retos.,2026-09-12 23:31:31
734,30,Lorena Benítez,Maestro,29,Alejandro Ruiz,Maestro,Idiomas,2022-10-22,Subordinado,4,Trabajo en Equipo,"Disposición para colaborar de manera empática, respetuosa y proactiva con compañeros de trabajo.",4,Maneja adecuadamente los grupos y demuestra sólido conocimiento en su área.,2026-09-20 23:31:31
735,30,Lorena Benítez,Maestro,29,Alejandro Ruiz,Maestro,Idiomas,2022-10-22,Subordinado,5,Puntualidad y Compromiso,"Cumplimiento oportuno de horarios, compromisos laborales y adhesión a los valores institucionales.",4,Buen trabajo colaborativo con apertura a sugerencias de mejora.,2026-09-13 19:31:31
736,30,Lorena Benítez,Maestro,30,Lorena Benítez,Maestro,Tecnología e Informática,2024-03-07,Autoevaluación,1,Liderazgo,"Capacidad para guiar, motivar e inspirar a equipos hacia el logro de metas institucionales.",4,"Muy buen desempeño general, cumple de forma constante con los objetivos.",2026-09-19 02:31:31
737,30,Lorena Benítez,Maestro,30,Lorena Benítez,Maestro,Tecnología e Informática,2024-03-07,Autoevaluación,2,Comunicación Efectiva,"Habilidad para transmitir ideas con claridad, asertividad y escuchar de forma activa.",3,"Mantiene un ritmo constante, recomendable reforzar habilidades en esta área.",2026-09-13 01:31:31
738,30,Lorena Benítez,Maestro,30,Lorena Benítez,Maestro,Tecnología e Informática,2024-03-07,Autoevaluación,3,Pedagogía y Gestión,Dominio metodológico en el aula y eficiencia en la gestión de procesos académicos/administrativos.,3,"Mantiene un ritmo constante, recomendable reforzar habilidades en esta área.",2026-08-31 18:31:31
739,30,Lorena Benítez,Maestro,30,Lorena Benítez,Maestro,Tecnología e Informática,2024-03-07,Autoevaluación,4,Trabajo en Equipo,"Disposición para colaborar de manera empática, respetuosa y proactiva con compañeros de trabajo.",3,"Cumple con lo requerido, aunque podría mostrar mayor iniciativa en ciertos proyectos.",2026-09-20 01:31:31
740,30,Lorena Benítez,Maestro,30,Lorena Benítez,Maestro,Tecnología e Informática,2024-03-07,Autoevaluación,5,Puntualidad y Compromiso,"Cumplimiento oportuno de horarios, compromisos laborales y adhesión a los valores institucionales.",4,Muestra compromiso con sus funciones y mantiene buena comunicación.,2026-09-20 01:31:31
741,1,Dra. Beatriz Villaseñor,Directivo,30,Lorena Benítez,Maestro,Tecnología e Informática,2024-03-07,Jefe,1,Liderazgo,"Capacidad para guiar, motivar e inspirar a equipos hacia el logro de metas institucionales.",4,Entregas oportunas y buena disposición frente a nuevos retos.,2026-09-25 00:31:31
742,1,Dra. Beatriz Villaseñor,Directivo,30,Lorena Benítez,Maestro,Tecnología e Informática,2024-03-07,Jefe,2,Comunicación Efectiva,"Habilidad para transmitir ideas con claridad, asertividad y escuchar de forma activa.",3,"Generalmente puntual, con oportunidades de optimizar sus tiempos de respuesta.",2026-09-15 22:31:31
743,1,Dra. Beatriz Villaseñor,Directivo,30,Lorena Benítez,Maestro,Tecnología e Informática,2024-03-07,Jefe,3,Pedagogía y Gestión,Dominio metodológico en el aula y eficiencia en la gestión de procesos académicos/administrativos.,4,Muestra compromiso con sus funciones y mantiene buena comunicación.,2026-08-30 21:31:31
744,1,Dra. Beatriz Villaseñor,Directivo,30,Lorena Benítez,Maestro,Tecnología e Informática,2024-03-07,Jefe,4,Trabajo en Equipo,"Disposición para colaborar de manera empática, respetuosa y proactiva con compañeros de trabajo.",4,Maneja adecuadamente los grupos y demuestra sólido conocimiento en su área.,2026-09-15 22:31:31
745,1,Dra. Beatriz Villaseñor,Directivo,30,Lorena Benítez,Maestro,Tecnología e Informática,2024-03-07,Jefe,5,Puntualidad y Compromiso,"Cumplimiento oportuno de horarios, compromisos laborales y adhesión a los valores institucionales.",5,Demuestra un desempeño sobresaliente y es un referente positivo en la institución.,2026-09-06 20:31:31
746,19,Gabriel Castro,Maestro,30,Lorena Benítez,Maestro,Tecnología e Informática,2024-03-07,Par,1,Liderazgo,"Capacidad para guiar, motivar e inspirar a equipos hacia el logro de metas institucionales.",4,"Muy buen desempeño general, cumple de forma constante con los objetivos.",2026-09-23 20:31:31
747,19,Gabriel Castro,Maestro,30,Lorena Benítez,Maestro,Tecnología e Informática,2024-03-07,Par,2,Comunicación Efectiva,"Habilidad para transmitir ideas con claridad, asertividad y escuchar de forma activa.",2,Es necesario mejorar la claridad en la transmisión de instrucciones o reportes.,2026-09-10 19:31:31
748,19,Gabriel Castro,Maestro,30,Lorena Benítez,Maestro,Tecnología e Informática,2024-03-07,Par,3,Pedagogía y Gestión,Dominio metodológico en el aula y eficiencia en la gestión de procesos académicos/administrativos.,3,"Cumple con lo requerido, aunque podría mostrar mayor iniciativa en ciertos proyectos.",2026-09-07 02:31:31
749,19,Gabriel Castro,Maestro,30,Lorena Benítez,Maestro,Tecnología e Informática,2024-03-07,Par,4,Trabajo en Equipo,"Disposición para colaborar de manera empática, respetuosa y proactiva con compañeros de trabajo.",3,"Su comunicación es adecuada, pero a veces falta mayor seguimiento a los compromisos.",2026-09-17 17:31:31
750,19,Gabriel Castro,Maestro,30,Lorena Benítez,Maestro,Tecnología e Informática,2024-03-07,Par,5,Puntualidad y Compromiso,"Cumplimiento oportuno de horarios, compromisos laborales y adhesión a los valores institucionales.",4,Buen trabajo colaborativo con apertura a sugerencias de mejora.,2026-09-18 02:31:31
751,28,Natalia Reyes,Maestro,30,Lorena Benítez,Maestro,Tecnología e Informática,2024-03-07,Par,1,Liderazgo,"Capacidad para guiar, motivar e inspirar a equipos hacia el logro de metas institucionales.",5,Gran capacidad resolutiva y trato sumamente profesional con todos.,2026-09-16 21:31:31
752,28,Natalia Reyes,Maestro,30,Lorena Benítez,Maestro,Tecnología e Informática,2024-03-07,Par,2,Comunicación Efectiva,"Habilidad para transmitir ideas con claridad, asertividad y escuchar de forma activa.",5,"Excelente manejo de sus responsabilidades, supera constantemente las expectativas.",2026-09-14 17:31:31
753,28,Natalia Reyes,Maestro,30,Lorena Benítez,Maestro,Tecnología e Informática,2024-03-07,Par,3,Pedagogía y Gestión,Dominio metodológico en el aula y eficiencia en la gestión de procesos académicos/administrativos.,4,Muestra compromiso con sus funciones y mantiene buena comunicación.,2026-08-31 01:31:31
754,28,Natalia Reyes,Maestro,30,Lorena Benítez,Maestro,Tecnología e Informática,2024-03-07,Par,4,Trabajo en Equipo,"Disposición para colaborar de manera empática, respetuosa y proactiva con compañeros de trabajo.",4,Maneja adecuadamente los grupos y demuestra sólido conocimiento en su área.,2026-08-30 22:31:31
755,28,Natalia Reyes,Maestro,30,Lorena Benítez,Maestro,Tecnología e Informática,2024-03-07,Par,5,Puntualidad y Compromiso,"Cumplimiento oportuno de horarios, compromisos laborales y adhesión a los valores institucionales.",4,Muestra compromiso con sus funciones y mantiene buena comunicación.,2026-09-09 19:31:31
756,9,Gonzalo Ibáñez,Administrativo,30,Lorena Benítez,Maestro,Tecnología e Informática,2024-03-07,Subordinado,1,Liderazgo,"Capacidad para guiar, motivar e inspirar a equipos hacia el logro de metas institucionales.",4,Buen trabajo colaborativo con apertura a sugerencias de mejora.,2026-08-31 17:31:31
757,9,Gonzalo Ibáñez,Administrativo,30,Lorena Benítez,Maestro,Tecnología e Informática,2024-03-07,Subordinado,2,Comunicación Efectiva,"Habilidad para transmitir ideas con claridad, asertividad y escuchar de forma activa.",3,"Desempeño aceptable en sus funciones habituales, dentro del promedio esperado.",2026-09-15 22:31:31
758,9,Gonzalo Ibáñez,Administrativo,30,Lorena Benítez,Maestro,Tecnología e Informática,2024-03-07,Subordinado,3,Pedagogía y Gestión,Dominio metodológico en el aula y eficiencia en la gestión de procesos académicos/administrativos.,4,Buen trabajo colaborativo con apertura a sugerencias de mejora.,2026-09-21 23:31:31
759,9,Gonzalo Ibáñez,Administrativo,30,Lorena Benítez,Maestro,Tecnología e Informática,2024-03-07,Subordinado,4,Trabajo en Equipo,"Disposición para colaborar de manera empática, respetuosa y proactiva con compañeros de trabajo.",3,"Cumple con lo requerido, aunque podría mostrar mayor iniciativa en ciertos proyectos.",2026-09-22 23:31:31
760,9,Gonzalo Ibáñez,Administrativo,30,Lorena Benítez,Maestro,Tecnología e Informática,2024-03-07,Subordinado,5,Puntualidad y Compromiso,"Cumplimiento oportuno de horarios, compromisos laborales y adhesión a los valores institucionales.",4,Maneja adecuadamente los grupos y demuestra sólido conocimiento en su área.,2026-09-19 22:31:31
